facility_id,name,city,latitude,longitude,label,factory_screen_score
110001736998,MAXWELL HOUSE COFFEE DIVISION,Jacksonville,30.324648,-81.647913,1,0.7939582773232879
110002102634,"SWISHER INTERNATIONAL, INC.",Jacksonville,30.35366,-81.64669,1,0.6850510830577617
110000361938,OWENS CORNING JACKSONVILLE ROOFING ASPHALT PLANT,Jacksonville,30.336691,-81.629304,1,0.9690001122422822
110039071660,CERTAINTEED GYPSUM & CEILINGS MANUFACTURING INC,Jacksonville,30.39399,-81.56039,1,0.7496589943911974
110000361965,SYMRISE JACKSONVILLE FACILITY,Jacksonville,30.380131,-81.664313,1,0.8721828668917361
110000759527,WESTROCK CP LLC,Jacksonville,30.420643,-81.600565,1,0.5634780688864907
110000361885,FMC CORP,Jacksonville,30.340102,-81.631472,1,0.3333760985319841
110070790439,COLLINS AEROSPACE - BUSCH,Jacksonville,30.426491,-81.635908,1,0.3752335430426718
110000492173,EASTMAN KODAK - KODAK PARK,Rochester,43.197788,-77.629836,1,0.7190383802748493
110000774895,BAUSCH & LOMB INC,Rochester,43.180062,-77.571981,1,0.9188902318944393
110009479466,ARCONIC,Rochester,43.153172,-77.668197,1,0.7146809276310949
110009465293,ARNOLD MAGNETIC TECHNOLOGIES CORPORATION,Rochester,43.12112,-77.50504,1,0.2682597998352699
110000328155,PFAUDLER INC,Rochester,43.147681,-77.668689,1,0.5622902398644939
110000848673,AMETEK INC,Rochester,43.1647,-77.59153,1,0.743120523053684
110001134843,DAVENPORT MACHINE,Rochester,43.15339,-77.643933,1,0.8861591480618063
110039496774,"HARRIS CORPORATION, RF COMMUNICATIONS DIVISION",Rochester,43.150751,-77.560389,1,0.5731743176969563
110050297717,FORD MOTOR CO ROUGE COMPLEX,Detroit,42.3025,-83.154167,1,0.9270550339688135
110060497001,CLEVELAND-CLIFFS STEEL CORP - DEARBORN WORKS,Detroit,42.301742,-83.162934,1,0.9455061842377174
110000494019,BASF CORP  - WYANDOTTE FACILITY,Detroit,42.21712,-83.15026,1,0.5944028319570163
110000407202,DETROIT DIESEL CORPORATION,Detroit,42.37642,-83.26104,1,0.21505459994874643
110000406622,COCA-COLA BOTTLING CO OF MICHIGAN,Detroit,42.34446,-83.12557,1,0.6766424111508978
110008058369,CARMEUSE LIME AND STONE RIVER ROUGE OPERATION,Detroit,42.2774,-83.128,1,0.7468907197089245
110001841552,CROWN ENAMELING PRODUCTS INC,Detroit,42.38208,-83.21787,1,0.7291308253351625
110000614470,ST MARYS CEMENT,Detroit,42.293126,-83.129359,1,0.5621740013949501
