facility_id,name,city,label,site_type,partition
110001736998,MAXWELL HOUSE COFFEE DIVISION,Jacksonville,1,EPA TRI industrial facility,test
110002102634,"SWISHER INTERNATIONAL, INC.",Jacksonville,1,EPA TRI industrial facility,train
110000361938,OWENS CORNING JACKSONVILLE ROOFING ASPHALT PLANT,Jacksonville,1,EPA TRI industrial facility,test
110039071660,CERTAINTEED GYPSUM & CEILINGS MANUFACTURING INC,Jacksonville,1,EPA TRI industrial facility,train
110000361965,SYMRISE JACKSONVILLE FACILITY,Jacksonville,1,EPA TRI industrial facility,train
110000759527,WESTROCK CP LLC,Jacksonville,1,EPA TRI industrial facility,train
110000361885,FMC CORP,Jacksonville,1,EPA TRI industrial facility,train
110070790439,COLLINS AEROSPACE - BUSCH,Jacksonville,1,EPA TRI industrial facility,train
OSM_relation_3216452,Bishop Kenny High School,Jacksonville,0,OSM school comparison,test
OSM_relation_6479663,Sandalwood High School,Jacksonville,0,OSM school comparison,train
OSM_way_840423375,Douglas Anderson School of the Arts,Jacksonville,0,OSM school comparison,test
OSM_relation_8301075,Episcopal School of Jacksonville,Jacksonville,0,OSM school comparison,train
OSM_relation_13612455,North Shore Elementary School,Jacksonville,0,OSM school comparison,train
OSM_relation_8297809,The Bolles School: Middle School Bartram Campus,Jacksonville,0,OSM school comparison,train
OSM_relation_14751695,Springfield Middle School,Jacksonville,0,OSM school comparison,train
OSM_relation_13627240,Jackson High School,Jacksonville,0,OSM school comparison,train
110000492173,EASTMAN KODAK - KODAK PARK,Rochester,1,EPA TRI industrial facility,test
110000774895,BAUSCH & LOMB INC,Rochester,1,EPA TRI industrial facility,train
110009479466,ARCONIC,Rochester,1,EPA TRI industrial facility,test
110009465293,ARNOLD MAGNETIC TECHNOLOGIES CORPORATION,Rochester,1,EPA TRI industrial facility,train
110000328155,PFAUDLER INC,Rochester,1,EPA TRI industrial facility,train
110000848673,AMETEK INC,Rochester,1,EPA TRI industrial facility,train
110001134843,DAVENPORT MACHINE,Rochester,1,EPA TRI industrial facility,train
110039496774,"HARRIS CORPORATION, RF COMMUNICATIONS DIVISION",Rochester,1,EPA TRI industrial facility,train
OSM_way_51067264,McQuaid Jesuit High School,Rochester,0,OSM school comparison,test
OSM_way_629370856,Bishop Kearney Junior/Senior High School,Rochester,0,OSM school comparison,train
OSM_relation_13060023,Irondequoit High School,Rochester,0,OSM school comparison,train
OSM_way_26331324,Penfield High School,Rochester,0,OSM school comparison,train
OSM_way_558932596,Wilson Magnet High School,Rochester,0,OSM school comparison,test
OSM_way_1279918053,Charlotte High School,Rochester,0,OSM school comparison,train
OSM_way_1277810009,Edison Tech High School,Rochester,0,OSM school comparison,train
OSM_way_341216787,School Number 42,Rochester,0,OSM school comparison,train
110050297717,FORD MOTOR CO ROUGE COMPLEX,Detroit,1,EPA TRI industrial facility,train
110060497001,CLEVELAND-CLIFFS STEEL CORP - DEARBORN WORKS,Detroit,1,EPA TRI industrial facility,train
110000494019,BASF CORP  - WYANDOTTE FACILITY,Detroit,1,EPA TRI industrial facility,test
110000407202,DETROIT DIESEL CORPORATION,Detroit,1,EPA TRI industrial facility,train
110000406622,COCA-COLA BOTTLING CO OF MICHIGAN,Detroit,1,EPA TRI industrial facility,test
110008058369,CARMEUSE LIME AND STONE RIVER ROUGE OPERATION,Detroit,1,EPA TRI industrial facility,train
110001841552,CROWN ENAMELING PRODUCTS INC,Detroit,1,EPA TRI industrial facility,train
110000614470,ST MARYS CEMENT,Detroit,1,EPA TRI industrial facility,train
OSM_way_677186809,Gabriel Richard Catholic High School,Detroit,0,OSM school comparison,train
OSM_way_406666825,Lincoln Park High School,Detroit,0,OSM school comparison,train
OSM_relation_9589328,Experiencia Preparatory Academy,Detroit,0,OSM school comparison,train
OSM_way_445410402,Mark Twain School for Scholars,Detroit,0,OSM school comparison,train
OSM_way_640991120,Saint Cunegundis School,Detroit,0,OSM school comparison,test
OSM_node_354028164,Our Lady of Guadalupe Middle School,Detroit,0,OSM school comparison,train
OSM_way_394427305,Bedford Elementary School,Detroit,0,OSM school comparison,train
OSM_way_457657092,Ecorse Community High School,Detroit,0,OSM school comparison,test
