city,facility_id,name,date,product,scene_id,nearest_pixel_center_km,pixel_center_lat,pixel_center_lon,column_mol_m2,qa,qa_min,variable,status
Detroit,110050297717,FORD MOTOR CO ROUGE COMPLEX,2025-09-14,no2,S5P_L2_NO2____20250914T175829_20250914T180329_41049,2.2415225505828857,42.301029205322266,-83.1813735961914,5.955811502644792e-05,1.0,0.75,nitrogendioxide_tropospheric_column,coarse column pixel; no source attribution
Detroit,110060497001,CLEVELAND-CLIFFS STEEL CORP - DEARBORN WORKS,2025-09-14,no2,S5P_L2_NO2____20250914T175829_20250914T180329_41049,1.5173197984695437,42.301029205322266,-83.1813735961914,5.955811502644792e-05,1.0,0.75,nitrogendioxide_tropospheric_column,coarse column pixel; no source attribution
Detroit,110000494019,BASF CORP  - WYANDOTTE FACILITY,2025-09-14,no2,S5P_L2_NO2____20250914T175829_20250914T180329_41049,1.7770428657531738,42.20590972900391,-83.13485717773438,3.636851397459395e-05,1.0,0.75,nitrogendioxide_tropospheric_column,coarse column pixel; no source attribution
Detroit,110000407202,DETROIT DIESEL CORPORATION,2025-09-14,no2,S5P_L2_NO2____20250914T175829_20250914T180329_41049,2.8677568435668945,42.371620178222656,-83.29537200927734,3.761887273867615e-05,1.0,0.75,nitrogendioxide_tropospheric_column,coarse column pixel; no source attribution
Detroit,110000406622,COCA-COLA BOTTLING CO OF MICHIGAN,2025-09-14,no2,S5P_L2_NO2____20250914T175829_20250914T180329_41049,2.326082944869995,42.32518768310547,-83.114501953125,3.2621101127006114e-05,1.0,0.75,nitrogendioxide_tropospheric_column,coarse column pixel; no source attribution
Detroit,110008058369,CARMEUSE LIME AND STONE RIVER ROUGE OPERATION,2025-09-14,no2,S5P_L2_NO2____20250914T175829_20250914T180329_41049,3.0211002826690674,42.27761459350586,-83.09124755859375,2.971547291963361e-05,1.0,0.75,nitrogendioxide_tropospheric_column,coarse column pixel; no source attribution
Detroit,110001841552,CROWN ENAMELING PRODUCTS INC,2025-09-14,no2,S5P_L2_NO2____20250914T175829_20250914T180329_41049,1.7609912157058716,42.39609146118164,-83.2279052734375,5.950685954303481e-05,1.0,0.75,nitrogendioxide_tropospheric_column,coarse column pixel; no source attribution
Detroit,110000614470,ST MARYS CEMENT,2025-09-14,no2,S5P_L2_NO2____20250914T175829_20250914T180329_41049,3.57463812828064,42.27761459350586,-83.09124755859375,2.971547291963361e-05,1.0,0.75,nitrogendioxide_tropospheric_column,coarse column pixel; no source attribution
Detroit,110050297717,FORD MOTOR CO ROUGE COMPLEX,2025-09-14,so2,S5P_L2_SO2____20250914T175829_20250914T180329_41049,2.2415225505828857,42.301029205322266,-83.1813735961914,-0.0001165445719379,1.0,0.5,sulfurdioxide_total_vertical_column,coarse column pixel; no source attribution
Detroit,110060497001,CLEVELAND-CLIFFS STEEL CORP - DEARBORN WORKS,2025-09-14,so2,S5P_L2_SO2____20250914T175829_20250914T180329_41049,1.5173197984695437,42.301029205322266,-83.1813735961914,-0.0001165445719379,1.0,0.5,sulfurdioxide_total_vertical_column,coarse column pixel; no source attribution
Detroit,110000494019,BASF CORP  - WYANDOTTE FACILITY,2025-09-14,so2,S5P_L2_SO2____20250914T175829_20250914T180329_41049,1.7770428657531738,42.20590972900391,-83.13485717773438,0.0001715890684863,1.0,0.5,sulfurdioxide_total_vertical_column,coarse column pixel; no source attribution
Detroit,110000407202,DETROIT DIESEL CORPORATION,2025-09-14,so2,S5P_L2_SO2____20250914T175829_20250914T180329_41049,2.8677568435668945,42.371620178222656,-83.29537200927734,0.0001512574526714,1.0,0.5,sulfurdioxide_total_vertical_column,coarse column pixel; no source attribution
Detroit,110000406622,COCA-COLA BOTTLING CO OF MICHIGAN,2025-09-14,so2,S5P_L2_SO2____20250914T175829_20250914T180329_41049,2.326082944869995,42.32518768310547,-83.114501953125,0.000594567565713,1.0,0.5,sulfurdioxide_total_vertical_column,coarse column pixel; no source attribution
Detroit,110008058369,CARMEUSE LIME AND STONE RIVER ROUGE OPERATION,2025-09-14,so2,S5P_L2_SO2____20250914T175829_20250914T180329_41049,3.0211002826690674,42.27761459350586,-83.09124755859375,-0.0004261629946995,1.0,0.5,sulfurdioxide_total_vertical_column,coarse column pixel; no source attribution
Detroit,110001841552,CROWN ENAMELING PRODUCTS INC,2025-09-14,so2,S5P_L2_SO2____20250914T175829_20250914T180329_41049,1.7609912157058716,42.39609146118164,-83.2279052734375,0.0001017506074276,1.0,0.5,sulfurdioxide_total_vertical_column,coarse column pixel; no source attribution
Detroit,110000614470,ST MARYS CEMENT,2025-09-14,so2,S5P_L2_SO2____20250914T175829_20250914T180329_41049,3.57463812828064,42.27761459350586,-83.09124755859375,-0.0004261629946995,1.0,0.5,sulfurdioxide_total_vertical_column,coarse column pixel; no source attribution
Jacksonville,110001736998,MAXWELL HOUSE COFFEE DIVISION,2025-05-16/2025-05-25,no2,,,,,,,0.75,,download pending
Jacksonville,110002102634,"SWISHER INTERNATIONAL, INC.",2025-05-16/2025-05-25,no2,,,,,,,0.75,,download pending
Jacksonville,110000361938,OWENS CORNING JACKSONVILLE ROOFING ASPHALT PLANT,2025-05-16/2025-05-25,no2,,,,,,,0.75,,download pending
Jacksonville,110039071660,CERTAINTEED GYPSUM & CEILINGS MANUFACTURING INC,2025-05-16/2025-05-25,no2,,,,,,,0.75,,download pending
Jacksonville,110000361965,SYMRISE JACKSONVILLE FACILITY,2025-05-16/2025-05-25,no2,,,,,,,0.75,,download pending
Jacksonville,110000759527,WESTROCK CP LLC,2025-05-16/2025-05-25,no2,,,,,,,0.75,,download pending
Jacksonville,110000361885,FMC CORP,2025-05-16/2025-05-25,no2,,,,,,,0.75,,download pending
Jacksonville,110070790439,COLLINS AEROSPACE - BUSCH,2025-05-16/2025-05-25,no2,,,,,,,0.75,,download pending
Jacksonville,110001736998,MAXWELL HOUSE COFFEE DIVISION,2025-05-16/2025-05-25,so2,,,,,,,0.5,,download pending
Jacksonville,110002102634,"SWISHER INTERNATIONAL, INC.",2025-05-16/2025-05-25,so2,,,,,,,0.5,,download pending
Jacksonville,110000361938,OWENS CORNING JACKSONVILLE ROOFING ASPHALT PLANT,2025-05-16/2025-05-25,so2,,,,,,,0.5,,download pending
Jacksonville,110039071660,CERTAINTEED GYPSUM & CEILINGS MANUFACTURING INC,2025-05-16/2025-05-25,so2,,,,,,,0.5,,download pending
Jacksonville,110000361965,SYMRISE JACKSONVILLE FACILITY,2025-05-16/2025-05-25,so2,,,,,,,0.5,,download pending
Jacksonville,110000759527,WESTROCK CP LLC,2025-05-16/2025-05-25,so2,,,,,,,0.5,,download pending
Jacksonville,110000361885,FMC CORP,2025-05-16/2025-05-25,so2,,,,,,,0.5,,download pending
Jacksonville,110070790439,COLLINS AEROSPACE - BUSCH,2025-05-16/2025-05-25,so2,,,,,,,0.5,,download pending
Rochester,110000492173,EASTMAN KODAK - KODAK PARK,2025-08-01/2025-08-09,no2,,,,,,,0.75,,no catalog item in image-week window
Rochester,110000774895,BAUSCH & LOMB INC,2025-08-01/2025-08-09,no2,,,,,,,0.75,,no catalog item in image-week window
Rochester,110009479466,ARCONIC,2025-08-01/2025-08-09,no2,,,,,,,0.75,,no catalog item in image-week window
Rochester,110009465293,ARNOLD MAGNETIC TECHNOLOGIES CORPORATION,2025-08-01/2025-08-09,no2,,,,,,,0.75,,no catalog item in image-week window
Rochester,110000328155,PFAUDLER INC,2025-08-01/2025-08-09,no2,,,,,,,0.75,,no catalog item in image-week window
Rochester,110000848673,AMETEK INC,2025-08-01/2025-08-09,no2,,,,,,,0.75,,no catalog item in image-week window
Rochester,110001134843,DAVENPORT MACHINE,2025-08-01/2025-08-09,no2,,,,,,,0.75,,no catalog item in image-week window
Rochester,110039496774,"HARRIS CORPORATION, RF COMMUNICATIONS DIVISION",2025-08-01/2025-08-09,no2,,,,,,,0.75,,no catalog item in image-week window
Rochester,110000492173,EASTMAN KODAK - KODAK PARK,2025-08-01/2025-08-09,so2,,,,,,,0.5,,no catalog item in image-week window
Rochester,110000774895,BAUSCH & LOMB INC,2025-08-01/2025-08-09,so2,,,,,,,0.5,,no catalog item in image-week window
Rochester,110009479466,ARCONIC,2025-08-01/2025-08-09,so2,,,,,,,0.5,,no catalog item in image-week window
Rochester,110009465293,ARNOLD MAGNETIC TECHNOLOGIES CORPORATION,2025-08-01/2025-08-09,so2,,,,,,,0.5,,no catalog item in image-week window
Rochester,110000328155,PFAUDLER INC,2025-08-01/2025-08-09,so2,,,,,,,0.5,,no catalog item in image-week window
Rochester,110000848673,AMETEK INC,2025-08-01/2025-08-09,so2,,,,,,,0.5,,no catalog item in image-week window
Rochester,110001134843,DAVENPORT MACHINE,2025-08-01/2025-08-09,so2,,,,,,,0.5,,no catalog item in image-week window
Rochester,110039496774,"HARRIS CORPORATION, RF COMMUNICATIONS DIVISION",2025-08-01/2025-08-09,so2,,,,,,,0.5,,no catalog item in image-week window
