time,pm2_5,pm10,nitrogen_dioxide,sulphur_dioxide
2026-09-01 00:00:00+00:00,10.0,18.52441295442369,24.727892280477043,28.4233600241796
2026-09-01 01:00:00+00:00,10.374024200155683,18.706802782297284,24.550959369455356,28.049775676688043
2026-09-01 02:00:00+00:00,10.74221187776357,18.846953858066758,24.334219590663764,27.675414596409674
2026-09-01 03:00:00+00:00,11.098817587258143,18.942679171069468,24.081055095859817,27.306118562793934
2026-09-01 04:00:00+00:00,11.438276615812608,18.992484959812163,23.79541643231187,26.947650316931142
2026-09-01 05:00:00+00:00,11.755291818821387,18.995594021619496,23.481760895830266,26.605603635905172
2026-09-01 06:00:00+00:00,12.044916280070002,18.95195784062181,23.144982976156996,26.28531604377297
2026-09-01 07:00:00+00:00,12.30263050670808,18.862257344829082,22.790337980090264,25.991785521286793
2026-09-01 08:00:00+00:00,12.524412954423688,18.727892280477043,22.4233600241796,25.729592514076217
2026-09-01 09:00:00+00:00,12.706802782297284,18.550959369455356,22.049775676688043,25.50282845632604
2026-09-01 10:00:00+00:00,12.846953858066758,18.334219590663764,21.675414596409674,25.31503192531425
2026-09-01 11:00:00+00:00,12.942679171069468,18.081055095859817,21.306118562793934,25.16913342309711
2026-09-01 12:00:00+00:00,12.992484959812163,17.79541643231187,20.947650316931142,25.06740964700471
2026-09-01 13:00:00+00:00,12.995594021619494,17.481760895830266,20.605603635905172,25.01144796254056
2026-09-01 14:00:00+00:00,12.95195784062181,17.144982976156996,20.28531604377297,25.002121633073866
2026-09-01 15:00:00+00:00,12.862257344829082,16.790337980090264,19.991785521286793,25.03957619285668
2026-09-01 16:00:00+00:00,12.727892280477045,16.4233600241796,19.729592514076217,25.123227176010584
2026-09-01 17:00:00+00:00,12.550959369455356,16.049775676688043,19.50282845632604,25.25176923692127
2026-09-01 18:00:00+00:00,12.334219590663764,15.675414596409675,19.31503192531425,25.423196519720225
2026-09-01 19:00:00+00:00,12.081055095859815,15.306118562793934,19.16913342309711,25.63483395899471
2026-09-01 20:00:00+00:00,11.79541643231187,14.94765031693114,19.06740964700471,25.883379023288825
2026-09-01 21:00:00+00:00,11.481760895830268,14.605603635905172,19.01144796254056,26.164953250002306
2026-09-01 22:00:00+00:00,11.144982976156996,14.28531604377297,19.002121633073866,26.475162767502226
2026-09-01 23:00:00+00:00,10.790337980090262,13.991785521286792,19.03957619285668,26.80916686002026
2026-09-02 00:00:00+00:00,10.423360024179601,13.729592514076217,19.123227176010584,27.161753505403222
2026-09-02 01:00:00+00:00,10.049775676688043,13.50282845632604,19.25176923692127,27.527420706975573
2026-09-02 02:00:00+00:00,9.675414596409675,13.31503192531425,19.423196519720225,27.90046235035733
2026-09-02 03:00:00+00:00,9.306118562793934,13.169133423097112,19.63483395899471,28.275057245470535
2026-09-02 04:00:00+00:00,8.94765031693114,13.067409647004709,19.883379023288825,28.645359964263445
2026-09-02 05:00:00+00:00,8.605603635905172,13.011447962540561,20.164953250002306,29.005592056660255
2026-09-02 06:00:00+00:00,8.28531604377297,13.002121633073866,20.475162767502226,29.350132221341852
2026-09-02 07:00:00+00:00,7.991785521286792,13.039576192856677,20.80916686002026,29.67360402427282
2026-09-02 08:00:00+00:00,7.729592514076216,13.123227176010584,21.161753505403222,29.970959796156368
2026-09-02 09:00:00+00:00,7.502828456326038,13.25176923692127,21.527420706975573,30.23755939962546
2026-09-02 10:00:00+00:00,7.3150319253142495,13.423196519720225,21.90046235035733,30.469242637034515
2026-09-02 11:00:00+00:00,7.169133423097112,13.634833958994712,22.275057245470535,30.662394168952225
2026-09-02 12:00:00+00:00,7.067409647004709,13.883379023288825,22.645359964263445,30.813999930324215
2026-09-02 13:00:00+00:00,7.011447962540562,14.164953250002304,23.005592056660255,30.92169416395014
2026-09-02 14:00:00+00:00,7.002121633073866,14.475162767502225,23.350132221341852,30.98379633733353
2026-09-02 15:00:00+00:00,7.039576192856677,14.809166860020259,23.67360402427282,30.999337366829348
2026-09-02 16:00:00+00:00,7.123227176010585,15.161753505403222,23.970959796156368,30.968074739870147
2026-09-02 17:00:00+00:00,7.25176923692127,15.52742070697557,24.23755939962546,30.890496299293563
2026-09-02 18:00:00+00:00,7.423196519720224,15.90046235035733,24.469242637034515,30.76781263071802
2026-09-02 19:00:00+00:00,7.634833958994711,16.275057245470535,24.662394168952225,30.60193817175902
2026-09-02 20:00:00+00:00,7.883379023288825,16.645359964263445,24.813999930324215,30.395461337870472
2026-09-02 21:00:00+00:00,8.164953250002304,17.005592056660255,24.92169416395014,30.151604130987238
2026-09-02 22:00:00+00:00,8.475162767502225,17.350132221341852,24.98379633733353,29.874171861262578
2026-09-02 23:00:00+00:00,8.809166860020259,17.67360402427282,24.999337366829348,29.56749376647592
2026-09-03 00:00:00+00:00,9.161753505403222,17.970959796156368,24.968074739870147,29.23635545572527
2026-09-03 01:00:00+00:00,9.52742070697557,18.23755939962546,24.890496299293563,28.885924231597812
2026-09-03 02:00:00+00:00,9.90046235035733,18.469242637034515,24.76781263071802,28.5216684561413
2026-09-03 03:00:00+00:00,10.275057245470533,18.662394168952225,24.60193817175902,28.149272218903235
2026-09-03 04:00:00+00:00,10.645359964263447,18.813999930324215,24.395461337870472,27.774546638614574
2026-09-03 05:00:00+00:00,11.005592056660257,18.92169416395014,24.151604130987238,27.403339182625498
2026-09-03 06:00:00+00:00,11.350132221341852,18.98379633733353,23.874171861262578,27.04144241913318
2026-09-03 07:00:00+00:00,11.673604024272821,18.999337366829348,23.56749376647592,26.694503626092402
2026-09-03 08:00:00+00:00,11.970959796156368,18.968074739870147,23.23635545572527,26.36793666733189
2026-09-03 09:00:00+00:00,12.237559399625463,18.890496299293563,22.885924231597812,26.06683751101995
2026-09-03 10:00:00+00:00,12.469242637034517,18.76781263071802,22.5216684561413,25.795904708785613
2026-09-03 11:00:00+00:00,12.662394168952225,18.60193817175902,22.149272218903235,25.559366076391925
2026-09-03 12:00:00+00:00,12.813999930324217,18.395461337870472,21.774546638614574,25.36091272008499
2026-09-03 13:00:00+00:00,12.92169416395014,18.151604130987238,21.403339182625498,25.20364143811554
2026-09-03 14:00:00+00:00,12.983796337333528,17.874171861262578,21.04144241913318,25.090006396237964
2026-09-03 15:00:00+00:00,12.999337366829348,17.56749376647592,20.694503626092402,25.02178083127454
2026-09-03 16:00:00+00:00,12.968074739870145,17.23635545572527,20.36793666733189,25.00002938034789
2026-09-03 17:00:00+00:00,12.890496299293565,16.885924231597812,20.06683751101995,25.02509146757476
2026-09-03 18:00:00+00:00,12.767812630718021,16.5216684561413,19.795904708785613,25.096576007466215
2026-09-03 19:00:00+00:00,12.60193817175902,16.149272218903235,19.559366076391925,25.213367507685867
2026-09-03 20:00:00+00:00,12.39546133787047,15.774546638614572,19.36091272008499,25.373643475934713
2026-09-03 21:00:00+00:00,12.151604130987238,15.4033391826255,19.20364143811554,25.574902859333925
2026-09-03 22:00:00+00:00,11.874171861262578,15.04144241913318,19.090006396237964,25.81400507251849
2026-09-03 23:00:00+00:00,11.567493766475922,14.694503626092404,19.02178083127454,26.087219005421474
2026-09-04 00:00:00+00:00,11.23635545572527,14.367936667331891,19.00002938034789,26.390281245998693
2026-09-04 01:00:00+00:00,10.885924231597812,14.066837511019951,19.02509146757476,26.718462609347732
2026-09-04 02:00:00+00:00,10.5216684561413,13.795904708785613,19.096576007466215,27.06664193505662
2026-09-04 03:00:00+00:00,10.149272218903237,13.559366076391923,19.213367507685867,27.429386001199262
2026-09-04 04:00:00+00:00,9.774546638614572,13.36091272008499,19.373643475934713,27.8010343079464
2026-09-04 05:00:00+00:00,9.4033391826255,13.20364143811554,19.574902859333925,28.175787407772233
2026-09-04 06:00:00+00:00,9.04144241913318,13.090006396237964,19.81400507251849,28.5477974038934
2026-09-04 07:00:00+00:00,8.694503626092404,13.02178083127454,20.087219005421474,28.9112592047424
2026-09-04 08:00:00+00:00,8.367936667331891,13.00002938034789,20.390281245998693,29.26050111047992
2026-09-04 09:00:00+00:00,8.066837511019951,13.025091467574763,20.718462609347732,29.590073317973918
2026-09-04 10:00:00+00:00,7.7959047087856135,13.096576007466215,21.06664193505662,29.894832963154716
2026-09-04 11:00:00+00:00,7.559366076391923,13.213367507685867,21.429386001199262,30.170024373688776
2026-09-04 12:00:00+00:00,7.36091272008499,13.373643475934713,21.8010343079464,30.41135327965486
2026-09-04 13:00:00+00:00,7.20364143811554,13.574902859333923,22.175787407772233,30.615053824189918
2026-09-04 14:00:00+00:00,7.090006396237964,13.81400507251849,22.5477974038934,30.77794732842588
2026-09-04 15:00:00+00:00,7.0217808312745404,14.087219005421476,22.9112592047424,30.897491893710296
2026-09-04 16:00:00+00:00,7.00002938034789,14.390281245998695,23.26050111047992,30.97182206708461
2026-09-04 17:00:00+00:00,7.025091467574763,14.71846260934773,23.590073317973918,30.99977795105369
2026-09-04 18:00:00+00:00,7.096576007466216,15.066641935056618,23.894832963154716,30.98092330339829
2026-09-04 19:00:00+00:00,7.213367507685866,15.429386001199262,24.170024373688776,30.91555234458896
2026-09-04 20:00:00+00:00,7.373643475934714,15.801034307946399,24.41135327965486,30.80468516657405
2026-09-04 21:00:00+00:00,7.574902859333923,16.175787407772233,24.615053824189918,30.650051814585986
2026-09-04 22:00:00+00:00,7.81400507251849,16.5477974038934,24.77794732842588,30.45406529036408
2026-09-04 23:00:00+00:00,8.087219005421476,16.9112592047424,24.897491893710296,30.21978389806943
2026-09-05 00:00:00+00:00,8.390281245998695,17.26050111047992,24.97182206708461,29.95086352047135
2026-09-05 01:00:00+00:00,8.71846260934773,17.590073317973918,24.99977795105369,29.65150057011951
2026-09-05 02:00:00+00:00,9.066641935056618,17.894832963154716,24.98092330339829,29.326366505729617
2026-09-05 03:00:00+00:00,9.429386001199262,18.170024373688776,24.91555234458896,28.980534935632576
2026-09-05 04:00:00+00:00,9.801034307946399,18.41135327965486,24.80468516657405,28.61940244581339
2026-09-05 05:00:00+00:00,10.175787407772233,18.615053824189918,24.650051814585986,28.248604387991794
2026-09-05 06:00:00+00:00,10.547797403893401,18.77794732842588,24.45406529036408,27.87392694184348
2026-09-05 07:00:00+00:00,10.9112592047424,18.897491893710296,24.21978389806943,27.501216823601467
2026-09-05 08:00:00+00:00,11.260501110479922,18.97182206708461,23.95086352047135,27.136290050004803
2026-09-05 09:00:00+00:00,11.590073317973918,18.99977795105369,23.65150057011951,26.784841181302546
2026-09-05 10:00:00+00:00,11.894832963154716,18.98092330339829,23.326366505729617,26.45235445954567
2026-09-05 11:00:00+00:00,12.170024373688776,18.91555234458896,22.980534935632576,26.144018228824137
2026-09-05 12:00:00+00:00,12.411353279654863,18.80468516657405,22.61940244581339,25.86464397289263
2026-09-05 13:00:00+00:00,12.615053824189918,18.650051814585986,22.248604387991794,25.618591233575824
2026-09-05 14:00:00+00:00,12.777947328425881,18.45406529036408,21.87392694184348,25.409699581576284
2026-09-05 15:00:00+00:00,12.897491893710296,18.21978389806943,21.501216823601467,25.241228701257846
2026-09-05 16:00:00+00:00,12.971822067084611,17.95086352047135,21.136290050004803,25.11580752436133
2026-09-05 17:00:00+00:00,12.99977795105369,17.65150057011951,20.784841181302546,25.03539320640401
2026-09-05 18:00:00+00:00,12.980923303398288,17.326366505729617,20.45235445954567,25.00124058592235
2026-09-05 19:00:00+00:00,12.915552344588962,16.980534935632576,20.144018228824137,25.013882603136317
2026-09-05 20:00:00+00:00,12.80468516657405,16.61940244581339,19.86464397289263,25.073121983595527
2026-09-05 21:00:00+00:00,12.650051814585986,16.248604387991794,19.618591233575824,25.178034316581034
2026-09-05 22:00:00+00:00,12.454065290364083,15.873926941843477,19.409699581576284,25.32698248022544
2026-09-05 23:00:00+00:00,12.219783898069432,15.501216823601467,19.241228701257846,25.517642188252076
2026-09-06 00:00:00+00:00,11.950863520471351,15.136290050004805,19.11580752436133,25.74703825968497
2026-09-06 01:00:00+00:00,11.65150057011951,14.784841181302545,19.03539320640401,26.011591045552926
2026-09-06 02:00:00+00:00,11.326366505729618,14.452354459545672,19.00124058592235,26.307172288114433
2026-09-06 03:00:00+00:00,10.980534935632578,14.144018228824137,19.013882603136317,26.62916954093903
2026-09-06 04:00:00+00:00,10.619402445813389,13.864643972892631,19.073121983595527,26.97255814459116
2026-09-06 05:00:00+00:00,10.248604387991795,13.618591233575822,19.178034316581034,27.331979634760124
2026-09-06 06:00:00+00:00,9.873926941843477,13.409699581576284,19.32698248022544,27.701825359303456
2026-09-06 07:00:00+00:00,9.501216823601467,13.241228701257844,19.517642188252076,28.076323999387768
2026-09-06 08:00:00+00:00,9.136290050004805,13.11580752436133,19.74703825968497,28.449631628988858
2026-09-06 09:00:00+00:00,8.784841181302545,13.035393206404011,20.011591045552926,28.815922907402765
2026-09-06 10:00:00+00:00,8.452354459545672,13.001240585922348,20.307172288114433,29.169481981739136
2026-09-06 11:00:00+00:00,8.144018228824137,13.013882603136318,20.62916954093903,29.50479168089384
2026-09-06 12:00:00+00:00,7.864643972892631,13.073121983595527,20.97255814459116,29.816619609158803
2026-09-06 13:00:00+00:00,7.618591233575822,13.178034316581035,21.331979634760124,30.100099796007
2026-09-06 14:00:00+00:00,7.409699581576283,13.326982480225439,21.701825359303456,30.350808627935066
2026-09-06 15:00:00+00:00,7.241228701257844,13.517642188252074,22.076323999387768,30.564833877472505
2026-09-06 16:00:00+00:00,7.11580752436133,13.747038259684972,22.449631628988858,30.738835752182883
2026-09-06 17:00:00+00:00,7.035393206404011,14.011591045552926,22.815922907402765,30.870099011007778
2026-09-06 18:00:00+00:00,7.001240585922348,14.307172288114435,23.169481981739136,30.95657533469536
2026-09-06 19:00:00+00:00,7.013882603136318,14.629169540939033,23.50479168089384,30.996915289137238
2026-09-06 20:00:00+00:00,7.073121983595527,14.972558144591162,23.816619609158803,30.990489382836397
2026-09-06 21:00:00+00:00,7.178034316581035,15.331979634760122,24.100099796007,30.93739788991146
2026-09-06 22:00:00+00:00,7.32698248022544,15.701825359303456,24.350808627935066,30.838469285352613
2026-09-06 23:00:00+00:00,7.517642188252074,16.076323999387768,24.564833877472505,30.695247316946464
2026-09-07 00:00:00+00:00,7.747038259684972,16.449631628988858,24.738835752182883,30.509966915608167
2026-09-07 01:00:00+00:00,8.011591045552926,16.815922907402765,24.870099011007778,30.285519320031973
2026-09-07 02:00:00+00:00,8.307172288114435,17.169481981739136,24.95657533469536,30.025406959878403
2026-09-07 03:00:00+00:00,8.629169540939033,17.50479168089384,24.996915289137238,29.733688801530825
2026-09-07 04:00:00+00:00,8.972558144591162,17.816619609158803,24.990489382836397,29.41491700928259
2026-09-07 05:00:00+00:00,9.331979634760122,18.100099796007,24.93739788991146,29.07406591033574
2026-09-07 06:00:00+00:00,9.701825359303456,18.350808627935066,24.838469285352613,28.716454372088748
2026-09-07 07:00:00+00:00,10.076323999387768,18.564833877472505,24.695247316946464,28.347662802989678
2026-09-07 08:00:00+00:00,10.449631628988858,18.738835752182883,24.509966915608167,27.973446072128787
2026-09-07 09:00:00+00:00,10.815922907402767,18.870099011007778,24.285519320031973,27.599643706431138
2026-09-07 10:00:00+00:00,11.169481981739136,18.95657533469536,24.025406959878403,27.232088766792
2026-09-07 11:00:00+00:00,11.50479168089384,18.996915289137238,23.733688801530825,26.876516825112514
2026-09-07 12:00:00+00:00,11.816619609158803,18.990489382836397,23.41491700928259,26.538476462618473
2026-09-07 13:00:00+00:00,12.100099796007,18.93739788991146,23.07406591033574,26.223242686106065
2026-09-07 14:00:00+00:00,12.350808627935066,18.838469285352613,22.716454372088748,25.935734613225108
2026-09-07 15:00:00+00:00,12.564833877472505,18.695247316946464,22.347662802989678,25.68043871129334
2026-09-07 16:00:00+00:00,12.738835752182883,18.509966915608167,21.973446072128787,25.46133878747449
2026-09-07 17:00:00+00:00,12.870099011007778,18.285519320031973,21.599643706431138,25.28185382279987
2026-09-07 18:00:00+00:00,12.956575334695358,18.025406959878403,21.232088766792,25.14478462011294
2026-09-07 19:00:00+00:00,12.996915289137238,17.733688801530825,20.876516825112514,25.052270098477642
2026-09-07 20:00:00+00:00,12.990489382836397,17.41491700928259,20.538476462618473,25.00575391606181
2026-09-07 21:00:00+00:00,12.93739788991146,17.07406591033574,20.223242686106065,25.00596194233431
2026-09-07 22:00:00+00:00,12.838469285352613,16.716454372088748,19.935734613225108,25.05289093111473
2026-09-07 23:00:00+00:00,12.695247316946464,16.347662802989678,19.68043871129334,25.14580857122896
