facility_id,name,city,state,latitude,longitude,label,site_type,scene_id,valid_fraction_150m,source_url,sr_450_480,sr_480_510,sr_510_540,sr_540_570,sr_570_600,sr_600_630,sr_630_660,sr_660_690,sr_690_720,sr_720_750,sr_750_780,sr_780_810,sr_810_840,sr_840_870,sr_870_900,sr_900_930,sr_930_960,sr_960_990,sr_990_1020,sr_1020_1050,sr_1050_1080,sr_1080_1110,sr_1110_1140,sr_1140_1170,sr_1170_1200,sr_1200_1230,sr_1230_1260,sr_1260_1290,sr_1290_1320,sr_1320_1350,sr_1440_1470,sr_1470_1500,sr_1500_1530,sr_1530_1560,sr_1560_1590,sr_1590_1620,sr_1620_1650,sr_1650_1680,sr_1680_1710,sr_1710_1740,sr_1740_1770,sr_1770_1800,sr_1950_1980,sr_1980_2010,sr_2010_2040,sr_2040_2070,sr_2070_2100,sr_2100_2130,sr_2130_2160,sr_2160_2190,sr_2190_2220,sr_2220_2250,sr_2250_2280,sr_2280_2310,sr_2310_2340,sr_2340_2370,sr_2370_2400,ndvi,ndbi,mndwi
110001736998,MAXWELL HOUSE COFFEE DIVISION,Jacksonville,FL,30.324648,-81.647913,1,EPA TRI industrial facility,20250516_164837_16_4001,0.9586776859504132,https://frs-public.epa.gov/ords/frs_public2/fii_query_dtl.disp_program_facility?p_registry_id=110001736998,0.1473003327846527,0.15468230843544006,0.1661352962255478,0.18158003687858582,0.18426021933555603,0.18877631425857544,0.18837465345859528,0.18614712357521057,0.1997269243001938,0.23157048225402832,0.25835761427879333,0.262680321931839,0.2610573172569275,0.26612359285354614,0.2625633478164673,0.24931874871253967,0.23000968992710114,0.24991199374198914,0.2865939736366272,0.2927692234516144,0.29164817929267883,0.27788808941841125,0.2370971441268921,0.24514204263687134,0.269072949886322,0.29028016328811646,0.30159232020378113,0.2960163652896881,0.28225401043891907,0.2630934715270996,0.17870193719863892,0.20083236694335938,0.26489388942718506,0.2914721965789795,0.3007256090641022,0.30619552731513977,0.3096190392971039,0.30766069889068604,0.3027447462081909,0.29168784618377686,0.27781787514686584,0.22879859805107117,0.19247576594352722,0.20960593223571777,0.22439637780189514,0.2513955235481262,0.2558707594871521,0.2629350423812866,0.2651013731956482,0.263367235660553,0.2640630006790161,0.2664620876312256,0.25106048583984375,0.2333815097808838,0.21818992495536804,0.20504391193389893,0.18555867671966553,0.1948951091949014,0.07668405927840105,-0.2583048106839707
110002102634,"SWISHER INTERNATIONAL, INC.",Jacksonville,FL,30.35366,-81.64669,1,EPA TRI industrial facility,20250516_164837_16_4001,0.8099173553719008,https://frs-public.epa.gov/ords/frs_public2/fii_query_dtl.disp_program_facility?p_registry_id=110002102634,0.12569890916347504,0.1273767352104187,0.13570153713226318,0.14642086625099182,0.15093427896499634,0.15123383700847626,0.14924779534339905,0.1468992531299591,0.16487130522727966,0.21780525147914886,0.2548341751098633,0.26471784710884094,0.27017006278038025,0.27632173895835876,0.2787601351737976,0.27604910731315613,0.26345789432525635,0.26905304193496704,0.29034048318862915,0.3008842468261719,0.3058847188949585,0.3027161955833435,0.27776145935058594,0.2627497911453247,0.27313661575317383,0.2834157943725586,0.29619333148002625,0.2978314459323883,0.28976255655288696,0.2651253640651703,0.19133755564689636,0.1912350356578827,0.21546238660812378,0.22693759202957153,0.23985379934310913,0.24872349202632904,0.25468745827674866,0.25425437092781067,0.24921950697898865,0.23932410776615143,0.2310192584991455,0.2179432511329651,0.16460546851158142,0.16827017068862915,0.1732160896062851,0.18916179239749908,0.19344450533390045,0.19905595481395721,0.2007269263267517,0.2017216682434082,0.20342320203781128,0.1999780684709549,0.18719667196273804,0.177870512008667,0.17153839766979218,0.16304925084114075,0.1544003039598465,0.31657783273904566,-0.03909377713457821,-0.2632958012410804
110000361938,OWENS CORNING JACKSONVILLE ROOFING ASPHALT PLANT,Jacksonville,FL,30.336691,-81.629304,1,EPA TRI industrial facility,20250516_164837_16_4001,0.743801652892562,https://frs-public.epa.gov/ords/frs_public2/fii_query_dtl.disp_program_facility?p_registry_id=110000361938,0.18604621291160583,0.19328966736793518,0.20342379808425903,0.21415583789348602,0.22343774139881134,0.2303687036037445,0.2330487072467804,0.2322874367237091,0.24035906791687012,0.2529207468032837,0.2605963945388794,0.2638251781463623,0.264005184173584,0.26510268449783325,0.2645060420036316,0.2635101079940796,0.2604526877403259,0.2686573266983032,0.2809726297855377,0.28260254859924316,0.2819623053073883,0.2800026535987854,0.26919856667518616,0.2711631953716278,0.2791840434074402,0.2882802188396454,0.2919251024723053,0.2909393608570099,0.2874910831451416,0.28707945346832275,0.25900691747665405,0.25893568992614746,0.281578928232193,0.2900388240814209,0.2939467430114746,0.29699891805648804,0.2975202202796936,0.2957630157470703,0.2926502823829651,0.28758931159973145,0.28749215602874756,0.27245816588401794,0.24517878890037537,0.24277442693710327,0.2453419268131256,0.27407050132751465,0.278852641582489,0.2855423092842102,0.28439754247665405,0.28210169076919556,0.28096872568130493,0.27682143449783325,0.26165348291397095,0.24581192433834076,0.23394128680229187,0.22804798185825348,0.2314026951789856,0.07875656526388328,0.055880783159976126,-0.15815366184623003
110039071660,CERTAINTEED GYPSUM & CEILINGS MANUFACTURING INC,Jacksonville,FL,30.39399,-81.56039,1,EPA TRI industrial facility,20250516_164837_16_4001,0.8677685950413223,https://frs-public.epa.gov/ords/frs_public2/fii_query_dtl.disp_program_facility?p_registry_id=110039071660,0.12420321255922318,0.12756220996379852,0.13742445409297943,0.14579616487026215,0.1469121277332306,0.14803235232830048,0.14719265699386597,0.14239074289798737,0.15833885967731476,0.20860086381435394,0.2360978126525879,0.24524898827075958,0.2508980333805084,0.25537773966789246,0.25936993956565857,0.2584824860095978,0.2523137927055359,0.2578655481338501,0.27584323287010193,0.2850773334503174,0.28804248571395874,0.2870029807090759,0.2644394040107727,0.2561591863632202,0.2653827369213104,0.2757137715816498,0.2852998673915863,0.2854848802089691,0.27765220403671265,0.25783196091651917,0.17974664270877838,0.17920078337192535,0.20421230792999268,0.21686315536499023,0.22414104640483856,0.2311064600944519,0.23867098987102509,0.2392282336950302,0.23568908870220184,0.23268134891986847,0.2306799441576004,0.21329812705516815,0.16138751804828644,0.16790688037872314,0.17034460604190826,0.1890798807144165,0.19323064386844635,0.2001851350069046,0.2032374143600464,0.20232689380645752,0.2021561712026596,0.20163273811340332,0.19119934737682343,0.18186955153942108,0.17133201658725739,0.16086445748806,0.15642963349819183,0.29392027515020946,-0.02858024943120454,-0.24107335664428817
110000361965,SYMRISE JACKSONVILLE FACILITY,Jacksonville,FL,30.380131,-81.664313,1,EPA TRI industrial facility,20250516_164837_16_4001,0.950413223140496,https://frs-public.epa.gov/ords/frs_public2/fii_query_dtl.disp_program_facility?p_registry_id=110000361965,0.15019537508487701,0.15832410752773285,0.17156462371349335,0.18319259583950043,0.19282954931259155,0.19805176556110382,0.2013910859823227,0.20233066380023956,0.21203219890594482,0.2311376929283142,0.25671353936195374,0.2603652775287628,0.2611035406589508,0.26454034447669983,0.26365524530410767,0.25335070490837097,0.24247820675373077,0.256785124540329,0.28285184502601624,0.2900361120700836,0.29077813029289246,0.2799625098705292,0.2522547245025635,0.25448983907699585,0.2742106020450592,0.2922496199607849,0.29944679141044617,0.297103613615036,0.2866192162036896,0.2683769166469574,0.19004054367542267,0.20382921397686005,0.25397157669067383,0.272830992937088,0.28609439730644226,0.2898392975330353,0.2917986810207367,0.2899083197116852,0.28454238176345825,0.2782432734966278,0.2702145576477051,0.23088514804840088,0.19801734387874603,0.20397846400737762,0.21409551799297333,0.23966975510120392,0.24343986809253693,0.24935419857501984,0.24944882094860077,0.24661053717136383,0.2512277066707611,0.2507000267505646,0.23801136016845703,0.2291056513786316,0.2186361402273178,0.2084885835647583,0.19692187011241913,0.14976234689117474,0.05038807941821822,-0.22096049932092948
110000759527,WESTROCK CP LLC,Jacksonville,FL,30.420643,-81.600565,1,EPA TRI industrial facility,20250516_164837_16_4001,0.9338842975206612,https://frs-public.epa.gov/ords/frs_public2/fii_query_dtl.disp_program_facility?p_registry_id=110000759527,0.11655411869287491,0.11952365189790726,0.13020068407058716,0.1393590122461319,0.1419883817434311,0.14280174672603607,0.14146442711353302,0.13948632776737213,0.1629771590232849,0.22841064631938934,0.27249303460121155,0.28054916858673096,0.28700074553489685,0.2957785427570343,0.2977193593978882,0.2976400852203369,0.28852578997612,0.29406940937042236,0.3148777186870575,0.3253948986530304,0.33029451966285706,0.32810449600219727,0.30183497071266174,0.28156769275665283,0.2888013422489166,0.2998446524143219,0.3119974434375763,0.3131818175315857,0.30162909626960754,0.2700352966785431,0.17685572803020477,0.1861863136291504,0.21091413497924805,0.22959230840206146,0.23848867416381836,0.24511410295963287,0.2512989938259125,0.2519508898258209,0.24734561145305634,0.24088604748249054,0.23598630726337433,0.21514862775802612,0.1591416746377945,0.16802406311035156,0.1680665761232376,0.1855585128068924,0.1881158947944641,0.19229774177074432,0.1948147863149643,0.1965375691652298,0.1994626373052597,0.19721542298793793,0.18396247923374176,0.17408306896686554,0.1678316742181778,0.16167813539505005,0.1540583074092865,0.37165436789687933,-0.07943348823510023,-0.2845419437022679
110000361885,FMC CORP,Jacksonville,FL,30.340102,-81.631472,1,EPA TRI industrial facility,20250516_164837_16_4001,0.9917355371900828,https://frs-public.epa.gov/ords/frs_public2/fii_query_dtl.disp_program_facility?p_registry_id=110000361885,0.10450058430433273,0.10760346800088882,0.11738819628953934,0.1282280534505844,0.12808257341384888,0.12843991816043854,0.12933503091335297,0.12840357422828674,0.1508265733718872,0.23534709215164185,0.2770064175128937,0.2881079316139221,0.2950894236564636,0.3041192591190338,0.30819404125213623,0.3063340485095978,0.2969045042991638,0.30250367522239685,0.3234652876853943,0.3351147770881653,0.34179458022117615,0.33989518880844116,0.3101164698600769,0.29599520564079285,0.3063567876815796,0.31762051582336426,0.33228743076324463,0.3341633081436157,0.32601457834243774,0.298397958278656,0.19109517335891724,0.19846145808696747,0.23179249465465546,0.25107699632644653,0.2635260224342346,0.2725470960140228,0.278806209564209,0.28129321336746216,0.27535706758499146,0.26518693566322327,0.2582404613494873,0.23264679312705994,0.17226824164390564,0.17862999439239502,0.18271943926811218,0.20231205224990845,0.2062474489212036,0.2125156819820404,0.21512293815612793,0.2141168862581253,0.21577107906341553,0.2136579304933548,0.20004017651081085,0.1882292628288269,0.17597869038581848,0.16576604545116425,0.1609797179698944,0.4220359072533751,-0.03674330995809996,-0.3702258391736083
110070790439,COLLINS AEROSPACE - BUSCH,Jacksonville,FL,30.426491,-81.635908,1,EPA TRI industrial facility,20250516_164837_16_4001,0.6776859504132231,https://frs-public.epa.gov/ords/frs_public2/fii_query_dtl.disp_program_facility?p_registry_id=110070790439,0.1213708221912384,0.12225037068128586,0.1319904774427414,0.1427200436592102,0.14299258589744568,0.1430841088294983,0.14229243993759155,0.13981805741786957,0.17161105573177338,0.23033533990383148,0.26453304290771484,0.27505797147750854,0.2833344340324402,0.2938201129436493,0.3004586398601532,0.3008728623390198,0.2914218008518219,0.2971228361129761,0.31776949763298035,0.3315778970718384,0.3393822908401489,0.33797237277030945,0.3174844980239868,0.30538320541381836,0.3156503140926361,0.33006295561790466,0.34501394629478455,0.3472394049167633,0.34024855494499207,0.3221644163131714,0.2103848159313202,0.2186145782470703,0.2502722144126892,0.2719641327857971,0.2835068106651306,0.2926311194896698,0.299033522605896,0.2978079915046692,0.2870529890060425,0.2745608687400818,0.2718026340007782,0.25101977586746216,0.17221197485923767,0.17913813889026642,0.18228554725646973,0.20069459080696106,0.20249196887016296,0.21013668179512024,0.21397458016872406,0.21571089327335358,0.21719801425933838,0.21306344866752625,0.19278107583522797,0.17884010076522827,0.1667679250240326,0.15836764872074127,0.15141218900680542,0.37179754757423433,0.013620026468338353,-0.34852312290110904
OSM_relation_3216452,Bishop Kenny High School,Jacksonville,FL,30.3109244,-81.640802,0,OSM school comparison,20250516_164837_16_4001,0.9669421487603306,https://www.openstreetmap.org/relation/3216452,0.08128898590803146,0.08658242225646973,0.10676422715187073,0.12273991107940674,0.11952725052833557,0.12422759085893631,0.12300284951925278,0.11970269680023193,0.15581561625003815,0.24375824630260468,0.29526445269584656,0.3039357662200928,0.30245205760002136,0.30887410044670105,0.310229629278183,0.2908773720264435,0.2448548525571823,0.2723398804664612,0.3250095546245575,0.3422940969467163,0.34661439061164856,0.3225947916507721,0.23757070302963257,0.24614889919757843,0.28641971945762634,0.31353840231895447,0.3325737714767456,0.3307153880596161,0.30289971828460693,0.24157695472240448,0.11802364140748978,0.13712553679943085,0.20002257823944092,0.23007316887378693,0.24770498275756836,0.26327547430992126,0.27737653255462646,0.2770095467567444,0.2642558515071869,0.24580441415309906,0.2250935286283493,0.16962967813014984,0.11733581870794296,0.13254834711551666,0.14508914947509766,0.1632484495639801,0.16835711896419525,0.17510676383972168,0.17912690341472626,0.17904412746429443,0.18371796607971191,0.18278925120830536,0.16543282568454742,0.15512847900390625,0.1446560174226761,0.13014137744903564,0.11315633356571198,0.45590769078003457,-0.05048118172825768,-0.3849573286963773
OSM_relation_6479663,Sandalwood High School,Jacksonville,FL,30.2981135,-81.5180349,0,OSM school comparison,20250516_164837_16_4001,1.0,https://www.openstreetmap.org/relation/6479663,0.11426103860139847,0.1180071011185646,0.13097508251667023,0.14321072399616241,0.14237484335899353,0.14165638387203217,0.1432419717311859,0.14295248687267303,0.16060283780097961,0.21510352194309235,0.24368572235107422,0.2557627856731415,0.2610633671283722,0.2715548872947693,0.2779615819454193,0.2757481038570404,0.26069292426109314,0.2758786678314209,0.3026139438152313,0.31069332361221313,0.31482774019241333,0.3076314628124237,0.27816393971443176,0.27550145983695984,0.29814961552619934,0.314769983291626,0.32530850172042847,0.3268298804759979,0.3156788945198059,0.2847672700881958,0.19672758877277374,0.20019054412841797,0.24585771560668945,0.26827067136764526,0.27875640988349915,0.29037153720855713,0.2979941666126251,0.2986874282360077,0.29096490144729614,0.2776567041873932,0.26890090107917786,0.23963356018066406,0.17078936100006104,0.18276037275791168,0.18871521949768066,0.208510622382164,0.20923654735088348,0.21811024844646454,0.22278434038162231,0.2239934653043747,0.22694003582000732,0.22634951770305634,0.20977531373500824,0.19628465175628662,0.18533723056316376,0.1746952384710312,0.16221797466278076,0.3245354844359103,0.05158302015753044,-0.35127804754530045
OSM_way_840423375,Douglas Anderson School of the Arts,Jacksonville,FL,30.3014411,-81.6386531,0,OSM school comparison,20250516_164837_16_4001,0.975206611570248,https://www.openstreetmap.org/way/840423375,0.08539509028196335,0.09060102701187134,0.10337351262569427,0.11498242616653442,0.11350162327289581,0.11389195173978806,0.11148610711097717,0.10842756927013397,0.13582228124141693,0.2004411816596985,0.25606581568717957,0.2632234990596771,0.2625970244407654,0.2735758125782013,0.2749783992767334,0.2577511668205261,0.21022939682006836,0.24201279878616333,0.28671249747276306,0.3037870526313782,0.3090600371360779,0.2911253273487091,0.2097339928150177,0.21124525368213654,0.2500651180744171,0.2718086242675781,0.2921474575996399,0.29049816727638245,0.26509639620780945,0.2097977250814438,0.11549587547779083,0.12763825058937073,0.17994371056556702,0.20583531260490417,0.2195131778717041,0.2283613085746765,0.23435212671756744,0.23461899161338806,0.22696775197982788,0.21404722332954407,0.19925343990325928,0.15463702380657196,0.110057532787323,0.1279846429824829,0.1368962973356247,0.15263652801513672,0.156091570854187,0.16118791699409485,0.16506579518318176,0.16465124487876892,0.16726404428482056,0.16834275424480438,0.15718504786491394,0.1457352489233017,0.1334146112203598,0.12069423496723175,0.10682840645313263,0.4444634325174499,-0.07342389515929919,-0.3383205894894289
OSM_relation_8301075,Episcopal School of Jacksonville,Jacksonville,FL,30.3112898,-81.6227138,0,OSM school comparison,20250516_164837_16_4001,0.9256198347107438,https://www.openstreetmap.org/relation/8301075,0.11530882865190506,0.12101324647665024,0.13402223587036133,0.147673562169075,0.14748883247375488,0.1472846269607544,0.14600296318531036,0.14385536313056946,0.16957741975784302,0.24211670458316803,0.2944833040237427,0.30326688289642334,0.30694591999053955,0.3190460801124573,0.32234030961990356,0.30760106444358826,0.2687146067619324,0.29626744985580444,0.32990944385528564,0.3464753329753876,0.35171353816986084,0.3357301354408264,0.2632352411746979,0.2564985752105713,0.2877362072467804,0.3074827194213867,0.3246012032032013,0.32430922985076904,0.30278488993644714,0.24777115881443024,0.13937416672706604,0.14943860471248627,0.19635441899299622,0.22019320726394653,0.2348412275314331,0.24652157723903656,0.25262245535850525,0.2511507272720337,0.2391691654920578,0.2303728461265564,0.2176452875137329,0.1829392910003662,0.123176209628582,0.1341201663017273,0.14383065700531006,0.158437117934227,0.16168658435344696,0.1679360717535019,0.1706068515777588,0.1674797236919403,0.16883736848831177,0.16607442498207092,0.15314391255378723,0.14066916704177856,0.13324275612831116,0.12340779602527618,0.11142809689044952,0.39037318584168573,-0.11227949664226165,-0.2566095984288999
OSM_relation_13612455,North Shore Elementary School,Jacksonville,FL,30.3748996,-81.6536412,0,OSM school comparison,20250516_164837_16_4001,1.0,https://www.openstreetmap.org/relation/13612455,0.09420055896043777,0.09651539474725723,0.10829669237136841,0.12083654850721359,0.12076645344495773,0.11928901076316833,0.11671525985002518,0.11613526940345764,0.1467614769935608,0.20874954760074615,0.24828679859638214,0.25885987281799316,0.2654109299182892,0.2736317217350006,0.28094014525413513,0.28221800923347473,0.27386221289634705,0.28112122416496277,0.29909494519233704,0.3117201030254364,0.3175497353076935,0.31819948554039,0.30030062794685364,0.2901022732257843,0.2998487651348114,0.3106505572795868,0.3223014175891876,0.3268205523490906,0.3217105567455292,0.3000396490097046,0.1889907270669937,0.1975356489419937,0.2350575476884842,0.2564364969730377,0.266386479139328,0.2772059440612793,0.28252288699150085,0.2824688255786896,0.27774927020072937,0.26989713311195374,0.2655840814113617,0.24501509964466095,0.15868285298347473,0.16377367079257965,0.16789497435092926,0.1892685443162918,0.19282396137714386,0.20037288963794708,0.2035730630159378,0.20483076572418213,0.20901887118816376,0.20805718004703522,0.1923014521598816,0.18310095369815826,0.17298656702041626,0.16349828243255615,0.1524980515241623,0.4224914317074075,0.016692264320181328,-0.3921245059879923
OSM_relation_8297809,The Bolles School: Middle School Bartram Campus,Jacksonville,FL,30.3036308,-81.605278,0,OSM school comparison,20250516_164837_16_4001,1.0,https://www.openstreetmap.org/relation/8297809,0.07244823127985,0.07375609874725342,0.08865652233362198,0.10186892002820969,0.09861743450164795,0.09673529118299484,0.09392226487398148,0.0916210487484932,0.13064168393611908,0.2208130955696106,0.2823135554790497,0.2949192225933075,0.2992230951786041,0.30948665738105774,0.31551656126976013,0.308726042509079,0.28689488768577576,0.30097463726997375,0.3327476680278778,0.35050252079963684,0.36051201820373535,0.3508116900920868,0.29898202419281006,0.28417864441871643,0.3026169240474701,0.3190504014492035,0.3373439311981201,0.34109196066856384,0.3213658034801483,0.277397483587265,0.1347351223230362,0.14526088535785675,0.18740499019622803,0.2109101414680481,0.22814027965068817,0.2386099249124527,0.2510998845100403,0.25326016545295715,0.24463404715061188,0.22943218052387238,0.21985532343387604,0.18739520013332367,0.11185325682163239,0.1208561435341835,0.1292821615934372,0.1383109837770462,0.14278104901313782,0.15055745840072632,0.15658046305179596,0.16013069450855255,0.16395466029644012,0.16285626590251923,0.1474643498659134,0.13639475405216217,0.12564222514629364,0.11597263067960739,0.10716928541660309,0.5553177348237965,-0.09608163881916194,-0.4236260446951306
OSM_relation_14751695,Springfield Middle School,Jacksonville,FL,30.3494482,-81.6524618,0,OSM school comparison,20250516_164837_16_4001,1.0,https://www.openstreetmap.org/relation/14751695,0.10687848925590515,0.11196122318506241,0.12182001024484634,0.13293923437595367,0.13622692227363586,0.138030543923378,0.13789261877536774,0.1379941999912262,0.15880034863948822,0.2109748274087906,0.24232117831707,0.24950741231441498,0.25023895502090454,0.25679612159729004,0.2602318227291107,0.2555108964443207,0.23610174655914307,0.25026699900627136,0.27713742852211,0.2879592180252075,0.2915017902851105,0.28593966364860535,0.24939875304698944,0.24689579010009766,0.26269522309303284,0.278496652841568,0.2941697835922241,0.2954384982585907,0.28160595893859863,0.2538032829761505,0.17479939758777618,0.17599983513355255,0.21475857496261597,0.2346695214509964,0.24484412372112274,0.2532605826854706,0.25896599888801575,0.2588377892971039,0.25253793597221375,0.24251805245876312,0.23457612097263336,0.20542293787002563,0.15345221757888794,0.16421429812908173,0.17075717449188232,0.19045323133468628,0.19379742443561554,0.20120203495025635,0.20358379185199738,0.2016737461090088,0.20306377112865448,0.2032179981470108,0.19188757240772247,0.1810850352048874,0.1708207130432129,0.16012178361415863,0.14853587746620178,0.31740680413417727,0.00642221245427305,-0.31636030040077795
OSM_relation_13627240,Jackson High School,Jacksonville,FL,30.3623013,-81.655382,0,OSM school comparison,20250516_164837_16_4001,1.0,https://www.openstreetmap.org/relation/13627240,0.09481660276651382,0.0964912474155426,0.10678207129240036,0.11771140247583389,0.11607687920331955,0.11613413691520691,0.11483263969421387,0.11399966478347778,0.14012067019939423,0.1996925324201584,0.23907069861888885,0.2483866810798645,0.25413569808006287,0.26359570026397705,0.2690217196941376,0.26190099120140076,0.24024386703968048,0.2533597946166992,0.2798626720905304,0.2930757999420166,0.2992638051509857,0.2911323606967926,0.24770914018154144,0.2423337697982788,0.26163771748542786,0.2766345739364624,0.29171547293663025,0.2927649915218353,0.2782263457775116,0.246623232960701,0.15481288731098175,0.1649589240550995,0.20430594682693481,0.22341696918010712,0.2325279712677002,0.24053268134593964,0.24619661271572113,0.24444232881069183,0.23829074203968048,0.23035959899425507,0.22212262451648712,0.19335055351257324,0.14381694793701172,0.1526358276605606,0.15697811543941498,0.17699302732944489,0.1801101118326187,0.1861855387687683,0.1888263076543808,0.18880581855773926,0.189378023147583,0.18782012164592743,0.17315874993801117,0.16265958547592163,0.15176746249198914,0.14457523822784424,0.13679660856723785,0.4124650135213679,-0.03215315248648015,-0.3477841483118494
110000492173,EASTMAN KODAK - KODAK PARK,Rochester,NY,43.197788,-77.629836,1,EPA TRI industrial facility,20250801_165548_86_4001,1.0,https://frs-public.epa.gov/ords/frs_public2/fii_query_dtl.disp_program_facility?p_registry_id=110000492173,0.0789765864610672,0.08170074224472046,0.08603871613740921,0.09198719263076782,0.09556829929351807,0.0988546833395958,0.09992765635251999,0.09952160716056824,0.11187592148780823,0.12679345905780792,0.13549552857875824,0.14042772352695465,0.14608901739120483,0.15189070999622345,0.15646770596504211,0.15716798603534698,0.15672405064105988,0.16123352944850922,0.16763539612293243,0.16954101622104645,0.17008332908153534,0.16931025683879852,0.16476328670978546,0.16633188724517822,0.17015372216701508,0.1738917976617813,0.17602461576461792,0.17673784494400024,0.17651329934597015,0.17858445644378662,0.14549224078655243,0.15444226562976837,0.17249877750873566,0.18196551501750946,0.18363232910633087,0.185576930642128,0.18643932044506073,0.1857946664094925,0.18489642441272736,0.18247997760772705,0.18290330469608307,0.17632603645324707,0.13532906770706177,0.13544344902038574,0.1376751810312271,0.15061111748218536,0.15413451194763184,0.15725138783454895,0.15628935396671295,0.15607161819934845,0.1546073704957962,0.15185889601707458,0.14303472638130188,0.1339825689792633,0.12732405960559845,0.12550486624240875,0.1263040453195572,0.22238654028483024,0.10316018984524641,-0.3347381528617769
110000774895,BAUSCH & LOMB INC,Rochester,NY,43.180062,-77.571981,1,EPA TRI industrial facility,20250801_165548_86_4001,0.9090909090909092,https://frs-public.epa.gov/ords/frs_public2/fii_query_dtl.disp_program_facility?p_registry_id=110000774895,0.03822115808725357,0.03621189668774605,0.03502869978547096,0.03580934554338455,0.03349262475967407,0.03247425705194473,0.030903995037078857,0.029784269630908966,0.03239483758807182,0.04298357665538788,0.05035850778222084,0.05071388930082321,0.04993987828493118,0.05056605488061905,0.050118714570999146,0.04785146564245224,0.04461296647787094,0.04495870694518089,0.04797522351145744,0.049213800579309464,0.049441128969192505,0.048549529165029526,0.04521794244647026,0.0431145504117012,0.04455579072237015,0.04621434956789017,0.047968506813049316,0.048170361667871475,0.046119704842567444,0.04016073793172836,0.02486257255077362,0.026673030108213425,0.03192406892776489,0.033960506319999695,0.03474663943052292,0.03566569834947586,0.03670381382107735,0.036829736083745956,0.03477860614657402,0.033160626888275146,0.03139524161815643,0.028188422322273254,0.01952126994729042,0.02157563716173172,0.021639429032802582,0.02396530658006668,0.024058140814304352,0.02513929456472397,0.02575954794883728,0.02593005634844303,0.026766575872898102,0.026873961091041565,0.02401064522564411,0.0218268521130085,0.020530058071017265,0.020211268216371536,0.019456228241324425,0.26378754727783205,-0.15688409008773052,-0.01520736695062526
110009479466,ARCONIC,Rochester,NY,43.153172,-77.668197,1,EPA TRI industrial facility,20250801_165548_86_4001,0.950413223140496,https://frs-public.epa.gov/ords/frs_public2/fii_query_dtl.disp_program_facility?p_registry_id=110009479466,0.09079394489526749,0.09382897615432739,0.1016809344291687,0.10853863507509232,0.11035486310720444,0.1110810711979866,0.111978679895401,0.11098667234182358,0.1255366951227188,0.1906224489212036,0.21405643224716187,0.21648633480072021,0.21711118519306183,0.21778948605060577,0.21736659109592438,0.21600715816020966,0.21519698202610016,0.21608732640743256,0.226914644241333,0.23412971198558807,0.23531711101531982,0.23416940867900848,0.22093872725963593,0.2186879962682724,0.22394424676895142,0.22941802442073822,0.23136241734027863,0.23020876944065094,0.22930912673473358,0.22253096103668213,0.1310441493988037,0.1375800520181656,0.15349578857421875,0.15893122553825378,0.16760845482349396,0.17613166570663452,0.17553061246871948,0.1763320416212082,0.17312978208065033,0.16854222118854523,0.1663186401128769,0.15689383447170258,0.11083583533763885,0.11709628254175186,0.11699330061674118,0.13033133745193481,0.13367871940135956,0.1378248929977417,0.1389295756816864,0.13894818723201752,0.13857215642929077,0.1363440304994583,0.12857604026794434,0.12172496318817139,0.11582053452730179,0.11172282695770264,0.10932954400777817,0.33821694280799597,-0.10680285195614223,-0.23050081205764442
110009465293,ARNOLD MAGNETIC TECHNOLOGIES CORPORATION,Rochester,NY,43.12112,-77.50504,1,EPA TRI industrial facility,20250801_165548_86_4001,1.0,https://frs-public.epa.gov/ords/frs_public2/fii_query_dtl.disp_program_facility?p_registry_id=110009465293,0.06421491503715515,0.06420799344778061,0.07027452439069748,0.07827261090278625,0.07527320832014084,0.07417704164981842,0.07355046272277832,0.0705663189291954,0.09614706039428711,0.18737155199050903,0.2321842461824417,0.24081702530384064,0.245809867978096,0.2527760863304138,0.2566063106060028,0.253633588552475,0.24051083624362946,0.24574971199035645,0.25860869884490967,0.2683064043521881,0.27357977628707886,0.27062326669692993,0.24688482284545898,0.23202793300151825,0.23937822878360748,0.2452142983675003,0.25533708930015564,0.2574852406978607,0.24837857484817505,0.22286926209926605,0.09470173716545105,0.1057310476899147,0.12767978012561798,0.14119432866573334,0.15008613467216492,0.16083073616027832,0.1672436147928238,0.16988009214401245,0.16484959423542023,0.15676666796207428,0.15090645849704742,0.14270170032978058,0.07336734235286713,0.07776957005262375,0.08115559071302414,0.09176504611968994,0.09665558487176895,0.10129418224096298,0.10442275553941727,0.10644512623548508,0.1088782250881195,0.1073513999581337,0.0983700156211853,0.08943018317222595,0.08254589885473251,0.07863133400678635,0.07426703721284866,0.5787897644291484,-0.1942553843300451,-0.3635626608151467
110000328155,PFAUDLER INC,Rochester,NY,43.147681,-77.668689,1,EPA TRI industrial facility,20250801_165548_86_4001,0.9586776859504132,https://frs-public.epa.gov/ords/frs_public2/fii_query_dtl.disp_program_facility?p_registry_id=110000328155,0.06261907517910004,0.06518734991550446,0.07045944780111313,0.07960493862628937,0.07916367053985596,0.07817266136407852,0.07609764486551285,0.07461120188236237,0.09639835357666016,0.15203601121902466,0.1674511879682541,0.1708804816007614,0.17202308773994446,0.1743839681148529,0.17518800497055054,0.1742260754108429,0.16981607675552368,0.17055588960647583,0.17699086666107178,0.18118159472942352,0.18291857838630676,0.18178287148475647,0.17317523062229156,0.16970421373844147,0.17283940315246582,0.1782616376876831,0.18381856381893158,0.18271853029727936,0.1806497424840927,0.16972610354423523,0.09579585492610931,0.10402725636959076,0.11946847289800644,0.13318029046058655,0.1408039629459381,0.14672386646270752,0.15224295854568481,0.15264469385147095,0.14806124567985535,0.1433194875717163,0.1379551887512207,0.12709465622901917,0.08195681124925613,0.08513850718736649,0.0867413878440857,0.09503886103630066,0.09946605563163757,0.10235843062400818,0.10319378972053528,0.10183227807283401,0.10145024210214615,0.10097908973693848,0.09627420455217361,0.0904071033000946,0.0830894485116005,0.08056797832250595,0.07728773355484009,0.4123213905667865,-0.06419894479931076,-0.3142015856600686
110000848673,AMETEK INC,Rochester,NY,43.1647,-77.59153,1,EPA TRI industrial facility,20250801_165548_86_4001,1.0,https://frs-public.epa.gov/ords/frs_public2/fii_query_dtl.disp_program_facility?p_registry_id=110000848673,0.06309685111045837,0.06302154809236526,0.06803888827562332,0.07289981096982956,0.07201554626226425,0.07143011689186096,0.07000433653593063,0.0678156241774559,0.08338990062475204,0.11852526664733887,0.13514356315135956,0.1386701613664627,0.13944222033023834,0.14122934639453888,0.14179901778697968,0.13993288576602936,0.13267947733402252,0.1344977170228958,0.14082945883274078,0.14453159272670746,0.14616791903972626,0.1442750245332718,0.13423798978328705,0.13004936277866364,0.13159938156604767,0.13500447571277618,0.1402783840894699,0.14021427929401398,0.1343526393175125,0.12159600853919983,0.07907146960496902,0.08688656240701675,0.10320208221673965,0.1082686111330986,0.11307742446660995,0.11747188121080399,0.11853614449501038,0.11761646717786789,0.11119290441274643,0.10792102664709091,0.10658466070890427,0.0978054478764534,0.0652727261185646,0.06875913590192795,0.07018569111824036,0.07645934820175171,0.07951745390892029,0.08541012555360794,0.08615660667419434,0.0864822044968605,0.08838853985071182,0.08630342036485672,0.07908321917057037,0.07208623737096786,0.06759223341941833,0.06609252095222473,0.06279818713665009,0.3636354904474436,-0.08691184572045703,-0.23663613822609902
110001134843,DAVENPORT MACHINE,Rochester,NY,43.15339,-77.643933,1,EPA TRI industrial facility,20250801_165548_86_4001,0.9586776859504132,https://frs-public.epa.gov/ords/frs_public2/fii_query_dtl.disp_program_facility?p_registry_id=110001134843,0.03726275637745857,0.0352250300347805,0.035927172750234604,0.03911374509334564,0.03810317441821098,0.03694413602352142,0.03551296517252922,0.033925533294677734,0.04127265140414238,0.05193210393190384,0.06110689789056778,0.06152048707008362,0.0609135776758194,0.06125972419977188,0.06107795983552933,0.059859588742256165,0.05604644864797592,0.05717439204454422,0.060757048428058624,0.061924878507852554,0.06216396018862724,0.061292268335819244,0.05659560114145279,0.054649148136377335,0.05538187175989151,0.05680565536022186,0.058515436947345734,0.058616168797016144,0.05599024146795273,0.050351858139038086,0.03180457279086113,0.03524230420589447,0.04116453975439072,0.0439443364739418,0.04518381506204605,0.04600667208433151,0.04610791057348251,0.04599015414714813,0.04378386586904526,0.041200295090675354,0.0394604355096817,0.03457820042967796,0.025861408561468124,0.027441859245300293,0.028285427019000053,0.03067578747868538,0.03230072185397148,0.03339517116546631,0.03398171067237854,0.03329435735940933,0.03262767940759659,0.03265093266963959,0.03065657429397106,0.028699316084384918,0.026426300406455994,0.026058342307806015,0.025112342089414597,0.3060150843430441,-0.1319533388103368,-0.08055133668293969
110039496774,"HARRIS CORPORATION, RF COMMUNICATIONS DIVISION",Rochester,NY,43.150751,-77.560389,1,EPA TRI industrial facility,20250801_165548_86_4001,1.0,https://frs-public.epa.gov/ords/frs_public2/fii_query_dtl.disp_program_facility?p_registry_id=110039496774,0.0801677405834198,0.08006542921066284,0.08305348455905914,0.08881168812513351,0.08724363893270493,0.08749520778656006,0.08675030618906021,0.08421474695205688,0.10007727146148682,0.1608658879995346,0.18693386018276215,0.19234730303287506,0.19529511034488678,0.1983143836259842,0.19977515935897827,0.19825959205627441,0.19101597368717194,0.19331900775432587,0.20229707658290863,0.20770566165447235,0.21069377660751343,0.20873694121837616,0.19635160267353058,0.18808352947235107,0.19155840575695038,0.1971241682767868,0.20349575579166412,0.20363487303256989,0.1980220079421997,0.18997244536876678,0.10803069919347763,0.1135958805680275,0.13122619688510895,0.14515410363674164,0.15360616147518158,0.163118377327919,0.17056842148303986,0.17184151709079742,0.16729265451431274,0.16017772257328033,0.15387970209121704,0.14159174263477325,0.09560103714466095,0.09888439625501633,0.1004129946231842,0.11065370589494705,0.1160324290394783,0.11983969807624817,0.12066319584846497,0.12066081911325455,0.12349354475736618,0.1211506724357605,0.11299460381269455,0.10630616545677185,0.10095924139022827,0.09868326783180237,0.09680163860321045,0.40999715730661473,-0.06889770420039248,-0.3166953222129522
OSM_way_51067264,McQuaid Jesuit High School,Rochester,NY,43.1241331,-77.5909149,0,OSM school comparison,20250801_165548_86_4001,1.0,https://www.openstreetmap.org/way/51067264,0.06709574908018112,0.06779327243566513,0.07599402219057083,0.08673962205648422,0.08402913063764572,0.08354150503873825,0.08173059672117233,0.07725899666547775,0.11027520149946213,0.19434700906276703,0.2476624995470047,0.2540769577026367,0.262224942445755,0.2749055027961731,0.2825372517108917,0.27521395683288574,0.25783848762512207,0.26462602615356445,0.28924256563186646,0.3062749207019806,0.31501904129981995,0.30724653601646423,0.270528644323349,0.257175087928772,0.2680397033691406,0.27630478143692017,0.29084309935569763,0.2934044599533081,0.281431645154953,0.25093671679496765,0.1262970268726349,0.14328239858150482,0.17654579877853394,0.198139950633049,0.20948128402233124,0.22178637981414795,0.23218975961208344,0.23202215135097504,0.21964097023010254,0.20308952033519745,0.19760827720165253,0.18212556838989258,0.09542948752641678,0.10031157732009888,0.10432663559913635,0.1176777109503746,0.12540040910243988,0.1333199292421341,0.13746261596679688,0.13986825942993164,0.1455940157175064,0.14309430122375488,0.12734968960285187,0.11234881728887558,0.10213350504636765,0.09495086222887039,0.08704268932342529,0.5698079868465088,-0.07690792995590144,-0.46018209761790846
OSM_way_629370856,Bishop Kearney Junior/Senior High School,Rochester,NY,43.2019588,-77.579181,0,OSM school comparison,20250801_165548_86_4001,1.0,https://www.openstreetmap.org/way/629370856,0.05622115731239319,0.056625038385391235,0.06560317426919937,0.07622078061103821,0.07339102774858475,0.07193679362535477,0.07221192866563797,0.07116082310676575,0.10422104597091675,0.1857251077890396,0.23311235010623932,0.2450581192970276,0.2529401481151581,0.263799786567688,0.27067503333091736,0.27119722962379456,0.2594747841358185,0.2695361077785492,0.2878864109516144,0.30023428797721863,0.30746230483055115,0.30587130784988403,0.27754029631614685,0.26630133390426636,0.2762623131275177,0.2859865427017212,0.29545819759368896,0.2988586723804474,0.29433926939964294,0.26224809885025024,0.11577827483415604,0.13508956134319305,0.1691945642232895,0.19147948920726776,0.2058766931295395,0.2216162234544754,0.2295464128255844,0.23099209368228912,0.22466421127319336,0.21690739691257477,0.20924460887908936,0.18783175945281982,0.09479193389415741,0.09968089312314987,0.10507971048355103,0.11751377582550049,0.12052033096551895,0.12814126908779144,0.13443855941295624,0.13898418843746185,0.1447448879480362,0.14257226884365082,0.12639406323432922,0.1145179495215416,0.10352534055709839,0.09977414458990097,0.09397263824939728,0.5915600729762467,-0.06524989822503857,-0.4974162507605568
OSM_relation_13060023,Irondequoit High School,Rochester,NY,43.2165639,-77.5970129,0,OSM school comparison,20250801_165548_86_4001,1.0,https://www.openstreetmap.org/relation/13060023,0.08168350160121918,0.08485064655542374,0.09056120365858078,0.10072162747383118,0.09890786558389664,0.09863414615392685,0.10044845193624496,0.09778425842523575,0.11752196401357651,0.16649125516414642,0.19878213107585907,0.2070469856262207,0.21197809278964996,0.21789155900478363,0.22088587284088135,0.2176876813173294,0.21145738661289215,0.21826185286045074,0.22680361568927765,0.23377539217472076,0.23813855648040771,0.2353268414735794,0.21735239028930664,0.2131076604127884,0.21977712213993073,0.22531552612781525,0.2305292934179306,0.2323271483182907,0.22833384573459625,0.2106683999300003,0.11838337033987045,0.13099618256092072,0.15591566264629364,0.16488514840602875,0.17327331006526947,0.1818644255399704,0.18804967403411865,0.18850193917751312,0.18270635604858398,0.16908210515975952,0.16791367530822754,0.15730683505535126,0.09913083910942078,0.10363972187042236,0.1093745231628418,0.11820673942565918,0.12342217564582825,0.1265801042318344,0.13076260685920715,0.1308237761259079,0.1325055956840515,0.13067878782749176,0.1167714074254036,0.10758459568023682,0.10109996795654297,0.09812706708908081,0.09370215982198715,0.39128782280901386,-0.06799547128811423,-0.30134957218086666
OSM_way_26331324,Penfield High School,Rochester,NY,43.1369037,-77.4701761,0,OSM school comparison,20250801_165548_86_4001,1.0,https://www.openstreetmap.org/way/26331324,0.07277672737836838,0.06975867599248886,0.07560483366250992,0.08417683094739914,0.07973475009202957,0.07660996913909912,0.07521743327379227,0.07350679486989975,0.10526614636182785,0.14415468275547028,0.15719379484653473,0.1637607216835022,0.1703537255525589,0.17578716576099396,0.18158049881458282,0.18233489990234375,0.17634689807891846,0.18487310409545898,0.19470079243183136,0.19931556284427643,0.20273472368717194,0.20304888486862183,0.19012318551540375,0.18394945561885834,0.18400494754314423,0.18561770021915436,0.1975809931755066,0.2040288895368576,0.2008494734764099,0.1862240582704544,0.12339799851179123,0.13534536957740784,0.15720383822917938,0.16782315075397491,0.17502598464488983,0.18001939356327057,0.18348141014575958,0.1830424815416336,0.17475725710391998,0.15854623913764954,0.15780645608901978,0.1505153626203537,0.093221515417099,0.09740830212831497,0.1018780767917633,0.11420556157827377,0.11842884868383408,0.12240263819694519,0.12598460912704468,0.12960781157016754,0.1327037364244461,0.12945033609867096,0.11628580093383789,0.10477995127439499,0.09981153160333633,0.09517882019281387,0.08926297724246979,0.4297627791810653,0.025511937712861695,-0.36255516564682283
OSM_way_558932596,Wilson Magnet High School,Rochester,NY,43.1402743,-77.6372112,0,OSM school comparison,20250801_165548_86_4001,1.0,https://www.openstreetmap.org/way/558932596,0.052041903138160706,0.052370596677064896,0.06026528403162956,0.06857592612504959,0.06529276072978973,0.0630921944975853,0.06115667149424553,0.05768942832946777,0.08851412683725357,0.17157858610153198,0.2172609120607376,0.22608740627765656,0.23027682304382324,0.23546148836612701,0.23728354275226593,0.2341262549161911,0.22312040627002716,0.226107656955719,0.23932404816150665,0.24860863387584686,0.25323590636253357,0.24972206354141235,0.22230662405490875,0.2057279795408249,0.20986799895763397,0.21481187641620636,0.22426582872867584,0.2250211089849472,0.2150835394859314,0.1926371455192566,0.0810750424861908,0.09209569543600082,0.11160528659820557,0.1284361332654953,0.1359645575284958,0.14571143686771393,0.1534743309020996,0.15535660088062286,0.1514810174703598,0.14173780381679535,0.13456837832927704,0.12161058187484741,0.062499940395355225,0.06835051625967026,0.0702570453286171,0.0789620652794838,0.08248903602361679,0.08651531487703323,0.08843191713094711,0.0902961790561676,0.09238585829734802,0.09178038686513901,0.0835476741194725,0.07609079033136368,0.07061532884836197,0.06644808501005173,0.06398546695709229,0.6124177360783033,-0.20403142590504578,-0.3842598217046487
OSM_way_1279918053,Charlotte High School,Rochester,NY,43.2464428,-77.6205357,0,OSM school comparison,20250801_165548_86_4001,1.0,https://www.openstreetmap.org/way/1279918053,0.044192854315042496,0.04490913078188896,0.054961878806352615,0.06624253839254379,0.06356701999902725,0.06222066283226013,0.061857353895902634,0.05961333215236664,0.09828170388936996,0.19287924468517303,0.24933744966983795,0.26140764355659485,0.2692681550979614,0.27992287278175354,0.28683826327323914,0.285698264837265,0.2723309099674225,0.2809920012950897,0.3003253638744354,0.3140803575515747,0.3226805627346039,0.32010364532470703,0.2856714725494385,0.27038249373435974,0.28006669878959656,0.28760120272636414,0.3003592789173126,0.3046310245990753,0.29532667994499207,0.2699838876724243,0.11492984741926193,0.13672833144664764,0.16990874707698822,0.18979859352111816,0.20282912254333496,0.21607659757137299,0.2249251753091812,0.22729097306728363,0.22164730727672577,0.20860642194747925,0.20561043918132782,0.18897061049938202,0.08791336417198181,0.09678009897470474,0.10213657468557358,0.11473830789327621,0.11967175453901291,0.12789563834667206,0.13286125659942627,0.13722510635852814,0.1444500833749771,0.1428028792142868,0.12738269567489624,0.11002708226442337,0.10330980271100998,0.09804508090019226,0.08929681032896042,0.6585434449091198,-0.10057386449199542,-0.5439755732147826
OSM_way_1277810009,Edison Tech High School,Rochester,NY,43.1778412,-77.6724082,0,OSM school comparison,20250801_165548_86_4001,0.9669421487603306,https://www.openstreetmap.org/way/1277810009,0.08019419759511948,0.08535170555114746,0.09634710103273392,0.1089087724685669,0.11615726351737976,0.12366920709609985,0.12663008272647858,0.12932561337947845,0.1626434177160263,0.21962706744670868,0.2482452392578125,0.2560240626335144,0.26245152950286865,0.2686994969844818,0.274812251329422,0.2759392559528351,0.27212974429130554,0.2774486243724823,0.2861226499080658,0.2883871793746948,0.29160234332084656,0.2936898171901703,0.2838590741157532,0.28304558992385864,0.288964182138443,0.2955089807510376,0.29973888397216797,0.3029053509235382,0.3025192320346832,0.29964110255241394,0.18323224782943726,0.20173583924770355,0.23273400962352753,0.250297486782074,0.2583865821361542,0.27116480469703674,0.2807207405567169,0.28503936529159546,0.2742879092693329,0.26238811016082764,0.25791487097740173,0.24110354483127594,0.1573161780834198,0.16026844084262848,0.16398335993289948,0.1793161779642105,0.18061071634292603,0.1844608038663864,0.18510091304779053,0.18878863751888275,0.19178669154644012,0.1838013082742691,0.1624009609222412,0.14807240664958954,0.13899533450603485,0.13903747498989105,0.13907869160175323,0.3685104803487369,0.03230666840321607,-0.43526216421669167
OSM_way_341216787,School Number 42,Rochester,NY,43.2309634,-77.6248785,0,OSM school comparison,20250801_165548_86_4001,1.0,https://www.openstreetmap.org/way/341216787,0.04983748495578766,0.05136353150010109,0.06068900600075722,0.06943382322788239,0.067029669880867,0.06542002409696579,0.06304749101400375,0.061779845505952835,0.09268323332071304,0.17423425614833832,0.2166978269815445,0.22828735411167145,0.2364017367362976,0.24541200697422028,0.25121256709098816,0.2519536018371582,0.24236051738262177,0.24796344339847565,0.262083500623703,0.2728852331638336,0.27850407361984253,0.2761201560497284,0.2533153295516968,0.24210071563720703,0.24774892628192902,0.2534882128238678,0.26505404710769653,0.26705414056777954,0.25726452469825745,0.23206566274166107,0.11716892570257187,0.1291690617799759,0.1550503373146057,0.1713249832391739,0.18459929525852203,0.19478671252727509,0.2020556479692459,0.20401404798030853,0.1991429328918457,0.19025807082653046,0.1839115172624588,0.16601835191249847,0.10082124173641205,0.10539901256561279,0.1075906753540039,0.11769255250692368,0.12168537825345993,0.12669718265533447,0.12797346711158752,0.1298302859067917,0.13206957280635834,0.1294279247522354,0.11645757406949997,0.10615403205156326,0.09989380091428757,0.09541267901659012,0.09181172400712967,0.6071589827477127,-0.0907183855137875,-0.4860918997347771
110050297717,FORD MOTOR CO ROUGE COMPLEX,Detroit,MI,42.3025,-83.154167,1,EPA TRI industrial facility,20250914_171527_18_4001,1.0,https://frs-public.epa.gov/ords/frs_public2/fii_query_dtl.disp_program_facility?p_registry_id=110050297717,0.06760765612125397,0.06906751543283463,0.0737806037068367,0.0795683041214943,0.0842357650399208,0.08840680867433548,0.09019238501787186,0.09022632241249084,0.0976538136601448,0.10364586859941483,0.10658225417137146,0.10682940483093262,0.10576384514570236,0.10456246137619019,0.1031234934926033,0.10166171938180923,0.09998764842748642,0.10125913470983505,0.1044517382979393,0.10454723984003067,0.10371174663305283,0.10214857012033463,0.09919098764657974,0.09934434294700623,0.10095419734716415,0.1031920537352562,0.10384998470544815,0.10371091961860657,0.10242786258459091,0.10240025073289871,0.0917072668671608,0.09097067266702652,0.09861245006322861,0.10080599039793015,0.10155278444290161,0.10149196535348892,0.10192572325468063,0.10195189714431763,0.10050521045923233,0.09832391142845154,0.09836450964212418,0.09489201754331589,0.08376389741897583,0.08411908149719238,0.0820004865527153,0.08997339755296707,0.09227395802736282,0.09559649974107742,0.09562157839536667,0.09424754232168198,0.09351404756307602,0.09190774708986282,0.08851009607315063,0.08544478565454483,0.08285737782716751,0.08209367841482162,0.0825544074177742,0.09267657445824164,-0.01351361526031872,-0.11640250340631453
110060497001,CLEVELAND-CLIFFS STEEL CORP - DEARBORN WORKS,Detroit,MI,42.301742,-83.162934,1,EPA TRI industrial facility,20250914_171527_18_4001,1.0,https://frs-public.epa.gov/ords/frs_public2/fii_query_dtl.disp_program_facility?p_registry_id=110060497001,0.05298855900764465,0.05153319239616394,0.054456889629364014,0.0594789981842041,0.06369099020957947,0.06712419539690018,0.06986340880393982,0.07043198496103287,0.07483299821615219,0.08199513703584671,0.08382611721754074,0.0832129642367363,0.08205411583185196,0.08063299208879471,0.0797322615981102,0.07897944003343582,0.07508335262537003,0.07479357719421387,0.07658682763576508,0.07622433453798294,0.07460162788629532,0.07390295714139938,0.06985407322645187,0.06876195222139359,0.06898882240056992,0.0694677010178566,0.06850307434797287,0.06737606972455978,0.06634905934333801,0.0670052245259285,0.06021538004279137,0.05881975591182709,0.06265922635793686,0.06501341611146927,0.06525071710348129,0.06557155400514603,0.06559856981039047,0.06526586413383484,0.0650944784283638,0.06414946168661118,0.06398450583219528,0.06309155374765396,0.05448855087161064,0.05508067086338997,0.05493045225739479,0.059090789407491684,0.060025084763765335,0.06254202872514725,0.061712846159935,0.061368178576231,0.06117362901568413,0.05978540703654289,0.05869041755795479,0.05695844814181328,0.0556483156979084,0.05464451014995575,0.055236298590898514,0.09258603775579187,-0.10407235284122612,-0.03639451472249018
110000494019,BASF CORP  - WYANDOTTE FACILITY,Detroit,MI,42.21712,-83.15026,1,EPA TRI industrial facility,20250914_171527_18_4001,0.9917355371900828,https://frs-public.epa.gov/ords/frs_public2/fii_query_dtl.disp_program_facility?p_registry_id=110000494019,0.08688925951719284,0.08865632116794586,0.09788224846124649,0.1068703681230545,0.10953107476234436,0.11066374182701111,0.11203542351722717,0.1115097850561142,0.13380450010299683,0.17214524745941162,0.1924855262041092,0.1979529708623886,0.20202872157096863,0.2071504145860672,0.2100813090801239,0.20994587242603302,0.20313918590545654,0.20562100410461426,0.21809886395931244,0.2248104214668274,0.2274284064769745,0.2268431931734085,0.21416334807872772,0.20766045153141022,0.21283766627311707,0.21925491094589233,0.22611811757087708,0.22701683640480042,0.22591078281402588,0.21686376631259918,0.1409505158662796,0.15054787695407867,0.17465439438819885,0.18693852424621582,0.1970449984073639,0.201919287443161,0.2070808708667755,0.2071983367204666,0.20267188549041748,0.1973762959241867,0.19599315524101257,0.18700537085533142,0.12402450293302536,0.12609778344631195,0.12596312165260315,0.14029452204704285,0.14416542649269104,0.1486271321773529,0.14843633770942688,0.14904916286468506,0.1498267650604248,0.14703969657421112,0.1356995850801468,0.12657609581947327,0.11987600475549698,0.11775942146778107,0.11506365239620209,0.3146036113626795,0.003118734280551335,-0.313354213365776
110000407202,DETROIT DIESEL CORPORATION,Detroit,MI,42.37642,-83.26104,1,EPA TRI industrial facility,20250914_171527_18_4001,1.0,https://frs-public.epa.gov/ords/frs_public2/fii_query_dtl.disp_program_facility?p_registry_id=110000407202,0.07069877535104752,0.07501477003097534,0.08617618680000305,0.09857962280511856,0.10014771670103073,0.10304614901542664,0.10338505357503891,0.10111427307128906,0.13169161975383759,0.1962636113166809,0.23152418434619904,0.2437223345041275,0.2505546808242798,0.2593241035938263,0.2643938362598419,0.26400861144065857,0.25238385796546936,0.2542504072189331,0.27057403326034546,0.2835826575756073,0.2884361445903778,0.28872737288475037,0.26952502131462097,0.257672518491745,0.26554298400878906,0.27382224798202515,0.28304731845855713,0.2864963114261627,0.2832312285900116,0.2711982727050781,0.14514732360839844,0.1578868329524994,0.19144649803638458,0.20899106562137604,0.2203969955444336,0.23008155822753906,0.2389591932296753,0.24128377437591553,0.23511195182800293,0.22588443756103516,0.22095097601413727,0.207957923412323,0.11080607026815414,0.1161511018872261,0.11983739584684372,0.13521410524845123,0.1408827304840088,0.1485641747713089,0.15372334420681,0.15233232080936432,0.152838796377182,0.1501985490322113,0.13609422743320465,0.1263878345489502,0.1153581514954567,0.11132282018661499,0.10624013096094131,0.45793120810486093,-0.03486926050779372,-0.4082014283782256
110000406622,COCA-COLA BOTTLING CO OF MICHIGAN,Detroit,MI,42.34446,-83.12557,1,EPA TRI industrial facility,20250914_171527_18_4001,0.950413223140496,https://frs-public.epa.gov/ords/frs_public2/fii_query_dtl.disp_program_facility?p_registry_id=110000406622,0.09589014202356339,0.09944146126508713,0.11019989848136902,0.12039438635110855,0.1236509308218956,0.12598319351673126,0.12807714939117432,0.12592200934886932,0.13911281526088715,0.17462986707687378,0.19603465497493744,0.201003298163414,0.20564961433410645,0.21098820865154266,0.21364158391952515,0.21531963348388672,0.21034015715122223,0.2153734713792801,0.22748608887195587,0.23428070545196533,0.23821322619915009,0.2376542091369629,0.22536277770996094,0.21971197426319122,0.22772078216075897,0.2329864501953125,0.23697340488433838,0.23694519698619843,0.23770087957382202,0.23292118310928345,0.16090591251850128,0.16835848987102509,0.19513021409511566,0.2038424015045166,0.2078956812620163,0.215734601020813,0.22259902954101562,0.22245216369628906,0.22011975944042206,0.21328692138195038,0.20985297858715057,0.20502327382564545,0.14228230714797974,0.14874476194381714,0.1489703506231308,0.16534599661827087,0.16714167594909668,0.17376510798931122,0.17698533833026886,0.17868387699127197,0.17815111577510834,0.1739039570093155,0.15978214144706726,0.14459796249866486,0.13501164317131042,0.13403336703777313,0.131491020321846,0.26581637295077076,0.027671141886843133,-0.2897310363299782
110008058369,CARMEUSE LIME AND STONE RIVER ROUGE OPERATION,Detroit,MI,42.2774,-83.128,1,EPA TRI industrial facility,20250914_171527_18_4001,0.9917355371900828,https://frs-public.epa.gov/ords/frs_public2/fii_query_dtl.disp_program_facility?p_registry_id=110008058369,0.0981014147400856,0.09878704696893692,0.10657092928886414,0.1153515875339508,0.11825326830148697,0.11981138586997986,0.12067502737045288,0.11931343376636505,0.13285033404827118,0.1716470867395401,0.19701948761940002,0.20273378491401672,0.20505717396736145,0.20692431926727295,0.20753467082977295,0.20480674505233765,0.19982241094112396,0.20415356755256653,0.21525542438030243,0.21886849403381348,0.21982580423355103,0.21603810787200928,0.2035083919763565,0.1975134015083313,0.2053099274635315,0.2114902138710022,0.21798622608184814,0.21784985065460205,0.21345724165439606,0.2065943479537964,0.1337975710630417,0.1395123302936554,0.16037537157535553,0.17328396439552307,0.18165630102157593,0.18527370691299438,0.19033925235271454,0.19194914400577545,0.18834519386291504,0.18076132237911224,0.17671100795269012,0.1646817922592163,0.11981049925088882,0.12087329477071762,0.12276860326528549,0.13856594264507294,0.14343014359474182,0.148095041513443,0.14777298271656036,0.14716550707817078,0.14704470336437225,0.1451294869184494,0.13733616471290588,0.12898185849189758,0.1222488135099411,0.11717569828033447,0.11380545794963837,0.28773585307149535,-0.03754252415016467,-0.2424353433855545
110001841552,CROWN ENAMELING PRODUCTS INC,Detroit,MI,42.38208,-83.21787,1,EPA TRI industrial facility,20250914_171527_18_4001,0.7520661157024794,https://frs-public.epa.gov/ords/frs_public2/fii_query_dtl.disp_program_facility?p_registry_id=110001841552,0.10065630078315735,0.10513821989297867,0.1147603988647461,0.12270662188529968,0.12632395327091217,0.12908543646335602,0.13054068386554718,0.12891121208667755,0.1427457630634308,0.17930221557617188,0.19699408113956451,0.2020634263753891,0.20500712096691132,0.2084863781929016,0.20824724435806274,0.20655368268489838,0.20350079238414764,0.2074226588010788,0.21746164560317993,0.22376777231693268,0.2284211665391922,0.2266218513250351,0.21608497202396393,0.20957863330841064,0.21511833369731903,0.22206450998783112,0.2273375242948532,0.22862808406352997,0.22633641958236694,0.22235649824142456,0.14707015454769135,0.15764488279819489,0.18036718666553497,0.19059538841247559,0.19982469081878662,0.2062130570411682,0.20951519906520844,0.2109307050704956,0.20289020240306854,0.19662325084209442,0.1946103721857071,0.18242639303207397,0.1308395266532898,0.13266392052173615,0.13294194638729095,0.14944510161876678,0.15282166004180908,0.15723280608654022,0.15971241891384125,0.1567412167787552,0.15498383343219757,0.15237848460674286,0.14099061489105225,0.13042311370372772,0.12025636434555054,0.11806637048721313,0.11522624641656876,0.2526329602715241,0.006778729296474315,-0.2575622249403141
110000614470,ST MARYS CEMENT,Detroit,MI,42.293126,-83.129359,1,EPA TRI industrial facility,20250914_171527_18_4001,1.0,https://frs-public.epa.gov/ords/frs_public2/fii_query_dtl.disp_program_facility?p_registry_id=110000614470,0.07439957559108734,0.0754009261727333,0.0814444050192833,0.09021385759115219,0.09099900722503662,0.09201597422361374,0.09061376005411148,0.08909086138010025,0.11146384477615356,0.1638125628232956,0.18925540149211884,0.1953643411397934,0.19967852532863617,0.20539657771587372,0.20873607695102692,0.20740212500095367,0.1970948427915573,0.2014467567205429,0.21288305521011353,0.22027456760406494,0.22228699922561646,0.21980760991573334,0.2023743987083435,0.19519390165805817,0.20118224620819092,0.20750664174556732,0.21233755350112915,0.21443843841552734,0.2090323567390442,0.19471067190170288,0.10554951429367065,0.11677226424217224,0.13689781725406647,0.14691469073295593,0.1527053415775299,0.16059477627277374,0.16766339540481567,0.16750352084636688,0.163561150431633,0.15751659870147705,0.15457826852798462,0.14320074021816254,0.08971434086561203,0.09419547766447067,0.09615997225046158,0.10791818052530289,0.11131297796964645,0.1150977686047554,0.11701684445142746,0.11846678704023361,0.11910358816385269,0.1167958602309227,0.10732683539390564,0.100262351334095,0.09336287528276443,0.08953983336687088,0.08713699132204056,0.41019209906264614,-0.09964449588125582,-0.28920361193462346
OSM_way_677186809,Gabriel Richard Catholic High School,Detroit,MI,42.1819553,-83.2092916,0,OSM school comparison,20250914_171527_18_4001,1.0,https://www.openstreetmap.org/way/677186809,0.043265119194984436,0.04834188520908356,0.06450200825929642,0.08198779076337814,0.0843251645565033,0.08584355562925339,0.08722629398107529,0.08443377166986465,0.12141475826501846,0.20287585258483887,0.2501792013645172,0.2640831768512726,0.273751825094223,0.2860078811645508,0.2937413156032562,0.2930891513824463,0.27638936042785645,0.2855900526046753,0.308362752199173,0.324515700340271,0.3341400623321533,0.3316211402416229,0.2967686355113983,0.27609458565711975,0.2888072431087494,0.298283189535141,0.31215405464172363,0.31592532992362976,0.3053531348705292,0.2796469032764435,0.1329299807548523,0.1512630432844162,0.19185151159763336,0.2121439427137375,0.2309785932302475,0.2471122294664383,0.2584330141544342,0.26314204931259155,0.25369828939437866,0.23971490561962128,0.23199288547039032,0.2112223505973816,0.09617442637681961,0.10830172151327133,0.11344370990991592,0.12848539650440216,0.13223402202129364,0.13939914107322693,0.14625732600688934,0.15027347207069397,0.1555509716272354,0.15187101066112518,0.13478848338127136,0.11989984661340714,0.10891667008399963,0.10178928822278976,0.09718652814626694,0.5573523970014261,-0.03997489000839614,-0.5126239434212322
OSM_way_406666825,Lincoln Park High School,Detroit,MI,42.2454259,-83.1895916,0,OSM school comparison,20250914_171527_18_4001,0.9669421487603306,https://www.openstreetmap.org/way/406666825,0.08383140712976456,0.08765121549367905,0.09596658498048782,0.10856476426124573,0.11136490106582642,0.11424743384122849,0.11614736914634705,0.11448364704847336,0.14049191772937775,0.1956319957971573,0.2146216183900833,0.22423356771469116,0.22783474624156952,0.23148317635059357,0.23412644863128662,0.23593014478683472,0.23544426262378693,0.2401101440191269,0.253470242023468,0.2631116509437561,0.2680664360523224,0.2670304477214813,0.24950706958770752,0.24012453854084015,0.24773532152175903,0.2541901767253876,0.26406344771385193,0.2671675682067871,0.26241764426231384,0.24914729595184326,0.16318905353546143,0.17291124165058136,0.2020958811044693,0.20951078832149506,0.21617424488067627,0.22368969023227692,0.22872833907604218,0.230157732963562,0.21986128389835358,0.20948201417922974,0.2084662765264511,0.19822265207767487,0.1276908814907074,0.13567690551280975,0.13444681465625763,0.1512639969587326,0.15612386167049408,0.15919606387615204,0.16123825311660767,0.1616254448890686,0.16383275389671326,0.15932297706604004,0.14313142001628876,0.12449055910110474,0.11528224498033524,0.11014147847890854,0.10758864879608154,0.3502703113323973,-0.0015749397392954476,-0.3552685289059247
OSM_relation_9589328,Experiencia Preparatory Academy,Detroit,MI,42.3465352,-83.068439,0,OSM school comparison,20250914_171527_18_4001,1.0,https://www.openstreetmap.org/relation/9589328,0.11111686378717422,0.11482454091310501,0.12555207312107086,0.13613547384738922,0.13934512436389923,0.1408551186323166,0.14052952826023102,0.13735616207122803,0.15833209455013275,0.18324995040893555,0.19785244762897491,0.20633898675441742,0.20803047716617584,0.20986449718475342,0.20925407111644745,0.20731724798679352,0.20191143453121185,0.20671097934246063,0.2164101004600525,0.21919171512126923,0.22110861539840698,0.2197347730398178,0.20816217362880707,0.20578503608703613,0.21140070259571075,0.21756868064403534,0.2233012467622757,0.2245454341173172,0.22246278822422028,0.22061820328235626,0.1645931452512741,0.17421388626098633,0.19641025364398956,0.20702368021011353,0.21252302825450897,0.21777266263961792,0.22143107652664185,0.22278310358524323,0.21998564898967743,0.21194271743297577,0.21306826174259186,0.2061934918165207,0.14806559681892395,0.14935877919197083,0.15057335793972015,0.1693183332681656,0.17394588887691498,0.17976956069469452,0.1793394237756729,0.17989884316921234,0.17707319557666779,0.17316854000091553,0.1623886376619339,0.1513475924730301,0.14267022907733917,0.13912786543369293,0.13783660531044006,0.2264118348189823,0.02909537125839437,-0.2317743194752665
OSM_way_445410402,Mark Twain School for Scholars,Detroit,MI,42.2698204,-83.162311,0,OSM school comparison,20250914_171527_18_4001,1.0,https://www.openstreetmap.org/way/445410402,0.06504282355308533,0.06757288426160812,0.07646466791629791,0.08689110726118088,0.0874457135796547,0.08842325955629349,0.08809580653905869,0.0854370966553688,0.1157100573182106,0.1782357096672058,0.21020974218845367,0.21916399896144867,0.224514901638031,0.23047029972076416,0.23436449468135834,0.233464315533638,0.22485248744487762,0.22861500084400177,0.24181604385375977,0.2501189708709717,0.2557861804962158,0.252636581659317,0.2321559637784958,0.2222364991903305,0.23029547929763794,0.23703624308109283,0.24540966749191284,0.24728421866893768,0.2410823255777359,0.22660352289676666,0.11974644660949707,0.13228575885295868,0.1605290025472641,0.17615504562854767,0.18706928193569183,0.19717757403850555,0.2057197093963623,0.20708952844142914,0.2026703953742981,0.19448186457157135,0.1896064132452011,0.17441855370998383,0.09845918416976929,0.1058235764503479,0.10973579436540604,0.1236899197101593,0.12829472124576569,0.13303808867931366,0.1363002359867096,0.13576288521289825,0.13682007789611816,0.13462595641613007,0.12374766916036606,0.11543040722608566,0.1073065772652626,0.10152709484100342,0.09611356258392334,0.46861924453520193,-0.05072858274376735,-0.395523419177638
OSM_way_640991120,Saint Cunegundis School,Detroit,MI,42.3363689,-83.1467224,0,OSM school comparison,20250914_171527_18_4001,1.0,https://www.openstreetmap.org/way/640991120,0.0601835660636425,0.06226067245006561,0.06982583552598953,0.07871579378843307,0.08000063896179199,0.08209872990846634,0.0816449224948883,0.07940717786550522,0.09941571205854416,0.14859722554683685,0.1761818379163742,0.18109937012195587,0.1849900633096695,0.18989123404026031,0.19224421679973602,0.19194377958774567,0.18506652116775513,0.1869768500328064,0.19842098653316498,0.20427726209163666,0.2072528749704361,0.2056245356798172,0.1904125213623047,0.17932148277759552,0.18557578325271606,0.19205832481384277,0.1981896162033081,0.1997363567352295,0.19400125741958618,0.18155111372470856,0.10140504688024521,0.10916408896446228,0.12963725626468658,0.14109165966510773,0.1485830843448639,0.15449099242687225,0.15954923629760742,0.16099180281162262,0.15673576295375824,0.15037710964679718,0.14743727445602417,0.13463672995567322,0.08652730286121368,0.09171324968338013,0.09286179393529892,0.10487664490938187,0.10963443666696548,0.11350726336240768,0.11470840126276016,0.11436957120895386,0.11420265585184097,0.11279956251382828,0.10360793024301529,0.09714949131011963,0.08922909945249557,0.08623820543289185,0.08398503810167313,0.4262847032848655,-0.07913347020920647,-0.3364666652842446
OSM_node_354028164,Our Lady of Guadalupe Middle School,Detroit,MI,42.3273,-83.1348,0,OSM school comparison,20250914_171527_18_4001,1.0,https://www.openstreetmap.org/node/354028164,0.06870032101869583,0.06871902942657471,0.074972003698349,0.08052520453929901,0.08351069688796997,0.08446956425905228,0.08439633250236511,0.08068998903036118,0.09535473585128784,0.1356760561466217,0.15836910903453827,0.16349805891513824,0.1658346801996231,0.16913168132305145,0.17141449451446533,0.17076276242733002,0.1651095747947693,0.16781990230083466,0.17831110954284668,0.1827438473701477,0.18414218723773956,0.18277627229690552,0.1723003387451172,0.16458861529827118,0.16798198223114014,0.17212344706058502,0.17711281776428223,0.17778627574443817,0.17307829856872559,0.1615961790084839,0.09966518729925156,0.10517111420631409,0.12323471903800964,0.13294467329978943,0.13790977001190186,0.14333808422088623,0.1465952843427658,0.1477101594209671,0.14433346688747406,0.13844840228557587,0.13749875128269196,0.12933678925037384,0.09032224118709564,0.09317368268966675,0.09362147003412247,0.10267671197652817,0.10537996888160706,0.10792648792266846,0.11027850955724716,0.10909948498010635,0.10905143618583679,0.10671156644821167,0.0994812548160553,0.09417853504419327,0.08989223837852478,0.08768489956855774,0.08672778308391571,0.37100537450448856,-0.06438868869951114,-0.2904478623214292
OSM_way_394427305,Bedford Elementary School,Detroit,MI,42.2760917,-83.225045,0,OSM school comparison,20250914_171527_18_4001,1.0,https://www.openstreetmap.org/way/394427305,0.061303507536649704,0.06425725668668747,0.0746593102812767,0.08533082157373428,0.08635982871055603,0.08708886057138443,0.08613079786300659,0.08284106105566025,0.1117464080452919,0.17698951065540314,0.21681834757328033,0.22638565301895142,0.2324056774377823,0.23969709873199463,0.24401451647281647,0.2420114278793335,0.22902794182300568,0.23391401767730713,0.24999964237213135,0.26025038957595825,0.26651498675346375,0.2639569342136383,0.23820821940898895,0.22573600709438324,0.2340063601732254,0.2421588897705078,0.25076425075531006,0.25350695848464966,0.24655289947986603,0.22688044607639313,0.11395416408777237,0.1241711899638176,0.15174397826194763,0.16861146688461304,0.1775882989168167,0.18876923620700836,0.1954452395439148,0.19696229696273804,0.1921268254518509,0.18362750113010406,0.17844732105731964,0.16168521344661713,0.08798793703317642,0.0975998044013977,0.09894881397485733,0.11391783505678177,0.11778444796800613,0.12302740663290024,0.1259332150220871,0.1266327053308487,0.12724153697490692,0.1255982667207718,0.11405634135007858,0.10620518773794174,0.09746436029672623,0.0922398492693901,0.08736050128936768,0.5005670855023462,-0.09732844910220137,-0.38565413697303963
OSM_way_457657092,Ecorse Community High School,Detroit,MI,42.2516255,-83.1487683,0,OSM school comparison,20250914_171527_18_4001,1.0,https://www.openstreetmap.org/way/457657092,0.07399453967809677,0.07659739255905151,0.0856025442481041,0.09624730795621872,0.09841801971197128,0.10144558548927307,0.10393261164426804,0.10410069674253464,0.12665973603725433,0.17207922041416168,0.19523020088672638,0.2041885405778885,0.21117956936359406,0.2199886590242386,0.2250765562057495,0.22760213911533356,0.22044061124324799,0.2271796017885208,0.24396675825119019,0.25410914421081543,0.25820139050483704,0.2574417293071747,0.2407769113779068,0.23502790927886963,0.24553291499614716,0.25422951579093933,0.26254138350486755,0.2650318443775177,0.2624346911907196,0.2545773983001709,0.14875410497188568,0.15955716371536255,0.18820635974407196,0.19493776559829712,0.2046745866537094,0.21748113632202148,0.22938908636569977,0.2296556830406189,0.22295117378234863,0.20814265310764313,0.20537741482257843,0.19347238540649414,0.12551885843276978,0.13076730072498322,0.13114996254444122,0.14363180100917816,0.1463509052991867,0.15128551423549652,0.1491013765335083,0.14932163059711456,0.14868412911891937,0.1450320929288864,0.13025440275669098,0.1198342815041542,0.11281642317771912,0.1098547950387001,0.10688680410385132,0.3719178756286491,0.024071920829940006,-0.40501115209189936
