city,facility_id,name,ndbi_reference_earlier,ndbi_reference_later,ndbi_site_earlier,ndbi_site_later,ndvi_reference_earlier,ndvi_reference_later,ndvi_site_earlier,ndvi_site_later,ndvi_site_change,ndvi_reference_change,ndbi_site_change,ndbi_reference_change
Detroit,110000406622,COCA-COLA BOTTLING CO OF MICHIGAN,-0.05099271237850189,,0.002833978272974491,,0.2690051198005676,,0.13752445578575134,,,,,
Detroit,110000407202,DETROIT DIESEL CORPORATION,-0.1596440225839615,-0.08747825026512146,-0.079837366938591,-0.010151734575629234,0.44257280230522156,0.3523383140563965,0.3168838620185852,0.2702926993370056,-0.04659116268157959,-0.09023448824882507,0.06968563236296177,0.07216577231884003
Detroit,110001841552,CROWN ENAMELING PRODUCTS INC,-0.07852861285209656,-0.017941195517778397,-0.0020649877842515707,0.015384615398943424,0.3010450601577759,0.2091212123632431,0.07090352475643158,0.03940720856189728,-0.0314963161945343,-0.09192384779453278,0.017449603183194995,0.06058741733431816
Jacksonville,110000361885,FMC CORP,0.020356545224785805,0.0019753086380660534,0.02696812152862549,-0.024237917736172676,0.14375445246696472,0.13082259893417358,0.22507022321224213,0.1710272580385208,-0.054042965173721313,-0.012931853532791138,-0.051206039264798164,-0.01838123658671975
Jacksonville,110000361938,OWENS CORNING JACKSONVILLE ROOFING ASPHALT PLANT,0.005054151639342308,0.011272141709923744,0.03276240825653076,0.042868997901678085,0.14839240908622742,0.12800583243370056,0.04431821405887604,0.06029354780912399,0.015975333750247955,-0.020386576652526855,0.010106589645147324,0.006217990070581436
Jacksonville,110000361965,SYMRISE JACKSONVILLE FACILITY,-0.014248527586460114,,0.03613007068634033,,0.25787943601608276,,0.04429658502340317,,,,,
Jacksonville,110000759527,WESTROCK CP LLC,-0.03508191928267479,,-0.002347417874261737,,0.2936532199382782,,0.14381271600723267,,,,,
Jacksonville,110001736998,MAXWELL HOUSE COFFEE DIVISION,0.015237020328640938,0.004519749898463488,0.04485488310456276,0.06173963099718094,0.1320754736661911,0.15386518836021423,0.08066298067569733,0.09571272134780884,0.015049740672111511,0.021789714694023132,0.01688474789261818,-0.01071727043017745
Jacksonville,110002102634,"SWISHER INTERNATIONAL, INC.",-0.007047992665320635,-0.02705940417945385,0.037507884204387665,0.022372081875801086,0.22513973712921143,0.24852129817008972,0.06896527856588364,0.09490129351615906,0.02593601495027542,0.023381561040878296,-0.015135802328586578,-0.020011411514133215
Jacksonville,110039071660,CERTAINTEED GYPSUM & CEILINGS MANUFACTURING INC,-0.00182567338924855,-0.03937658667564392,0.017280157655477524,0.02313968911767006,0.23369503021240234,0.2670731842517853,0.14559808373451233,0.16605284810066223,0.020454764366149902,0.033378154039382935,0.005859531462192535,-0.03755091328639537
Jacksonville,110070790439,COLLINS AEROSPACE - BUSCH,-0.003991382662206888,-0.017770199105143547,0.02681334875524044,-0.05510763078927994,0.18231958150863647,0.21703964471817017,0.20807556807994843,0.20189647376537323,-0.006179094314575195,0.03472006320953369,-0.08192097954452038,-0.013778816442936659
