city,facility_id,name,period,date,scene_id,ndvi_site,ndvi_reference,ndbi_site,ndbi_reference,near_pixels,reference_pixels
Detroit,110000407202,DETROIT DIESEL CORPORATION,earlier,2025-06-02,S2C_MSIL2A_20250602T161921_R040_T17TLH_20250602T215512,0.3168838620185852,0.44257280230522156,-0.079837366938591,-0.1596440225839615,256,5846
Detroit,110000406622,COCA-COLA BOTTLING CO OF MICHIGAN,earlier,2025-06-02,S2C_MSIL2A_20250602T161921_R040_T17TLH_20250602T215512,0.13752445578575134,0.2690051198005676,0.002833978272974491,-0.05099271237850189,146,2992
Detroit,110001841552,CROWN ENAMELING PRODUCTS INC,earlier,2025-06-02,S2C_MSIL2A_20250602T161921_R040_T17TLH_20250602T215512,0.07090352475643158,0.3010450601577759,-0.0020649877842515707,-0.07852861285209656,256,5884
Detroit,110000407202,DETROIT DIESEL CORPORATION,later,2025-09-28,S2B_MSIL2A_20250928T162949_R083_T17TLH_20250928T203058,0.2702926993370056,0.3523383140563965,-0.010151734575629234,-0.08747825026512146,256,5884
Detroit,110001841552,CROWN ENAMELING PRODUCTS INC,later,2025-09-28,S2B_MSIL2A_20250928T162949_R083_T17TLH_20250928T203058,0.03940720856189728,0.2091212123632431,0.015384615398943424,-0.017941195517778397,205,3172
Jacksonville,110001736998,MAXWELL HOUSE COFFEE DIVISION,earlier,2025-02-26,S2C_MSIL2A_20250226T160251_R097_T17RMP_20250226T192212,0.08066298067569733,0.1320754736661911,0.04485488310456276,0.015237020328640938,243,4129
Jacksonville,110002102634,"SWISHER INTERNATIONAL, INC.",earlier,2025-02-26,S2C_MSIL2A_20250226T160251_R097_T17RMP_20250226T192212,0.06896527856588364,0.22513973712921143,0.037507884204387665,-0.007047992665320635,256,5884
Jacksonville,110000361938,OWENS CORNING JACKSONVILLE ROOFING ASPHALT PLANT,earlier,2025-02-26,S2C_MSIL2A_20250226T160251_R097_T17RMP_20250226T192212,0.04431821405887604,0.14839240908622742,0.03276240825653076,0.005054151639342308,256,3895
Jacksonville,110039071660,CERTAINTEED GYPSUM & CEILINGS MANUFACTURING INC,earlier,2025-02-26,S2C_MSIL2A_20250226T160251_R097_T17RMP_20250226T192212,0.14559808373451233,0.23369503021240234,0.017280157655477524,-0.00182567338924855,256,2610
Jacksonville,110000361965,SYMRISE JACKSONVILLE FACILITY,earlier,2025-02-26,S2C_MSIL2A_20250226T160251_R097_T17RMP_20250226T192212,0.04429658502340317,0.25787943601608276,0.03613007068634033,-0.014248527586460114,256,5620
Jacksonville,110000759527,WESTROCK CP LLC,earlier,2025-02-26,S2C_MSIL2A_20250226T160251_R097_T17RMP_20250226T192212,0.14381271600723267,0.2936532199382782,-0.002347417874261737,-0.03508191928267479,255,3866
Jacksonville,110000361885,FMC CORP,earlier,2025-02-26,S2C_MSIL2A_20250226T160251_R097_T17RMP_20250226T192212,0.22507022321224213,0.14375445246696472,0.02696812152862549,0.020356545224785805,256,4854
Jacksonville,110070790439,COLLINS AEROSPACE - BUSCH,earlier,2025-02-26,S2C_MSIL2A_20250226T160251_R097_T17RMP_20250226T192212,0.20807556807994843,0.18231958150863647,0.02681334875524044,-0.003991382662206888,256,5858
Jacksonville,110001736998,MAXWELL HOUSE COFFEE DIVISION,later,2025-06-01,S2B_MSIL2A_20250601T155819_R097_T17RMP_20250601T195949,0.09571272134780884,0.15386518836021423,0.06173963099718094,0.004519749898463488,256,4064
Jacksonville,110002102634,"SWISHER INTERNATIONAL, INC.",later,2025-06-01,S2B_MSIL2A_20250601T155819_R097_T17RMP_20250601T195949,0.09490129351615906,0.24852129817008972,0.022372081875801086,-0.02705940417945385,256,4696
Jacksonville,110000361938,OWENS CORNING JACKSONVILLE ROOFING ASPHALT PLANT,later,2025-06-01,S2B_MSIL2A_20250601T155819_R097_T17RMP_20250601T195949,0.06029354780912399,0.12800583243370056,0.042868997901678085,0.011272141709923744,30,2295
Jacksonville,110039071660,CERTAINTEED GYPSUM & CEILINGS MANUFACTURING INC,later,2025-06-01,S2B_MSIL2A_20250601T155819_R097_T17RMP_20250601T195949,0.16605284810066223,0.2670731842517853,0.02313968911767006,-0.03937658667564392,256,2666
Jacksonville,110000361885,FMC CORP,later,2025-06-01,S2B_MSIL2A_20250601T155819_R097_T17RMP_20250601T195949,0.1710272580385208,0.13082259893417358,-0.024237917736172676,0.0019753086380660534,121,1711
Jacksonville,110070790439,COLLINS AEROSPACE - BUSCH,later,2025-06-01,S2B_MSIL2A_20250601T155819_R097_T17RMP_20250601T195949,0.20189647376537323,0.21703964471817017,-0.05510763078927994,-0.017770199105143547,256,2650
