row,col,latitude,longitude,raw_ppmm,analysis_enhancement_ppmm,sensor_uncertainty_ppmm,area_m2,excess_ch4_kg
102,119,-22.786832069111107,-43.75600054086844,1852.4552001953125,1852.4552001953125,,3343.316545009613,3.99570039713328
102,120,-22.786832069111107,-43.75545830834819,1852.4552001953125,1852.4552001953125,,3343.316545009613,3.99570039713328
103,118,-22.787374301631363,-43.7565427733887,1603.0299072265625,1603.0299072265625,,3343.3035559356213,3.457682729053027
103,119,-22.787374301631363,-43.75600054086844,1603.0299072265625,1603.0299072265625,,3343.3035559356213,3.457682729053027
103,124,-22.787374301631363,-43.75328937826716,575.9710693359375,575.9710693359375,,3343.3035559356213,1.24235063232392
103,125,-22.787374301631363,-43.75274714574691,575.9710693359375,575.9710693359375,,3343.3035559356213,1.24235063232392
104,114,-22.78791653415162,-43.75871170346973,769.3773803710938,769.3773803710938,,3343.2905665636063,1.6595152296360127
104,115,-22.78791653415162,-43.75816947094947,769.3773803710938,769.3773803710938,,3343.2905665636063,1.6595152296360127
104,119,-22.78791653415162,-43.75600054086844,2125.65380859375,2125.65380859375,,3343.2905665636063,4.584947463094999
104,120,-22.78791653415162,-43.75545830834819,1096.9910888671875,1096.9910888671875,,3343.2905665636063,2.366164466483303
104,121,-22.78791653415162,-43.754916075827936,604.061767578125,604.061767578125,,3343.2905665636063,1.3029362813515994
105,118,-22.788458766671877,-43.7565427733887,1352.043212890625,1352.043212890625,,3343.277576804161,2.9162900320755414
105,119,-22.788458766671877,-43.75600054086844,1317.6768798828125,1317.6768798828125,,3343.277576804161,2.842163559316286
105,120,-22.788458766671877,-43.75545830834819,1317.6768798828125,1317.6768798828125,,3343.277576804161,2.842163559316286
105,124,-22.788458766671877,-43.75328937826716,591.3937377929688,591.3937377929688,,3343.277576804161,1.2756069082068981
106,114,-22.789000999192133,-43.75871170346973,768.1094970703125,768.1094970703125,,3343.2645868062973,1.6567675833589521
106,117,-22.789000999192133,-43.757085005908955,837.1068725585938,837.1068725585938,,3343.2645868062973,1.8055909158158945
106,118,-22.789000999192133,-43.7565427733887,837.1068725585938,837.1068725585938,,3343.2645868062973,1.8055909158158945
106,119,-22.789000999192133,-43.75600054086844,1842.8271484375,1842.8271484375,,3343.2645868062973,3.974871151717556
106,122,-22.789000999192133,-43.754373843307675,671.6826782226562,671.6826782226562,,3343.2645868062973,1.4487805343215947
106,127,-22.789000999192133,-43.751662680706396,545.79052734375,545.79052734375,,3343.2645868062973,1.1772384750565559
107,114,-22.78954323171239,-43.75871170346973,562.4752197265625,562.4752197265625,,3343.2515965402126,1.2132216737007715
107,115,-22.78954323171239,-43.75816947094947,562.4752197265625,562.4752197265625,,3343.2515965402126,1.2132216737007715
107,119,-22.78954323171239,-43.75600054086844,796.8989868164062,796.8989868164062,,3343.2515965402126,1.7188581623664234
107,120,-22.78954323171239,-43.75545830834819,796.8989868164062,796.8989868164062,,3343.2515965402126,1.7188581623664234
108,119,-22.790085464232646,-43.75600054086844,1111.548828125,1111.548828125,,3343.2386059165,2.3975276463437716
109,120,-22.790627696752903,-43.75545830834819,1951.4603271484375,1951.4603271484375,,3343.225615054369,4.209137544565232
109,138,-22.790627696752903,-43.745698122983576,720.5037231445312,720.5037231445312,,3343.225615054369,1.5540665776783675
110,120,-22.79116992927316,-43.75545830834819,1998.0189208984375,1998.0189208984375,,3343.2126238644123,4.309543810942969
110,121,-22.79116992927316,-43.754916075827936,709.5167846679688,709.5167846679688,,3343.2126238644123,1.5303627188630753
110,123,-22.79116992927316,-43.75383161078742,521.23193359375,521.23193359375,,3343.2126238644123,1.1242495403770822
111,119,-22.791712161793416,-43.75600054086844,718.7193603515625,718.7193603515625,,3343.1996324062347,1.5502058077356058
111,120,-22.791712161793416,-43.75545830834819,718.7193603515625,718.7193603515625,,3343.1996324062347,1.5502058077356058
111,121,-22.791712161793416,-43.754916075827936,1471.267822265625,1471.267822265625,,3343.1996324062347,3.173377605544184
112,120,-22.792254394313673,-43.75545830834819,1080.5592041015625,1080.5592041015625,,3343.186640650034,2.3306491194884256
112,121,-22.792254394313673,-43.754916075827936,1468.469482421875,1468.469482421875,,3343.186640650034,3.167329557891106
112,126,-22.792254394313673,-43.75220491322665,905.819091796875,905.819091796875,,3343.186640650034,1.9537536311742563
112,131,-22.792254394313673,-43.74949375062537,545.2122802734375,545.2122802734375,,3343.186640650034,1.1759638121912013
113,120,-22.79279662683393,-43.75545830834819,1187.1904296875,1187.1904296875,,3343.173648506403,2.560631168023992
113,121,-22.79279662683393,-43.754916075827936,1468.469482421875,1468.469482421875,,3343.173648506403,3.1673172491554697
114,121,-22.793338859354183,-43.754916075827936,1113.3375244140625,1113.3375244140625,,3343.1606561541557,2.4013297405375313
114,122,-22.793338859354183,-43.754373843307675,1113.3375244140625,1113.3375244140625,,3343.1606561541557,2.4013297405375313
115,122,-22.79388109187444,-43.754373843307675,675.1722412109375,675.1722412109375,,3343.1476635336876,1.4562563879364938
115,123,-22.79388109187444,-43.75383161078742,1052.251220703125,1052.251220703125,,3343.1476635336876,2.269565406176352
115,124,-22.79388109187444,-43.75328937826716,814.7162475585938,814.7162475585938,,3343.1476635336876,1.757234180325529
115,125,-22.79388109187444,-43.75274714574691,814.7162475585938,814.7162475585938,,3343.1476635336876,1.757234180325529
116,119,-22.794423324394696,-43.75600054086844,771.9647827148438,771.9647827148438,,3343.1346706151962,1.6650185070250874
116,124,-22.794423324394696,-43.75328937826716,646.13134765625,646.13134765625,,3343.1346706151962,1.3936136413286546
116,128,-22.794423324394696,-43.751120448186136,553.8521728515625,553.8521728515625,,3343.1346706151962,1.1945805541942078
116,133,-22.794423324394696,-43.748409285584856,784.70556640625,784.70556640625,,3343.1346706151962,1.6924985697367447
117,123,-22.794965556914953,-43.75383161078742,648.8372192382812,648.8372192382812,,3343.1216773092747,1.3994443833608672
117,124,-22.794965556914953,-43.75328937826716,1565.29296875,1565.29296875,,3343.1216773092747,3.3761017224059446
117,125,-22.794965556914953,-43.75274714574691,1565.29296875,1565.29296875,,3343.1216773092747,3.3761017224059446
117,133,-22.794965556914953,-43.748409285584856,784.70556640625,784.70556640625,,3343.1216773092747,1.6924919917332077
117,134,-22.794965556914953,-43.7478670530646,1190.68408203125,1190.68408203125,,3343.1216773092747,2.568126644941875
117,135,-22.794965556914953,-43.74732482054434,972.878662109375,972.878662109375,,3343.1216773092747,2.098353083041313
117,136,-22.794965556914953,-43.74678258802409,972.878662109375,972.878662109375,,3343.1216773092747,2.098353083041313
118,119,-22.79550778943521,-43.75600054086844,1205.951416015625,1205.951416015625,,3343.108683794737,2.6010458808049877
118,120,-22.79550778943521,-43.75545830834819,1205.951416015625,1205.951416015625,,3343.108683794737,2.6010458808049877
118,122,-22.79550778943521,-43.754373843307675,1042.298583984375,1042.298583984375,,3343.108683794737,2.2480726855469806
118,123,-22.79550778943521,-43.75383161078742,648.8372192382812,648.8372192382812,,3343.108683794737,1.399438944222632
118,124,-22.79550778943521,-43.75328937826716,1776.9381103515625,1776.9381103515625,,3343.108683794737,3.8325735937569863
118,125,-22.79550778943521,-43.75274714574691,1607.70947265625,1607.70947265625,,3343.108683794737,3.467574270280153
118,126,-22.79550778943521,-43.75220491322665,1607.70947265625,1607.70947265625,,3343.108683794737,3.467574270280153
118,127,-22.79550778943521,-43.751662680706396,1000.301513671875,1000.301513671875,,3343.108683794737,2.1574916676954374
118,128,-22.79550778943521,-43.751120448186136,940.318359375,940.318359375,,3343.108683794737,2.0281175201721053
118,131,-22.79550778943521,-43.74949375062537,821.9274291992188,821.9274291992188,,3343.108683794737,1.7727670664400645
118,132,-22.79550778943521,-43.74895151810511,821.9274291992188,821.9274291992188,,3343.108683794737,1.7727670664400645
118,133,-22.79550778943521,-43.748409285584856,696.2445068359375,696.2445068359375,,3343.108683794737,1.5016889424302078
118,134,-22.79550778943521,-43.7478670530646,696.2445068359375,696.2445068359375,,3343.108683794737,1.5016889424302078
118,137,-22.79550778943521,-43.74624035550383,603.258544921875,603.258544921875,,3343.108683794737,1.301132974754203
118,138,-22.79550778943521,-43.745698122983576,603.258544921875,603.258544921875,,3343.108683794737,1.301132974754203
119,121,-22.796050021955466,-43.754916075827936,506.0562744140625,506.0562744140625,,3343.0956898629665,1.0914788560006428
119,122,-22.796050021955466,-43.754373843307675,506.0562744140625,506.0562744140625,,3343.0956898629665,1.0914788560006428
119,123,-22.796050021955466,-43.75383161078742,1567.6728515625,1567.6728515625,,3343.0956898629665,3.381208488300792
119,124,-22.796050021955466,-43.75328937826716,1575.9630126953125,1575.9630126953125,,3343.0956898629665,3.3990889811368503
119,125,-22.796050021955466,-43.75274714574691,1575.9630126953125,1575.9630126953125,,3343.0956898629665,3.3990889811368503
119,128,-22.796050021955466,-43.751120448186136,940.318359375,940.318359375,,3343.0956898629665,2.0281096373231846
119,135,-22.796050021955466,-43.74732482054434,550.9647827148438,550.9647827148438,,3343.0956898629665,1.1883390072191728
120,122,-22.796592254475723,-43.754373843307675,937.7986450195312,937.7986450195312,,3343.0826957523823,2.02266717249904
120,124,-22.796592254475723,-43.75328937826716,1727.30419921875,1727.30419921875,,3343.0826957523823,3.7254921610669895
120,125,-22.796592254475723,-43.75274714574691,1142.21533203125,1142.21533203125,,3343.0826957523823,2.4635581084429745
120,126,-22.796592254475723,-43.75220491322665,1266.32861328125,1266.32861328125,,3343.0826957523823,2.73124868465434
120,134,-22.796592254475723,-43.7478670530646,859.15869140625,859.15869140625,,3343.0826957523823,1.8530545872546689
120,135,-22.796592254475723,-43.74732482054434,859.15869140625,859.15869140625,,3343.0826957523823,1.8530545872546689
120,136,-22.796592254475723,-43.74678258802409,1385.343017578125,1385.343017578125,,3343.0826957523823,2.9879418777019837
120,137,-22.796592254475723,-43.74624035550383,991.1430053710938,991.1430053710938,,3343.0826957523823,2.1377216003275405
121,130,-22.79713448699598,-43.75003598314562,516.9766235351562,516.9766235351562,,3343.069701343775,1.1150235569753977
121,135,-22.79713448699598,-43.74732482054434,644.8206176757812,644.8206176757812,,3343.069701343775,1.3907595546881215
121,136,-22.79713448699598,-43.74678258802409,644.8206176757812,644.8206176757812,,3343.069701343775,1.3907595546881215
121,137,-22.79713448699598,-43.74624035550383,991.1430053710938,991.1430053710938,,3343.069701343775,2.1377132911020467
122,124,-22.797676719516236,-43.75328937826716,528.7874145507812,528.7874145507812,,3343.0567065775394,1.1404928291802574
122,126,-22.797676719516236,-43.75220491322665,1174.68505859375,1174.68505859375,,3343.0567065775394,2.5335699167679504
122,128,-22.797676719516236,-43.751120448186136,642.8082275390625,642.8082275390625,,3343.0567065775394,1.386413809922415
122,130,-22.797676719516236,-43.75003598314562,741.0487670898438,741.0487670898438,,3343.0567065775394,1.5982997735617892
122,132,-22.797676719516236,-43.74895151810511,681.5882568359375,681.5882568359375,,3343.0567065775394,1.4700548802494373
122,133,-22.797676719516236,-43.748409285584856,894.5076904296875,894.5076904296875,,3343.0567065775394,1.9292811789938713
122,135,-22.797676719516236,-43.74732482054434,869.330810546875,869.330810546875,,3343.0567065775394,1.8749794876575263
122,139,-22.797676719516236,-43.745155890463316,621.1995849609375,621.1995849609375,,3343.0567065775394,1.3398081206973662
123,129,-22.798218952036493,-43.75057821566588,672.4273071289062,672.4273071289062,,3343.0437115728855,1.4502908347730492
123,130,-22.798218952036493,-43.75003598314562,726.91748046875,726.91748046875,,3343.0437115728855,1.5678152097384173
123,131,-22.798218952036493,-43.74949375062537,677.1287841796875,677.1287841796875,,3343.0437115728855,1.4604309778106028
123,132,-22.798218952036493,-43.74895151810511,681.5882568359375,681.5882568359375,,3343.0437115728855,1.4700491659072388
123,138,-22.798218952036493,-43.745698122983576,666.5157470703125,666.5157470703125,,3343.0437115728855,1.4375407853903206
123,139,-22.798218952036493,-43.745155890463316,500.6700134277344,500.6700134277344,,3343.0437115728855,1.0798448010986919
123,146,-22.798218952036493,-43.74136026282152,611.713623046875,611.713623046875,,3343.0437115728855,1.3193435953674426
124,129,-22.79876118455675,-43.75057821566588,1060.6929931640625,1060.6929931640625,,3343.0307162106037,2.287693153331823
124,130,-22.79876118455675,-43.75003598314562,726.91748046875,726.91748046875,,3343.0307162106037,1.5678091151945226
124,131,-22.79876118455675,-43.74949375062537,2392.58740234375,2392.58740234375,,3343.0307162106037,5.160311093186562
124,134,-22.79876118455675,-43.7478670530646,784.5176391601562,784.5176391601562,,3343.0307162106037,1.6920406218777906
124,135,-22.79876118455675,-43.74732482054434,655.8245239257812,655.8245239257812,,3343.0307162106037,1.41447646287982
124,136,-22.79876118455675,-43.74678258802409,762.2578125,762.2578125,,3343.0307162106037,1.6440308269861632
124,137,-22.79876118455675,-43.74624035550383,1070.5355224609375,1070.5355224609375,,3343.0307162106037,2.3089214324182734
125,126,-22.799303417077006,-43.75220491322665,530.7638549804688,530.7638549804688,,3343.0177206397057,1.1447422814788069
125,127,-22.799303417077006,-43.751662680706396,1416.460205078125,1416.460205078125,,3343.0177206397057,3.054996815570154
125,128,-22.799303417077006,-43.751120448186136,1313.6361083984375,1313.6361083984375,,3343.0177206397057,2.833227586336498
125,129,-22.799303417077006,-43.75057821566588,943.4564819335938,943.4564819335938,,3343.0177206397057,2.0348305851467097
125,130,-22.799303417077006,-43.75003598314562,943.4564819335938,943.4564819335938,,3343.0177206397057,2.0348305851467097
125,131,-22.799303417077006,-43.74949375062537,542.2880859375,542.2880859375,,3343.0177206397057,1.1695975430310954
125,132,-22.799303417077006,-43.74895151810511,542.2880859375,542.2880859375,,3343.0177206397057,1.1695975430310954
125,136,-22.799303417077006,-43.74678258802409,889.91650390625,889.91650390625,,3343.0177206397057,1.9193564886681507
125,137,-22.799303417077006,-43.74624035550383,1061.3287353515625,1061.3287353515625,,3343.0177206397057,2.2890554179693954
125,138,-22.799303417077006,-43.745698122983576,1061.3287353515625,1061.3287353515625,,3343.0177206397057,2.2890554179693954
125,139,-22.799303417077006,-43.745155890463316,519.2145385742188,519.2145385742188,,3343.0177206397057,1.1198329160645062
125,140,-22.799303417077006,-43.74461365794306,519.2145385742188,519.2145385742188,,3343.0177206397057,1.1198329160645062
125,149,-22.799303417077006,-43.73973356526076,544.1297607421875,544.1297607421875,,3343.0177206397057,1.1735696353238867
126,126,-22.799845649597263,-43.75220491322665,504.3603515625,504.3603515625,,3343.004724651575,1.0877914342113735
126,127,-22.799845649597263,-43.751662680706396,2453.96142578125,2453.96142578125,,3343.004724651575,5.292640887770463
126,128,-22.799845649597263,-43.751120448186136,2453.96142578125,2453.96142578125,,3343.004724651575,5.292640887770463
126,129,-22.799845649597263,-43.75057821566588,2092.181396484375,2092.181396484375,,3343.004724651575,4.512363025486689
126,130,-22.799845649597263,-43.75003598314562,1519.06787109375,1519.06787109375,,3343.004724651575,3.2762865142795037
126,131,-22.799845649597263,-43.74949375062537,779.7545776367188,779.7545776367188,,3343.004724651575,1.6817546179286067
126,132,-22.799845649597263,-43.74895151810511,520.3604125976562,520.3604125976562,,3343.004724651575,1.122299954333906
126,133,-22.799845649597263,-43.748409285584856,600.793212890625,600.793212890625,,3343.004724651575,1.2957753492916384
126,139,-22.799845649597263,-43.745155890463316,510.2616882324219,510.2616882324219,,3343.004724651575,1.1005192853599643
126,140,-22.799845649597263,-43.74461365794306,510.2616882324219,510.2616882324219,,3343.004724651575,1.1005192853599643
126,141,-22.799845649597263,-43.7440714254228,1129.7484130859375,1129.7484130859375,,3343.004724651575,2.4366123204601005
126,142,-22.799845649597263,-43.74352919290255,1129.7484130859375,1129.7484130859375,,3343.004724651575,2.4366123204601005
127,120,-22.800387882117516,-43.75545830834819,935.8218383789062,935.8218383789062,,3342.9917284548283,2.018348625360019
127,123,-22.800387882117516,-43.75383161078742,576.9890747070312,576.9890747070312,,3342.9917284548283,1.2444303584537244
127,124,-22.800387882117516,-43.75328937826716,576.9890747070312,576.9890747070312,,3342.9917284548283,1.2444303584537244
127,125,-22.800387882117516,-43.75274714574691,1533.109375,1533.109375,,3342.9917284548283,3.3065580142028406
127,126,-22.800387882117516,-43.75220491322665,1533.109375,1533.109375,,3342.9917284548283,3.3065580142028406
127,127,-22.800387882117516,-43.751662680706396,1856.1014404296875,1856.1014404296875,,3342.9917284548283,4.003176285466403
127,128,-22.800387882117516,-43.751120448186136,2510.91552734375,2510.91552734375,,3342.9917284548283,5.4154569760718
127,129,-22.800387882117516,-43.75057821566588,1178.831787109375,1178.831787109375,,3342.9917284548283,2.5424641950699445
127,130,-22.800387882117516,-43.75003598314562,1178.831787109375,1178.831787109375,,3342.9917284548283,2.5424641950699445
127,131,-22.800387882117516,-43.74949375062537,2000.3912353515625,2000.3912353515625,,3342.9917284548283,4.314375594234971
127,132,-22.800387882117516,-43.74895151810511,2000.3912353515625,2000.3912353515625,,3342.9917284548283,4.314375594234971
127,136,-22.800387882117516,-43.74678258802409,892.8244018554688,892.8244018554688,,3342.9917284548283,1.925613220668654
127,137,-22.800387882117516,-43.74624035550383,826.4292602539062,826.4292602539062,,3342.9917284548283,1.7824144436298153
127,139,-22.800387882117516,-43.745155890463316,993.8781127929688,993.8781127929688,,3342.9917284548283,2.1435624180410384
127,142,-22.800387882117516,-43.74352919290255,528.814697265625,528.814697265625,,3342.9917284548283,1.1405295041470223
127,143,-22.800387882117516,-43.74298696038229,528.814697265625,528.814697265625,,3342.9917284548283,1.1405295041470223
128,120,-22.800930114637772,-43.75545830834819,935.8218383789062,935.8218383789062,,3342.978731960058,2.018340778658775
128,124,-22.800930114637772,-43.75328937826716,584.9237670898438,584.9237670898438,,3342.978731960058,1.2615387278942023
128,125,-22.800930114637772,-43.75274714574691,584.9237670898438,584.9237670898438,,3342.978731960058,1.2615387278942023
128,126,-22.800930114637772,-43.75220491322665,1412.96142578125,1412.96142578125,,3342.978731960058,3.047415167470645
128,127,-22.800930114637772,-43.751662680706396,878.2333984375,878.2333984375,,3342.978731960058,1.8941364782820829
128,128,-22.800930114637772,-43.751120448186136,2510.91552734375,2510.91552734375,,3342.978731960058,5.415435922487471
128,129,-22.800930114637772,-43.75057821566588,1367.179443359375,1367.179443359375,,3342.978731960058,2.9486745330246937
128,130,-22.800930114637772,-43.75003598314562,1161.8692626953125,1161.8692626953125,,3342.978731960058,2.505870258841581
128,131,-22.800930114637772,-43.74949375062537,1161.8692626953125,1161.8692626953125,,3342.978731960058,2.505870258841581
128,138,-22.800930114637772,-43.745698122983576,947.3076171875,947.3076171875,,3342.978731960058,2.0431128183711604
128,139,-22.800930114637772,-43.745155890463316,947.3076171875,947.3076171875,,3342.978731960058,2.0431128183711604
128,140,-22.800930114637772,-43.74461365794306,659.108154296875,659.108154296875,,3342.978731960058,1.4215364621842408
128,141,-22.800930114637772,-43.7440714254228,654.3981323242188,654.3981323242188,,3342.978731960058,1.4113780869188606
128,142,-22.800930114637772,-43.74352919290255,872.8878784179688,872.8878784179688,,3342.978731960058,1.8826074878310304
128,143,-22.800930114637772,-43.74298696038229,872.8878784179688,872.8878784179688,,3342.978731960058,1.8826074878310304
128,144,-22.800930114637772,-43.742444727862036,620.4378051757812,620.4378051757812,,3342.978731960058,1.3381338962735345
128,145,-22.800930114637772,-43.741902495341776,620.4378051757812,620.4378051757812,,3342.978731960058,1.3381338962735345
128,146,-22.800930114637772,-43.74136026282152,695.1101684570312,695.1101684570312,,3342.978731960058,1.4991840766267166
128,150,-22.800930114637772,-43.739191332740496,914.7020874023438,914.7020874023438,,3342.978731960058,1.9727905971146515
128,151,-22.800930114637772,-43.73864910022024,914.7020874023438,914.7020874023438,,3342.978731960058,1.9727905971146515
129,126,-22.80147234715803,-43.75220491322665,709.6866455078125,709.6866455078125,,3342.9657351374626,1.530616052238848
129,127,-22.80147234715803,-43.751662680706396,709.6866455078125,709.6866455078125,,3342.9657351374626,1.530616052238848
129,128,-22.80147234715803,-43.751120448186136,545.3323974609375,545.3323974609375,,3342.9657351374626,1.1761451714542905
129,129,-22.80147234715803,-43.75057821566588,545.3323974609375,545.3323974609375,,3342.9657351374626,1.1761451714542905
129,130,-22.80147234715803,-43.75003598314562,1703.2347412109375,1703.2347412109375,,3342.9657351374626,3.6734500390139333
129,131,-22.80147234715803,-43.74949375062537,1008.4685668945312,1008.4685668945312,,3342.9657351374626,2.1750136999725798
129,132,-22.80147234715803,-43.74895151810511,1091.02978515625,1091.02978515625,,3342.9657351374626,2.3530775352774684
129,133,-22.80147234715803,-43.748409285584856,1091.02978515625,1091.02978515625,,3342.9657351374626,2.3530775352774684
129,134,-22.80147234715803,-43.7478670530646,567.7689208984375,567.7689208984375,,3342.9657351374626,1.224535123762464
129,135,-22.80147234715803,-43.74732482054434,567.7689208984375,567.7689208984375,,3342.9657351374626,1.224535123762464
129,137,-22.80147234715803,-43.74624035550383,833.640869140625,833.640869140625,,3342.9657351374626,1.797954215689041
129,138,-22.80147234715803,-43.745698122983576,833.640869140625,833.640869140625,,3342.9657351374626,1.797954215689041
129,140,-22.80147234715803,-43.74461365794306,1144.4652099609375,1144.4652099609375,,3342.9657351374626,2.46832434100781
129,141,-22.80147234715803,-43.7440714254228,654.3981323242188,654.3981323242188,,3342.9657351374626,1.4113725997674063
129,142,-22.80147234715803,-43.74352919290255,747.1582641601562,747.1582641601562,,3342.9657351374626,1.6114329330068526
129,143,-22.80147234715803,-43.74298696038229,1325.970458984375,1325.970458984375,,3342.9657351374626,2.8597856281539054
129,144,-22.80147234715803,-43.742444727862036,524.81640625,524.81640625,,3342.9657351374626,1.1318973253466857
129,145,-22.80147234715803,-43.741902495341776,573.802978515625,573.802978515625,,3342.9657351374626,1.2375490722529174
129,148,-22.80147234715803,-43.74027579778101,817.4611206054688,817.4611206054688,,3342.9657351374626,1.763058557181366
130,124,-22.802014579678286,-43.75328937826716,532.757080078125,532.757080078125,,3342.952738046646,1.1490188994040489
130,129,-22.802014579678286,-43.75057821566588,602.0035400390625,602.0035400390625,,3342.952738046646,1.2983655607384703
130,131,-22.802014579678286,-43.74949375062537,1008.4685668945312,1008.4685668945312,,3342.952738046646,2.175005243753514
130,132,-22.802014579678286,-43.74895151810511,1460.726806640625,1460.726806640625,,3342.952738046646,3.1504090146489956
130,133,-22.802014579678286,-43.748409285584856,1170.34814453125,1170.34814453125,,3342.952738046646,2.5241375239005164
130,134,-22.802014579678286,-43.7478670530646,805.3231201171875,805.3231201171875,,3342.952738046646,1.7368731824380301
130,138,-22.802014579678286,-43.745698122983576,669.7320556640625,669.7320556640625,,3342.952738046646,1.4444384096817362
130,139,-22.802014579678286,-43.745155890463316,752.47705078125,752.47705078125,,3342.952738046646,1.62289791172496
130,140,-22.802014579678286,-43.74461365794306,752.47705078125,752.47705078125,,3342.952738046646,1.62289791172496
130,141,-22.802014579678286,-43.7440714254228,573.1207275390625,573.1207275390625,,3342.952738046646,1.2360728223189699
130,142,-22.802014579678286,-43.74352919290255,1338.5628662109375,1338.5628662109375,,3342.952738046646,2.8869330673020412
130,143,-22.802014579678286,-43.74298696038229,1687.478759765625,1687.478759765625,,3342.952738046646,3.639454189945773
130,144,-22.802014579678286,-43.742444727862036,854.2647094726562,854.2647094726562,,3342.952738046646,1.8424275021066852
130,145,-22.802014579678286,-43.741902495341776,524.81640625,524.81640625,,3342.952738046646,1.1318929246517644
130,146,-22.802014579678286,-43.74136026282152,936.9002685546875,936.9002685546875,,3342.952738046646,2.0206509789944067
131,121,-22.802556812198542,-43.754916075827936,507.863037109375,507.863037109375,,3342.939740628004,1.0953246440923317
131,127,-22.802556812198542,-43.751662680706396,989.4568481445312,989.4568481445312,,3342.939740628004,2.133993598367001
131,128,-22.802556812198542,-43.751120448186136,989.4568481445312,989.4568481445312,,3342.939740628004,2.133993598367001
131,129,-22.802556812198542,-43.75057821566588,1223.055419921875,1223.055419921875,,3342.939740628004,2.637803196223976
131,130,-22.802556812198542,-43.75003598314562,1223.055419921875,1223.055419921875,,3342.939740628004,2.637803196223976
131,132,-22.802556812198542,-43.74895151810511,1272.7841796875,1272.7841796875,,3342.939740628004,2.745054821389415
131,133,-22.802556812198542,-43.748409285584856,750.58447265625,750.58447265625,,3342.939740628004,1.6188098174122094
131,134,-22.802556812198542,-43.7478670530646,805.3231201171875,805.3231201171875,,3342.939740628004,1.7368664294655387
131,140,-22.802556812198542,-43.74461365794306,1007.0199584960938,1007.0199584960938,,3342.939740628004,2.17187252671838
131,141,-22.802556812198542,-43.7440714254228,569.7483520507812,569.7483520507812,,3342.939740628004,1.2287947051319175
131,142,-22.802556812198542,-43.74352919290255,1338.5628662109375,1338.5628662109375,,3342.939740628004,2.8869218428903882
131,143,-22.802556812198542,-43.74298696038229,1545.959716796875,1545.959716796875,,3342.939740628004,3.3342213408945893
131,144,-22.802556812198542,-43.742444727862036,854.2647094726562,854.2647094726562,,3342.939740628004,1.842420338738418
131,145,-22.802556812198542,-43.741902495341776,1519.4454345703125,1519.4454345703125,,3342.939740628004,3.2770371305443513
131,146,-22.802556812198542,-43.74136026282152,555.471435546875,555.471435546875,,3342.939740628004,1.1980032173769044
131,149,-22.802556812198542,-43.73973356526076,561.4705200195312,561.4705200195312,,3342.939740628004,1.2109416369600505
132,129,-22.8030990447188,-43.75057821566588,610.7346801757812,610.7346801757812,,3342.926742941141,1.3171861237433788
132,130,-22.8030990447188,-43.75003598314562,1116.023681640625,1116.023681640625,,3342.926742941141,2.4069550247301037
132,131,-22.8030990447188,-43.74949375062537,1480.298583984375,1480.298583984375,,3342.926742941141,3.1925954381041417
132,132,-22.8030990447188,-43.74895151810511,1272.7841796875,1272.7841796875,,3342.926742941141,2.7450441483394177
132,133,-22.8030990447188,-43.748409285584856,847.2097778320312,847.2097778320312,,3342.926742941141,1.8271976350497654
132,134,-22.8030990447188,-43.7478670530646,1626.4150390625,1626.4150390625,,3342.926742941141,3.507728299110307
132,135,-22.8030990447188,-43.74732482054434,1675.97216796875,1675.97216796875,,3342.926742941141,3.6146093468822893
132,136,-22.8030990447188,-43.74678258802409,582.7816162109375,582.7816162109375,,3342.926742941141,1.25689908066928
132,137,-22.8030990447188,-43.74624035550383,582.7816162109375,582.7816162109375,,3342.926742941141,1.25689908066928
132,138,-22.8030990447188,-43.745698122983576,644.546630859375,644.546630859375,,3342.926742941141,1.390109168238423
132,139,-22.8030990447188,-43.745155890463316,1245.0174560546875,1245.0174560546875,,3342.926742941141,2.6851589899258963
132,140,-22.8030990447188,-43.74461365794306,1007.0199584960938,1007.0199584960938,,3342.926742941141,2.1718640822589523
132,141,-22.8030990447188,-43.7440714254228,947.2916259765625,947.2916259765625,,3342.926742941141,2.0430465558554847
132,142,-22.8030990447188,-43.74352919290255,1464.3328857421875,1464.3328857421875,,3342.926742941141,3.158161834015324
132,143,-22.8030990447188,-43.74298696038229,1464.3328857421875,1464.3328857421875,,3342.926742941141,3.158161834015324
132,144,-22.8030990447188,-43.742444727862036,833.5167846679688,833.5167846679688,,3342.926742941141,1.7976656284785568
132,145,-22.8030990447188,-43.741902495341776,1312.048583984375,1312.048583984375,,3342.926742941141,2.8297266302348425
132,146,-22.8030990447188,-43.74136026282152,931.7012329101562,931.7012329101562,,3342.926742941141,2.009422381435154
132,147,-22.8030990447188,-43.74081803030127,877.9541015625,877.9541015625,,3342.926742941141,1.893504654965504
133,124,-22.803641277239056,-43.75328937826716,916.3619995117188,916.3619995117188,,3342.9137449264526,1.9763322046584049
133,125,-22.803641277239056,-43.75274714574691,916.3619995117188,916.3619995117188,,3342.9137449264526,1.9763322046584049
133,130,-22.803641277239056,-43.75003598314562,959.488037109375,959.488037109375,,3342.9137449264526,2.0693428020085487
133,131,-22.803641277239056,-43.74949375062537,959.488037109375,959.488037109375,,3342.9137449264526,2.0693428020085487
133,132,-22.803641277239056,-43.74895151810511,2105.743408203125,2105.743408203125,,3342.9137449264526,4.541489623747504
133,133,-22.803641277239056,-43.748409285584856,2105.743408203125,2105.743408203125,,3342.9137449264526,4.541489623747504
133,134,-22.803641277239056,-43.7478670530646,1938.32861328125,1938.32861328125,,3342.9137449264526,4.180423526597376
133,135,-22.803641277239056,-43.74732482054434,607.4961547851562,607.4961547851562,,3342.9137449264526,1.3101964240636297
133,136,-22.803641277239056,-43.74678258802409,782.8216552734375,782.8216552734375,,3342.9137449264526,1.688323663186897
133,139,-22.803641277239056,-43.745155890463316,813.2569580078125,813.2569580078125,,3342.9137449264526,1.7539639548887838
133,140,-22.803641277239056,-43.74461365794306,813.2569580078125,813.2569580078125,,3342.9137449264526,1.7539639548887838
133,141,-22.803641277239056,-43.7440714254228,1243.5775146484375,1243.5775146484375,,3342.9137449264526,2.6820430053825426
133,142,-22.803641277239056,-43.74352919290255,1243.5775146484375,1243.5775146484375,,3342.9137449264526,2.6820430053825426
133,143,-22.803641277239056,-43.74298696038229,1099.1583251953125,1099.1583251953125,,3342.9137449264526,2.3705718889035094
133,144,-22.803641277239056,-43.742444727862036,1099.1583251953125,1099.1583251953125,,3342.9137449264526,2.3705718889035094
133,145,-22.803641277239056,-43.741902495341776,1312.048583984375,1312.048583984375,,3342.9137449264526,2.8297156276520363
133,147,-22.803641277239056,-43.74081803030127,564.96337890625,564.96337890625,,3342.9137449264526,1.2184653235075271
133,148,-22.803641277239056,-43.74027579778101,564.96337890625,564.96337890625,,3342.9137449264526,1.2184653235075271
134,128,-22.804183509759312,-43.751120448186136,635.3280639648438,635.3280639648438,,3342.9007466733456,1.370216608481007
134,130,-22.804183509759312,-43.75003598314562,1024.84326171875,1024.84326171875,,3342.9007466733456,2.2102868391070856
134,131,-22.804183509759312,-43.74949375062537,2303.204833984375,2303.204833984375,,3342.9007466733456,4.967338443330223
134,132,-22.804183509759312,-43.74895151810511,1509.86572265625,1509.86572265625,,3342.9007466733456,3.256338271677941
134,133,-22.804183509759312,-43.748409285584856,1554.26708984375,1554.26708984375,,3342.9007466733456,3.352099019880846
134,134,-22.804183509759312,-43.7478670530646,1032.4495849609375,1032.4495849609375,,3342.9007466733456,2.22669145119187
134,135,-22.804183509759312,-43.74732482054434,607.4961547851562,607.4961547851562,,3342.9007466733456,1.3101913296262497
134,139,-22.804183509759312,-43.745155890463316,985.9168090820312,985.9168090820312,,3342.9007466733456,2.1263338785228783
134,140,-22.804183509759312,-43.74461365794306,1009.1678466796875,1009.1678466796875,,3342.9007466733456,2.1764795586647327
134,141,-22.804183509759312,-43.7440714254228,1296.72314453125,1296.72314453125,,3342.9007466733456,2.7966521392902863
134,142,-22.804183509759312,-43.74352919290255,614.018798828125,614.018798828125,,3342.9007466733456,1.3242587629820348
134,143,-22.804183509759312,-43.74298696038229,2104.8994140625,2104.8994140625,,3342.9007466733456,4.539651716833298
134,144,-22.804183509759312,-43.742444727862036,1569.5675048828125,1569.5675048828125,,3342.9007466733456,3.385097535124044
135,123,-22.80472574227957,-43.75383161078742,557.7787475585938,557.7787475585938,,3342.8877480328083,1.202960761958911
135,127,-22.80472574227957,-43.751662680706396,696.6167602539062,696.6167602539062,,3342.8877480328083,1.502392538934726
135,128,-22.80472574227957,-43.751120448186136,696.6167602539062,696.6167602539062,,3342.8877480328083,1.502392538934726
135,129,-22.80472574227957,-43.75057821566588,668.3936157226562,668.3936157226562,,3342.8877480328083,1.4415237166664083
135,130,-22.80472574227957,-43.75003598314562,1010.37158203125,1010.37158203125,,3342.8877480328083,2.179067190175193
135,131,-22.80472574227957,-43.74949375062537,1108.3143310546875,1108.3143310546875,,3342.8877480328083,2.390300200592478
135,132,-22.80472574227957,-43.74895151810511,1022.4136962890625,1022.4136962890625,,3342.8877480328083,2.205038403683382
135,140,-22.80472574227957,-43.74461365794306,531.4085693359375,531.4085693359375,,3342.8877480328083,1.1460882299261512
135,142,-22.80472574227957,-43.74352919290255,511.1772766113281,511.1772766113281,,3342.8877480328083,1.1024554249511764
135,143,-22.80472574227957,-43.74298696038229,511.1772766113281,511.1772766113281,,3342.8877480328083,1.1024554249511764
135,144,-22.80472574227957,-43.742444727862036,837.821533203125,837.821533203125,,3342.8877480328083,1.806928704937328
135,145,-22.80472574227957,-43.741902495341776,837.821533203125,837.821533203125,,3342.8877480328083,1.806928704937328
136,122,-22.805267974799825,-43.754373843307675,530.680419921875,530.680419921875,,3342.874749183655,1.1445133804823164
136,128,-22.805267974799825,-43.751120448186136,817.89453125,817.89453125,,3342.874749183655,1.7639453043636797
136,129,-22.805267974799825,-43.75057821566588,817.89453125,817.89453125,,3342.874749183655,1.7639453043636797
136,130,-22.805267974799825,-43.75003598314562,1010.37158203125,1010.37158203125,,3342.874749183655,2.1790587168527735
136,140,-22.805267974799825,-43.74461365794306,561.0552978515625,561.0552978515625,,3342.874749183655,1.2100225888796456
136,141,-22.805267974799825,-43.7440714254228,561.0552978515625,561.0552978515625,,3342.874749183655,1.2100225888796456
136,143,-22.805267974799825,-43.74298696038229,586.16845703125,586.16845703125,,3342.874749183655,1.2641838988287974
137,121,-22.805810207320082,-43.754916075827936,853.6954345703125,853.6954345703125,,3342.861750036478,1.8411496102211338
137,130,-22.805810207320082,-43.75003598314562,926.15869140625,926.15869140625,,3342.861750036478,1.9974298147017773
137,131,-22.805810207320082,-43.74949375062537,926.15869140625,926.15869140625,,3342.861750036478,1.9974298147017773
137,132,-22.805810207320082,-43.74895151810511,840.2134399414062,840.2134399414062,,3342.861750036478,1.812073234559704
137,133,-22.805810207320082,-43.748409285584856,930.6749267578125,930.6749267578125,,3342.861750036478,2.0071698983668393
137,138,-22.805810207320082,-43.745698122983576,506.78155517578125,506.78155517578125,,3342.861750036478,1.092966677570185
137,141,-22.805810207320082,-43.7440714254228,547.1641235351562,547.1641235351562,,3342.861750036478,1.180059037425681
137,142,-22.805810207320082,-43.74352919290255,1017.9271850585938,1017.9271850585938,,3342.861750036478,2.195345276676381
137,143,-22.805810207320082,-43.74298696038229,586.16845703125,586.16845703125,,3342.861750036478,1.2641789829064873
137,152,-22.805810207320082,-43.73810686769998,559.6755981445312,559.6755981445312,,3342.861750036478,1.207042309992831
138,127,-22.80635243984034,-43.751662680706396,609.9134521484375,609.9134521484375,,3342.848750501871,1.3153842721707252
138,128,-22.80635243984034,-43.751120448186136,609.9134521484375,609.9134521484375,,3342.848750501871,1.3153842721707252
138,131,-22.80635243984034,-43.74949375062537,723.1221923828125,723.1221923828125,,3342.848750501871,1.559538579395804
138,133,-22.80635243984034,-43.748409285584856,930.6749267578125,930.6749267578125,,3342.848750501871,2.007162092996319
138,134,-22.80635243984034,-43.7478670530646,1032.7830810546875,1032.7830810546875,,3342.848750501871,2.227376059009653
138,137,-22.80635243984034,-43.74624035550383,746.116455078125,746.116455078125,,3342.848750501871,1.609129699895004
138,142,-22.80635243984034,-43.74352919290255,810.815185546875,810.815185546875,,3342.848750501871,1.7486637472065143
138,143,-22.80635243984034,-43.74298696038229,767.9927368164062,767.9927368164062,,3342.848750501871,1.65630970032088
138,144,-22.80635243984034,-43.742444727862036,882.120849609375,882.120849609375,,3342.848750501871,1.9024467941193322
139,119,-22.806894672360595,-43.75600054086844,669.8919067382812,669.8919067382812,,3342.835750758648,1.4447326065350727
139,120,-22.806894672360595,-43.75545830834819,669.8919067382812,669.8919067382812,,3342.835750758648,1.4447326065350727
139,131,-22.806894672360595,-43.74949375062537,743.065673828125,743.065673828125,,3342.835750758648,1.6025439283234437
139,132,-22.806894672360595,-43.74895151810511,743.065673828125,743.065673828125,,3342.835750758648,1.6025439283234437
139,133,-22.806894672360595,-43.748409285584856,933.728271484375,933.728271484375,,3342.835750758648,2.0137393300142414
139,134,-22.806894672360595,-43.7478670530646,933.728271484375,933.728271484375,,3342.835750758648,2.0137393300142414
139,137,-22.806894672360595,-43.74624035550383,535.00732421875,535.00732421875,,3342.835750758648,1.1538317126376165
139,138,-22.806894672360595,-43.745698122983576,535.00732421875,535.00732421875,,3342.835750758648,1.1538317126376165
139,139,-22.806894672360595,-43.745155890463316,584.8436889648438,584.8436889648438,,3342.835750758648,1.261312069417007
139,140,-22.806894672360595,-43.74461365794306,584.8436889648438,584.8436889648438,,3342.835750758648,1.261312069417007
139,144,-22.806894672360595,-43.742444727862036,882.120849609375,882.120849609375,,3342.835750758648,1.9024393958426928
139,145,-22.806894672360595,-43.741902495341776,615.6336669921875,615.6336669921875,,3342.835750758648,1.3277157455372217
140,118,-22.80743690488085,-43.7565427733887,612.283447265625,612.283447265625,,3342.8227507174015,1.3204853077332193
140,132,-22.80743690488085,-43.74895151810511,718.5653686523438,718.5653686523438,,3342.8227507174015,1.5496989444819753
140,133,-22.80743690488085,-43.748409285584856,718.5653686523438,718.5653686523438,,3342.8227507174015,1.5496989444819753
140,134,-22.80743690488085,-43.7478670530646,938.5877685546875,938.5877685546875,,3342.8227507174015,2.0242117665103083
140,137,-22.80743690488085,-43.74624035550383,535.816162109375,535.816162109375,,3342.8227507174015,1.1555716112712122
140,138,-22.80743690488085,-43.745698122983576,739.0338745117188,739.0338745117188,,3342.8227507174015,1.5938424884227123
140,140,-22.80743690488085,-43.74461365794306,792.38916015625,792.38916015625,,3342.8227507174015,1.708911532177128
140,141,-22.80743690488085,-43.7440714254228,852.0800170898438,852.0800170898438,,3342.8227507174015,1.8376442293271482
140,143,-22.80743690488085,-43.74298696038229,912.0366821289062,912.0366821289062,,3342.8227507174015,1.9669501833560135
141,113,-22.807979137401105,-43.75925393598998,841.6189575195312,841.6189575195312,,3342.8097503483295,1.8150762543249863
141,118,-22.807979137401105,-43.7565427733887,612.283447265625,612.283447265625,,3342.8097503483295,1.3204801723139539
141,134,-22.807979137401105,-43.7478670530646,512.166259765625,512.166259765625,,3342.8097503483295,1.1045625910172716
141,135,-22.807979137401105,-43.74732482054434,512.166259765625,512.166259765625,,3342.8097503483295,1.1045625910172716
141,138,-22.807979137401105,-43.745698122983576,730.28759765625,730.28759765625,,3342.8097503483295,1.574973645128636
141,142,-22.807979137401105,-43.74352919290255,793.6805419921875,793.6805419921875,,3342.8097503483295,1.7116899428401637
141,143,-22.807979137401105,-43.74298696038229,793.6805419921875,793.6805419921875,,3342.8097503483295,1.7116899428401637
141,144,-22.807979137401105,-43.742444727862036,539.7371215820312,539.7371215820312,,3342.8097503483295,1.164023248535877
142,113,-22.808521369921362,-43.75925393598998,843.17333984375,843.17333984375,,3342.7967496216297,1.818421438456199
142,119,-22.808521369921362,-43.75600054086844,1732.527587890625,1732.527587890625,,3342.7967496216297,3.7364384755345057
142,121,-22.808521369921362,-43.754916075827936,541.6015014648438,541.6015014648438,,3342.7967496216297,1.1680395178840028
142,122,-22.808521369921362,-43.754373843307675,531.7090454101562,531.7090454101562,,3342.7967496216297,1.1467050504396656
142,123,-22.808521369921362,-43.75383161078742,531.7090454101562,531.7090454101562,,3342.7967496216297,1.1467050504396656
142,130,-22.808521369921362,-43.75003598314562,556.869873046875,556.869873046875,,3342.7967496216297,1.2009679003447506
142,143,-22.808521369921362,-43.74298696038229,702.1285400390625,702.1285400390625,,3342.7967496216297,1.5142385668830358
143,113,-22.80906360244162,-43.75925393598998,843.17333984375,843.17333984375,,3342.7837487459183,1.8184143662131391
143,117,-22.80906360244162,-43.757085005908955,761.7335205078125,761.7335205078125,,3342.7837487459183,1.6427786689439225
143,118,-22.80906360244162,-43.7565427733887,761.7335205078125,761.7335205078125,,3342.7837487459183,1.6427786689439225
143,119,-22.80906360244162,-43.75600054086844,1732.527587890625,1732.527587890625,,3342.7837487459183,3.7364239436990814
143,120,-22.80906360244162,-43.75545830834819,711.4194946289062,711.4194946289062,,3342.7837487459183,1.534269845008411
143,121,-22.80906360244162,-43.754916075827936,541.6015014648438,541.6015014648438,,3342.7837487459183,1.1680349751200434
143,123,-22.80906360244162,-43.75383161078742,526.4212646484375,526.4212646484375,,3342.7837487459183,1.1352967949558248
143,126,-22.80906360244162,-43.75220491322665,602.4559936523438,602.4559936523438,,3342.7837487459183,1.299275702990853
143,140,-22.80906360244162,-43.74461365794306,869.945556640625,869.945556640625,,3342.7837487459183,1.8761521780465065
143,151,-22.80906360244162,-43.73864910022024,582.537841796875,582.537841796875,,3342.7837487459183,1.2563195849889353
144,121,-22.809605834961875,-43.754916075827936,1155.53759765625,1155.53759765625,,3342.7707474827766,2.492059338807649
144,122,-22.809605834961875,-43.754373843307675,730.2615966796875,730.2615966796875,,3342.7707474827766,1.5748991945129005
144,123,-22.809605834961875,-43.75383161078742,824.180419921875,824.180419921875,,3342.7707474827766,1.7774467196001316
144,126,-22.809605834961875,-43.75220491322665,602.4559936523438,602.4559936523438,,3342.7707474827766,1.2992706496501114
144,130,-22.809605834961875,-43.75003598314562,536.4578247070312,536.4578247070312,,3342.7707474827766,1.1569374589361403
144,131,-22.809605834961875,-43.74949375062537,537.849365234375,537.849365234375,,3342.7707474827766,1.1599384876984498
144,138,-22.809605834961875,-43.745698122983576,717.21337890625,717.21337890625,,3342.7707474827766,1.546759103681547
144,139,-22.809605834961875,-43.745155890463316,748.1633911132812,748.1633911132812,,3342.7707474827766,1.6135066219909315
144,140,-22.809605834961875,-43.74461365794306,869.945556640625,869.945556640625,,3342.7707474827766,1.8761448810300094
144,141,-22.809605834961875,-43.7440714254228,586.0120849609375,586.0120849609375,,3342.7707474827766,1.2638073325723838
144,142,-22.809605834961875,-43.74352919290255,530.9138793945312,530.9138793945312,,3342.7707474827766,1.1449812571493039
144,143,-22.809605834961875,-43.74298696038229,530.9138793945312,530.9138793945312,,3342.7707474827766,1.1449812571493039
145,108,-22.81014806748213,-43.76196509859127,786.0940551757812,786.0940551757812,,3342.7577458918095,1.6953021830876343
145,121,-22.81014806748213,-43.754916075827936,1265.496826171875,1265.496826171875,,3342.7577458918095,2.7291893609600084
145,122,-22.81014806748213,-43.754373843307675,730.2615966796875,730.2615966796875,,3342.7577458918095,1.5748930689970668
145,124,-22.81014806748213,-43.75328937826716,754.77685546875,754.77685546875,,3342.7577458918095,1.6277630423423843
145,130,-22.81014806748213,-43.75003598314562,536.4578247070312,536.4578247070312,,3342.7577458918095,1.1569329590679915
145,132,-22.81014806748213,-43.74895151810511,550.469482421875,550.469482421875,,3342.7577458918095,1.1871507094201925
145,133,-22.81014806748213,-43.748409285584856,550.469482421875,550.469482421875,,3342.7577458918095,1.1871507094201925
145,138,-22.81014806748213,-43.745698122983576,561.11474609375,561.11474609375,,3342.7577458918095,1.2101084440877543
145,139,-22.81014806748213,-43.745155890463316,561.11474609375,561.11474609375,,3342.7577458918095,1.2101084440877543
146,118,-22.81069030000239,-43.7565427733887,746.61083984375,746.61083984375,,3342.744744092226,1.6101458282953471
146,120,-22.81069030000239,-43.75545830834819,1010.9786987304688,1010.9786987304688,,3342.744744092226,2.1802832846587012
146,121,-22.81069030000239,-43.754916075827936,786.9125366210938,786.9125366210938,,3342.744744092226,1.6970607315839794
146,124,-22.81069030000239,-43.75328937826716,1150.8697509765625,1150.8697509765625,,3342.744744092226,2.481973244366537
146,126,-22.81069030000239,-43.75220491322665,667.794677734375,667.794677734375,,3342.744744092226,1.440170376761294
146,127,-22.81069030000239,-43.751662680706396,659.4876098632812,659.4876098632812,,3342.744744092226,1.4222552997704387
147,113,-22.811232532522645,-43.75925393598998,672.7815551757812,672.7815551757812,,3342.7317419052124,1.4509194656951958
147,114,-22.811232532522645,-43.75871170346973,672.7815551757812,672.7815551757812,,3342.7317419052124,1.4509194656951958
147,117,-22.811232532522645,-43.757085005908955,569.639404296875,569.639404296875,,3342.7317419052124,1.2284832926274374
147,119,-22.811232532522645,-43.75600054086844,685.18994140625,685.18994140625,,3342.7317419052124,1.4776793686401384
147,120,-22.811232532522645,-43.75545830834819,685.18994140625,685.18994140625,,3342.7317419052124,1.4776793686401384
147,121,-22.811232532522645,-43.754916075827936,728.34814453125,728.34814453125,,3342.7317419052124,1.5707542701988308
147,122,-22.811232532522645,-43.754373843307675,728.34814453125,728.34814453125,,3342.7317419052124,1.5707542701988308
147,123,-22.811232532522645,-43.75383161078742,750.78955078125,750.78955078125,,3342.7317419052124,1.6191513656828047
147,124,-22.811232532522645,-43.75328937826716,1066.798095703125,1066.798095703125,,3342.7317419052124,2.300654813014038
147,132,-22.811232532522645,-43.74895151810511,759.3643798828125,759.3643798828125,,3342.7317419052124,1.637643826367486
147,135,-22.811232532522645,-43.74732482054434,650.7708740234375,650.7708740234375,,3342.7317419052124,1.403451271165395
147,136,-22.811232532522645,-43.74678258802409,650.7708740234375,650.7708740234375,,3342.7317419052124,1.403451271165395
148,117,-22.8117747650429,-43.757085005908955,599.1580810546875,599.1580810546875,,3342.7187395095825,1.292138190568541
148,118,-22.8117747650429,-43.7565427733887,599.1580810546875,599.1580810546875,,3342.7187395095825,1.292138190568541
148,119,-22.8117747650429,-43.75600054086844,614.4649658203125,614.4649658203125,,3342.7187395095825,1.3251488617247738
148,121,-22.8117747650429,-43.754916075827936,795.6126708984375,795.6126708984375,,3342.7187395095825,1.7158101500666862
148,123,-22.8117747650429,-43.75383161078742,1160.475830078125,1160.475830078125,,3342.7187395095825,2.502670308036468
148,124,-22.8117747650429,-43.75328937826716,1160.475830078125,1160.475830078125,,3342.7187395095825,2.502670308036468
148,147,-22.8117747650429,-43.74081803030127,705.525634765625,705.525634765625,,3342.7187395095825,1.5215293691792287
149,113,-22.81231699756316,-43.75925393598998,540.9199829101562,540.9199829101562,,3342.705736786127,1.1665379659646147
149,116,-22.81231699756316,-43.757627238429215,1158.0958251953125,1158.0958251953125,,3342.705736786127,2.4975278987610245
149,117,-22.81231699756316,-43.757085005908955,1158.0958251953125,1158.0958251953125,,3342.705736786127,2.4975278987610245
149,118,-22.81231699756316,-43.7565427733887,827.6748657226562,827.6748657226562,,3342.705736786127,1.7849482083203227
149,119,-22.81231699756316,-43.75600054086844,827.6748657226562,827.6748657226562,,3342.705736786127,1.7849482083203227
149,121,-22.81231699756316,-43.754916075827936,923.5602416992188,923.5602416992188,,3342.705736786127,1.9917328252532673
149,122,-22.81231699756316,-43.754373843307675,918.4874267578125,918.4874267578125,,3342.705736786127,1.9807928869806488
149,123,-22.81231699756316,-43.75383161078742,918.4874267578125,918.4874267578125,,3342.705736786127,1.9807928869806488
149,126,-22.81231699756316,-43.75220491322665,641.5070190429688,641.5070190429688,,3342.705736786127,1.3834620956695243
149,138,-22.81231699756316,-43.745698122983576,736.5911254882812,736.5911254882812,,3342.705736786127,1.5885187096469393
149,139,-22.81231699756316,-43.745155890463316,736.5911254882812,736.5911254882812,,3342.705736786127,1.5885187096469393
149,141,-22.81231699756316,-43.7440714254228,550.3184814453125,550.3184814453125,,3342.705736786127,1.1868065929532825
150,116,-22.812859230083415,-43.757627238429215,797.7803955078125,797.7803955078125,,3342.692733734846,1.7204716577153314
150,122,-22.812859230083415,-43.754373843307675,1353.6251220703125,1353.6251220703125,,3342.692733734846,2.9191913850064295
150,123,-22.812859230083415,-43.75383161078742,896.734130859375,896.734130859375,,3342.692733734846,1.9338726112309406
150,141,-22.812859230083415,-43.7440714254228,550.3184814453125,550.3184814453125,,3342.692733734846,1.1868019763019217
150,150,-22.812859230083415,-43.739191332740496,886.8133544921875,886.8133544921875,,3342.692733734846,1.9124777328177982
151,105,-22.81340146260367,-43.763591796152035,570.2902221679688,570.2902221679688,,3342.6797303557396,1.229867708712156
151,123,-22.81340146260367,-43.75383161078742,896.734130859375,896.734130859375,,3342.6797303557396,1.9338650882903923
152,105,-22.813943695123925,-43.763591796152035,570.2902221679688,570.2902221679688,,3342.6667268276215,1.229862924341345
152,111,-22.813943695123925,-43.760338401030495,619.5738525390625,619.5738525390625,,3342.6667268276215,1.3361458438343943
152,118,-22.813943695123925,-43.7565427733887,516.4544677734375,516.4544677734375,,3342.6667268276215,1.1137630934831555
152,131,-22.813943695123925,-43.74949375062537,515.4951782226562,515.4951782226562,,3342.6667268276215,1.111694331638127
152,134,-22.813943695123925,-43.7478670530646,556.6588745117188,556.6588745117188,,3342.6667268276215,1.2004661568016566
153,108,-22.81448592764418,-43.76196509859127,1031.6944580078125,1031.6944580078125,,3342.6537228524685,2.2248984423232727
153,118,-22.81448592764418,-43.7565427733887,516.4544677734375,516.4544677734375,,3342.6537228524685,1.1137587606109975
153,119,-22.81448592764418,-43.75600054086844,872.1673583984375,872.1673583984375,,3342.6537228524685,1.8808706221926734
153,122,-22.81448592764418,-43.754373843307675,675.7639770507812,675.7639770507812,,3342.6537228524685,1.4573173367837144
153,123,-22.81448592764418,-43.75383161078742,675.7639770507812,675.7639770507812,,3342.6537228524685,1.4573173367837144
153,141,-22.81448592764418,-43.7440714254228,841.4163818359375,841.4163818359375,,3342.6537228524685,1.8145546704854794
153,144,-22.81448592764418,-43.742444727862036,550.8758544921875,550.8758544921875,,3342.6537228524685,1.187990127367621
154,108,-22.815028160164438,-43.76196509859127,1031.6944580078125,1031.6944580078125,,3342.640718638897,2.224889786609305
154,114,-22.815028160164438,-43.75871170346973,951.315185546875,951.315185546875,,3342.640718638897,2.051548715553486
154,118,-22.815028160164438,-43.7565427733887,1364.158935546875,1364.158935546875,,3342.640718638897,2.9418625441400597
154,120,-22.815028160164438,-43.75545830834819,1228.71533203125,1228.71533203125,,3342.640718638897,2.649773071540419
154,122,-22.815028160164438,-43.754373843307675,806.3014526367188,806.3014526367188,,3342.640718638897,1.738820881488245
154,123,-22.815028160164438,-43.75383161078742,704.435791015625,704.435791015625,,3342.640718638897,1.5191435648293872
154,127,-22.815028160164438,-43.751662680706396,750.5880737304688,750.5880737304688,,3342.640718638897,1.618672782655411
154,128,-22.815028160164438,-43.751120448186136,680.763671875,680.763671875,,3342.640718638897,1.4680937063227553
154,129,-22.815028160164438,-43.75057821566588,680.763671875,680.763671875,,3342.640718638897,1.4680937063227553
154,135,-22.815028160164438,-43.74732482054434,659.2316284179688,659.2316284179688,,3342.640718638897,1.4216590054279932
154,137,-22.815028160164438,-43.74624035550383,1068.065673828125,1068.065673828125,,3342.640718638897,2.303325747932035
155,117,-22.815570392684695,-43.757085005908955,578.8345336914062,578.8345336914062,,3342.627714186907,1.24827464355634
155,120,-22.815570392684695,-43.75545830834819,926.859375,926.859375,,3342.627714186907,1.9988010193113233
155,122,-22.815570392684695,-43.754373843307675,1249.4947509765625,1249.4947509765625,,3342.627714186907,2.6945742247858266
155,123,-22.815570392684695,-43.75383161078742,1465.530517578125,1465.530517578125,,3342.627714186907,3.160462062939167
155,124,-22.815570392684695,-43.75328937826716,1465.530517578125,1465.530517578125,,3342.627714186907,3.160462062939167
155,125,-22.815570392684695,-43.75274714574691,867.4639892578125,867.4639892578125,,3342.627714186907,1.870713025850747
155,126,-22.815570392684695,-43.75220491322665,1248.7215576171875,1248.7215576171875,,3342.627714186907,2.6929068093002324
155,127,-22.815570392684695,-43.751662680706396,750.5880737304688,750.5880737304688,,3342.627714186907,1.618666485253368
155,131,-22.815570392684695,-43.74949375062537,578.0732421875,578.0732421875,,3342.627714186907,1.2466328947915926
155,132,-22.815570392684695,-43.74895151810511,578.0732421875,578.0732421875,,3342.627714186907,1.2466328947915926
155,135,-22.815570392684695,-43.74732482054434,659.2316284179688,659.2316284179688,,3342.627714186907,1.4216534745026443
155,136,-22.815570392684695,-43.74678258802409,872.0632934570312,872.0632934570312,,3342.627714186907,1.8806315681555292
155,148,-22.815570392684695,-43.74027579778101,548.7359619140625,548.7359619140625,,3342.627714186907,1.1833661390182384
155,149,-22.815570392684695,-43.73973356526076,804.5721435546875,804.5721435546875,,3342.627714186907,1.7350848079263432
156,104,-22.81611262520495,-43.76413402867229,730.1437377929688,730.1437377929688,,3342.614709317684,1.5745715139770662
156,107,-22.81611262520495,-43.76250733111152,732.0055541992188,732.0055541992188,,3342.614709317684,1.5785865632417462
156,108,-22.81611262520495,-43.76196509859127,732.0055541992188,732.0055541992188,,3342.614709317684,1.5785865632417462
156,116,-22.81611262520495,-43.757627238429215,523.9639892578125,523.9639892578125,,3342.614709317684,1.129940214688344
156,117,-22.81611262520495,-43.757085005908955,578.8345336914062,578.8345336914062,,3342.614709317684,1.248269787003388
156,121,-22.81611262520495,-43.754916075827936,719.8912963867188,719.8912963867188,,3342.614709317684,1.5524618917870618
156,122,-22.81611262520495,-43.754373843307675,1711.0889892578125,1711.0889892578125,,3342.614709317684,3.6900021747897367
156,123,-22.81611262520495,-43.75383161078742,502.3958740234375,502.3958740234375,,3342.614709317684,1.0834280855000895
156,124,-22.81611262520495,-43.75328937826716,1465.45703125,1465.45703125,,3342.614709317684,3.16029129187427
156,126,-22.81611262520495,-43.75220491322665,1214.6038818359375,1214.6038818359375,,3342.614709317684,2.6193207913906877
156,130,-22.81611262520495,-43.75003598314562,575.0758666992188,575.0758666992188,,3342.614709317684,1.2401641364717355
156,132,-22.81611262520495,-43.74895151810511,878.66064453125,878.66064453125,,3342.614709317684,1.894851588419606
156,133,-22.81611262520495,-43.748409285584856,516.1900024414062,516.1900024414062,,3342.614709317684,1.1131754359775838
156,137,-22.81611262520495,-43.74624035550383,536.8316040039062,536.8316040039062,,3342.614709317684,1.157689517439709
156,139,-22.81611262520495,-43.745155890463316,612.3084106445312,612.3084106445312,,3342.614709317684,1.3204569610960994
156,142,-22.81611262520495,-43.74352919290255,543.436767578125,543.436767578125,,3342.614709317684,1.1719337023457679
156,143,-22.81611262520495,-43.74298696038229,543.436767578125,543.436767578125,,3342.614709317684,1.1719337023457679
156,148,-22.81611262520495,-43.74027579778101,548.7359619140625,548.7359619140625,,3342.614709317684,1.1833615349991262
157,112,-22.816654857725208,-43.75979616851024,623.4689331054688,623.4689331054688,,3342.6017042696476,1.3445196495380192
157,120,-22.816654857725208,-43.75545830834819,660.70947265625,660.70947265625,,3342.6017042696476,1.4248294044058742
157,121,-22.816654857725208,-43.754916075827936,1283.09619140625,1283.09619140625,,3342.6017042696476,2.7670152432459134
157,122,-22.816654857725208,-43.754373843307675,1009.3294677734375,1009.3294677734375,,3342.6017042696476,2.176633397785629
157,123,-22.816654857725208,-43.75383161078742,1240.986572265625,1240.986572265625,,3342.6017042696476,2.6762052487733334
157,126,-22.816654857725208,-43.75220491322665,657.6796875,657.6796875,,3342.6017042696476,1.4182956294891893
157,127,-22.816654857725208,-43.751662680706396,657.6796875,657.6796875,,3342.6017042696476,1.4182956294891893
157,130,-22.816654857725208,-43.75003598314562,575.0758666992188,575.0758666992188,,3342.6017042696476,1.2401593113885085
157,132,-22.816654857725208,-43.74895151810511,518.4117431640625,518.4117431640625,,3342.6017042696476,1.1179623205338267
157,133,-22.816654857725208,-43.748409285584856,518.4117431640625,518.4117431640625,,3342.6017042696476,1.1179623205338267
157,134,-22.816654857725208,-43.7478670530646,664.4981079101562,664.4981079101562,,3342.6017042696476,1.432999650384991
157,135,-22.816654857725208,-43.74732482054434,664.4981079101562,664.4981079101562,,3342.6017042696476,1.432999650384991
157,136,-22.816654857725208,-43.74678258802409,786.1707763671875,786.1707763671875,,3342.6017042696476,1.6953884958682184
157,139,-22.816654857725208,-43.745155890463316,503.60467529296875,503.60467529296875,,3342.6017042696476,1.0860306674110864
157,140,-22.816654857725208,-43.74461365794306,747.708740234375,747.708740234375,,3342.6017042696476,1.6124445661936027
157,141,-22.816654857725208,-43.7440714254228,747.708740234375,747.708740234375,,3342.6017042696476,1.6124445661936027
158,112,-22.817197090245465,-43.75979616851024,623.4689331054688,623.4689331054688,,3342.588698834181,1.3445144182645734
158,116,-22.817197090245465,-43.757627238429215,902.9865112304688,902.9865112304688,,3342.588698834181,1.9472957181691866
158,117,-22.817197090245465,-43.757085005908955,902.9865112304688,902.9865112304688,,3342.588698834181,1.9472957181691866
158,118,-22.817197090245465,-43.7565427733887,900.0449829101562,900.0449829101562,,3342.588698834181,1.9409522950595626
158,119,-22.817197090245465,-43.75600054086844,1949.285888671875,1949.285888671875,,3342.588698834181,4.203646474548002
158,120,-22.817197090245465,-43.75545830834819,660.70947265625,660.70947265625,,3342.588698834181,1.4248238606622545
158,122,-22.817197090245465,-43.754373843307675,969.5543212890625,969.5543212890625,,3342.588698834181,2.0908495917684284
158,123,-22.817197090245465,-43.75383161078742,969.5543212890625,969.5543212890625,,3342.588698834181,2.0908495917684284
158,124,-22.817197090245465,-43.75328937826716,1183.528076171875,1183.528076171875,,3342.588698834181,2.552285251661179
158,125,-22.817197090245465,-43.75274714574691,1801.1473388671875,1801.1473388671875,,3342.588698834181,3.884184821308716
158,126,-22.817197090245465,-43.75220491322665,1541.834716796875,1541.834716796875,,3342.588698834181,3.3249756278771834
158,127,-22.817197090245465,-43.751662680706396,1512.6627197265625,1512.6627197265625,,3342.588698834181,3.2620660447561067
158,128,-22.817197090245465,-43.751120448186136,519.9650268554688,519.9650268554688,,3342.588698834181,1.1213076361613048
158,129,-22.817197090245465,-43.75057821566588,519.9650268554688,519.9650268554688,,3342.588698834181,1.1213076361613048
158,132,-22.817197090245465,-43.74895151810511,823.0377197265625,823.0377197265625,,3342.588698834181,1.7748856794453383
158,136,-22.817197090245465,-43.74678258802409,674.032470703125,674.032470703125,,3342.588698834181,1.4535549842473716
158,137,-22.817197090245465,-43.74624035550383,674.032470703125,674.032470703125,,3342.588698834181,1.4535549842473716
158,138,-22.817197090245465,-43.745698122983576,611.9729614257812,611.9729614257812,,3342.588698834181,1.3197232877774245
159,103,-22.81773932276572,-43.76467626119255,538.5147094726562,538.5147094726562,,3342.575693130493,1.1613056171882477
159,115,-22.81773932276572,-43.75816947094947,1436.7705078125,1436.7705078125,,3342.575693130493,3.0983919881538333
159,116,-22.81773932276572,-43.757627238429215,816.2363891601562,816.2363891601562,,3342.575693130493,1.7602117212608335
159,117,-22.81773932276572,-43.757085005908955,625.1048583984375,625.1048583984375,,3342.575693130493,1.3480370556649206
159,118,-22.81773932276572,-43.7565427733887,967.5302124023438,967.5302124023438,,3342.575693130493,2.086476470740178
159,119,-22.81773932276572,-43.75600054086844,1060.0789794921875,1060.0789794921875,,3342.575693130493,2.286057654308089
159,120,-22.81773932276572,-43.75545830834819,1060.0789794921875,1060.0789794921875,,3342.575693130493,2.286057654308089
159,121,-22.81773932276572,-43.754916075827936,1099.9876708984375,1099.9876708984375,,3342.575693130493,2.3721206469979177
159,122,-22.81773932276572,-43.754373843307675,1099.9876708984375,1099.9876708984375,,3342.575693130493,2.3721206469979177
159,123,-22.81773932276572,-43.75383161078742,1094.7777099609375,1094.7777099609375,,3342.575693130493,2.360885379333688
159,124,-22.81773932276572,-43.75328937826716,1094.7777099609375,1094.7777099609375,,3342.575693130493,2.360885379333688
159,125,-22.81773932276572,-43.75274714574691,885.4423217773438,885.4423217773438,,3342.575693130493,1.9094541409707673
159,126,-22.81773932276572,-43.75220491322665,674.0110473632812,674.0110473632812,,3342.575693130493,1.4535031292207568
159,127,-22.81773932276572,-43.751662680706396,891.2438354492188,891.2438354492188,,3342.575693130493,1.9219650906195531
159,128,-22.81773932276572,-43.751120448186136,891.2438354492188,891.2438354492188,,3342.575693130493,1.9219650906195531
159,131,-22.81773932276572,-43.74949375062537,1340.0775146484375,1340.0775146484375,,3342.575693130493,2.8898737914751735
159,132,-22.81773932276572,-43.74895151810511,1084.034912109375,1084.034912109375,,3342.575693130493,2.3377185627734605
159,135,-22.81773932276572,-43.74732482054434,731.9744262695312,731.9744262695312,,3342.575693130493,1.5785010101160728
159,136,-22.81773932276572,-43.74678258802409,731.9744262695312,731.9744262695312,,3342.575693130493,1.5785010101160728
159,137,-22.81773932276572,-43.74624035550383,766.2825927734375,766.2825927734375,,3342.575693130493,1.652486484933338
159,140,-22.81773932276572,-43.74461365794306,764.1714477539062,764.1714477539062,,3342.575693130493,1.6479338060059945
159,142,-22.81773932276572,-43.74352919290255,648.5979614257812,648.5979614257812,,3342.575693130493,1.398699873283316
160,102,-22.818281555285978,-43.7652184937128,671.5472412109375,671.5472412109375,,3342.562687188387,1.4481843025486514
160,103,-22.818281555285978,-43.76467626119255,671.5472412109375,671.5472412109375,,3342.562687188387,1.4481843025486514
160,114,-22.818281555285978,-43.75871170346973,995.756103515625,995.756103515625,,3342.562687188387,2.1473371786593107
160,115,-22.818281555285978,-43.75816947094947,1436.7705078125,1436.7705078125,,3342.562687188387,3.098379932329068
160,119,-22.818281555285978,-43.75600054086844,1202.14306640625,1202.14306640625,,3342.562687188387,2.5924084135138243
160,120,-22.818281555285978,-43.75545830834819,944.961669921875,944.961669921875,,3342.562687188387,2.0377995365201285
160,123,-22.818281555285978,-43.75383161078742,539.3744506835938,539.3744506835938,,3342.562687188387,1.1631551211010471
160,124,-22.818281555285978,-43.75328937826716,710.6885375976562,710.6885375976562,,3342.562687188387,1.5325920813765976
160,125,-22.818281555285978,-43.75274714574691,1168.291748046875,1168.291748046875,,3342.562687188387,2.519408414615422
160,126,-22.818281555285978,-43.75220491322665,1168.291748046875,1168.291748046875,,3342.562687188387,2.519408414615422
160,127,-22.818281555285978,-43.751662680706396,773.480712890625,773.480712890625,,3342.562687188387,1.668002722656557
160,128,-22.818281555285978,-43.751120448186136,971.6748657226562,971.6748657226562,,3342.562687188387,2.095406251961088
160,133,-22.818281555285978,-43.748409285584856,871.2681884765625,871.2681884765625,,3342.562687188387,1.8788803473997613
160,143,-22.818281555285978,-43.74298696038229,566.0450439453125,566.0450439453125,,3342.562687188387,1.220669964631093
160,144,-22.818281555285978,-43.742444727862036,524.6870727539062,524.6870727539062,,3342.562687188387,1.131481950759347
161,112,-22.818823787806235,-43.75979616851024,656.9718017578125,656.9718017578125,,3342.5496808588505,1.4167470135496842
161,118,-22.818823787806235,-43.7565427733887,756.1615600585938,756.1615600585938,,3342.5496808588505,1.6306478133577573
161,119,-22.818823787806235,-43.75600054086844,927.0957641601562,927.0957641601562,,3342.5496808588505,1.9992641261529527
161,120,-22.818823787806235,-43.75545830834819,927.0957641601562,927.0957641601562,,3342.5496808588505,1.9992641261529527
161,121,-22.818823787806235,-43.754916075827936,529.0205078125,529.0205078125,,3342.5496808588505,1.1408225171073474
161,122,-22.818823787806235,-43.754373843307675,529.0205078125,529.0205078125,,3342.5496808588505,1.1408225171073474
161,123,-22.818823787806235,-43.75383161078742,572.1881103515625,572.1881103515625,,3342.5496808588505,1.2339126190199128
161,124,-22.818823787806235,-43.75328937826716,872.8191528320312,872.8191528320312,,3342.5496808588505,1.8822176611464299
161,125,-22.818823787806235,-43.75274714574691,872.8191528320312,872.8191528320312,,3342.5496808588505,1.8822176611464299
161,126,-22.818823787806235,-43.75220491322665,691.65625,691.65625,,3342.5496808588505,1.4915433569121541
161,127,-22.818823787806235,-43.751662680706396,747.3943481445312,747.3943481445312,,3342.5496808588505,1.6117414900373783
161,128,-22.818823787806235,-43.751120448186136,971.6748657226562,971.6748657226562,,3342.5496808588505,2.095398098473248
161,129,-22.818823787806235,-43.75057821566588,1342.244873046875,1342.244873046875,,3342.5496808588505,2.8945251687416462
161,132,-22.818823787806235,-43.74895151810511,917.9832153320312,917.9832153320312,,3342.5496808588505,1.9796130904410256
161,133,-22.818823787806235,-43.748409285584856,917.9832153320312,917.9832153320312,,3342.5496808588505,1.9796130904410256
161,143,-22.818823787806235,-43.74298696038229,517.7514038085938,517.7514038085938,,3342.5496808588505,1.1165209117717798
161,146,-22.818823787806235,-43.74136026282152,585.6986083984375,585.6986083984375,,3342.5496808588505,1.2630477473591581
162,111,-22.81936602032649,-43.760338401030495,923.5333862304688,923.5333862304688,,3342.536674320698,1.9915741772384397
162,114,-22.81936602032649,-43.75871170346973,570.5162353515625,570.5162353515625,,3342.536674320698,1.2303024654681125
162,115,-22.81936602032649,-43.75816947094947,570.5162353515625,570.5162353515625,,3342.536674320698,1.2303024654681125
162,116,-22.81936602032649,-43.757627238429215,748.703857421875,748.703857421875,,3342.536674320698,1.6145591389244172
162,117,-22.81936602032649,-43.757085005908955,515.3067016601562,515.3067016601562,,3342.536674320698,1.1112446346668106
162,118,-22.81936602032649,-43.7565427733887,756.1615600585938,756.1615600585938,,3342.536674320698,1.630641468176676
162,119,-22.81936602032649,-43.75600054086844,543.7843017578125,543.7843017578125,,3342.536674320698,1.172655790808882
162,120,-22.81936602032649,-43.75545830834819,1242.1097412109375,1242.1097412109375,,3342.536674320698,2.678575266227242
162,121,-22.81936602032649,-43.754916075827936,1242.1097412109375,1242.1097412109375,,3342.536674320698,2.678575266227242
162,122,-22.81936602032649,-43.754373843307675,835.2009887695312,835.2009887695312,,3342.536674320698,1.8010878078015862
162,126,-22.81936602032649,-43.75220491322665,1235.8350830078125,1235.8350830078125,,3342.536674320698,2.665044139540694
162,127,-22.81936602032649,-43.751662680706396,761.8465576171875,761.8465576171875,,3342.536674320698,1.6429010080094175
162,128,-22.81936602032649,-43.751120448186136,1816.7542724609375,1816.7542724609375,,3342.536674320698,3.917780287498871
162,129,-22.81936602032649,-43.75057821566588,1816.7542724609375,1816.7542724609375,,3342.536674320698,3.917780287498871
162,130,-22.81936602032649,-43.75003598314562,571.1512451171875,571.1512451171875,,3342.536674320698,1.231671846445962
162,132,-22.81936602032649,-43.74895151810511,1024.386962890625,1024.386962890625,,3342.536674320698,2.20906212294047
162,133,-22.81936602032649,-43.748409285584856,1053.1025390625,1053.1025390625,,3342.536674320698,2.2709864678976737
162,136,-22.81936602032649,-43.74678258802409,770.3427124023438,770.3427124023438,,3342.536674320698,1.6612227305678213
162,138,-22.81936602032649,-43.745698122983576,503.91680908203125,503.91680908203125,,3342.536674320698,1.0866826466777237
162,140,-22.81936602032649,-43.74461365794306,515.1431274414062,515.1431274414062,,3342.536674320698,1.1108918913930086
162,141,-22.81936602032649,-43.7440714254228,515.1431274414062,515.1431274414062,,3342.536674320698,1.1108918913930086
162,144,-22.81936602032649,-43.742444727862036,587.279541015625,587.279541015625,,3342.536674320698,1.2664520700015973
163,109,-22.819908252846748,-43.76142286607101,542.1502075195312,542.1502075195312,,3342.5236674547195,1.1691273623661713
163,110,-22.819908252846748,-43.760880633550755,526.4679565429688,526.4679565429688,,3342.5236674547195,1.1353091539326123
163,111,-22.819908252846748,-43.760338401030495,526.4679565429688,526.4679565429688,,3342.5236674547195,1.1353091539326123
163,113,-22.819908252846748,-43.75925393598998,574.81982421875,574.81982421875,,3342.5236674547195,1.2395782120962169
163,114,-22.819908252846748,-43.75871170346973,538.73095703125,538.73095703125,,3342.5236674547195,1.1617538720507785
163,115,-22.819908252846748,-43.75816947094947,538.73095703125,538.73095703125,,3342.5236674547195,1.1617538720507785
163,118,-22.819908252846748,-43.7565427733887,808.8626098632812,808.8626098632812,,3342.5236674547195,1.7442830353468184
163,119,-22.819908252846748,-43.75600054086844,808.8626098632812,808.8626098632812,,3342.5236674547195,1.7442830353468184
163,120,-22.819908252846748,-43.75545830834819,756.2666625976562,756.2666625976562,,3342.5236674547195,1.6308617726691774
163,121,-22.819908252846748,-43.754916075827936,927.0271606445312,927.0271606445312,,3342.5236674547195,1.9991006258668582
163,122,-22.819908252846748,-43.754373843307675,1351.9779052734375,1351.9779052734375,,3342.5236674547195,2.9154915749298733
163,123,-22.819908252846748,-43.75383161078742,1351.9779052734375,1351.9779052734375,,3342.5236674547195,2.9154915749298733
163,124,-22.819908252846748,-43.75328937826716,700.4331665039062,700.4331665039062,,3342.5236674547195,1.5104588527506857
163,125,-22.819908252846748,-43.75274714574691,700.4331665039062,700.4331665039062,,3342.5236674547195,1.5104588527506857
163,126,-22.819908252846748,-43.75220491322665,1059.774658203125,1059.774658203125,,3342.5236674547195,2.2853658149764597
163,127,-22.819908252846748,-43.751662680706396,875.3319702148438,875.3319702148438,,3342.5236674547195,1.8876218128076558
163,128,-22.819908252846748,-43.751120448186136,725.5426635742188,725.5426635742188,,3342.5236674547195,1.5646065772613287
163,129,-22.819908252846748,-43.75057821566588,795.9537353515625,795.9537353515625,,3342.5236674547195,1.7164455131994938
163,133,-22.819908252846748,-43.748409285584856,920.6089477539062,920.6089477539062,,3342.5236674547195,1.9852599813298906
163,144,-22.819908252846748,-43.742444727862036,690.566650390625,690.566650390625,,3342.5236674547195,1.4891820667248346
164,104,-22.820450485367004,-43.76413402867229,574.8284912109375,574.8284912109375,,3342.510660201311,1.2395920783266356
164,105,-22.820450485367004,-43.763591796152035,574.8284912109375,574.8284912109375,,3342.510660201311,1.2395920783266356
164,109,-22.820450485367004,-43.76142286607101,605.9328002929688,605.9328002929688,,3342.510660201311,1.3066671376346484
164,110,-22.820450485367004,-43.760880633550755,605.9328002929688,605.9328002929688,,3342.510660201311,1.3066671376346484
164,113,-22.820450485367004,-43.75925393598998,574.81982421875,574.81982421875,,3342.510660201311,1.2395733883434097
164,114,-22.820450485367004,-43.75871170346973,2225.091796875,2225.091796875,,3342.510660201311,4.798311508786514
164,115,-22.820450485367004,-43.75816947094947,514.584716796875,514.584716796875,,3342.510660201311,1.1096790578796982
164,116,-22.820450485367004,-43.757627238429215,514.584716796875,514.584716796875,,3342.510660201311,1.1096790578796982
164,117,-22.820450485367004,-43.757085005908955,858.4173583984375,858.4173583984375,,3342.510660201311,1.8511388590484894
164,118,-22.820450485367004,-43.7565427733887,858.4173583984375,858.4173583984375,,3342.510660201311,1.8511388590484894
164,120,-22.820450485367004,-43.75545830834819,524.296630859375,524.296630859375,,3342.510660201311,1.1306223686608026
164,121,-22.820450485367004,-43.754916075827936,927.0271606445312,927.0271606445312,,3342.510660201311,1.999092846472898
164,123,-22.820450485367004,-43.75383161078742,670.846923828125,670.846923828125,,3342.510660201311,1.4466515582679818
164,124,-22.820450485367004,-43.75328937826716,588.717529296875,588.717529296875,,3342.510660201311,1.269543171305058
164,126,-22.820450485367004,-43.75220491322665,707.3432006835938,707.3432006835938,,3342.510660201311,1.5253541562953532
164,127,-22.820450485367004,-43.751662680706396,875.3319702148438,875.3319702148438,,3342.510660201311,1.887614467227579
164,128,-22.820450485367004,-43.751120448186136,854.9923706054688,854.9923706054688,,3342.510660201311,1.8437530251842256
164,129,-22.820450485367004,-43.75057821566588,955.767822265625,955.767822265625,,3342.510660201311,2.0610708051442277
164,130,-22.820450485367004,-43.75003598314562,955.767822265625,955.767822265625,,3342.510660201311,2.0610708051442277
164,133,-22.820450485367004,-43.748409285584856,779.7857666015625,779.7857666015625,,3342.510660201311,1.6815733281328478
164,143,-22.820450485367004,-43.74298696038229,1260.3572998046875,1260.3572998046875,,3342.510660201311,2.7179044681794156
164,144,-22.820450485367004,-43.742444727862036,700.417236328125,700.417236328125,,3342.510660201311,1.5104186221645977
164,145,-22.820450485367004,-43.741902495341776,700.417236328125,700.417236328125,,3342.510660201311,1.5104186221645977
165,111,-22.820992717887258,-43.760338401030495,799.314208984375,799.314208984375,,3342.497652798891,1.7236788379560284
165,112,-22.820992717887258,-43.75979616851024,799.314208984375,799.314208984375,,3342.497652798891,1.7236788379560284
165,115,-22.820992717887258,-43.75816947094947,585.8596801757812,585.8596801757812,,3342.497652798891,1.2633754303126885
165,118,-22.820992717887258,-43.7565427733887,704.8015747070312,704.8015747070312,,3342.497652798891,1.5198673383076848
165,122,-22.820992717887258,-43.754373843307675,553.9699096679688,553.9699096679688,,3342.497652798891,1.1946068259844433
165,124,-22.820992717887258,-43.75328937826716,588.717529296875,588.717529296875,,3342.497652798891,1.2695382308693803
165,126,-22.820992717887258,-43.75220491322665,707.3432006835938,707.3432006835938,,3342.497652798891,1.5253482203695294
165,127,-22.820992717887258,-43.751662680706396,584.2744140625,584.2744140625,,3342.497652798891,1.2599568877404708
165,128,-22.820992717887258,-43.751120448186136,1437.9300537109375,1437.9300537109375,,3342.497652798891,3.1008201483016156
165,129,-22.820992717887258,-43.75057821566588,1437.9300537109375,1437.9300537109375,,3342.497652798891,3.1008201483016156
165,130,-22.820992717887258,-43.75003598314562,1031.363525390625,1031.363525390625,,3342.497652798891,2.2240809220874196
165,141,-22.820992717887258,-43.7440714254228,854.90087890625,854.90087890625,,3342.497652798891,1.8435485531942015
165,142,-22.820992717887258,-43.74352919290255,949.8807373046875,949.8807373046875,,3342.497652798891,2.0483675969610657
165,143,-22.820992717887258,-43.74298696038229,949.8807373046875,949.8807373046875,,3342.497652798891,2.0483675969610657
165,144,-22.820992717887258,-43.742444727862036,504.614013671875,504.614013671875,,3342.497652798891,1.0881734453431537
166,109,-22.821534950407514,-43.76142286607101,652.1979370117188,652.1979370117188,,3342.4846449792385,1.4064249010456633
166,110,-22.821534950407514,-43.760880633550755,652.1979370117188,652.1979370117188,,3342.4846449792385,1.4064249010456633
166,111,-22.821534950407514,-43.760338401030495,804.53369140625,804.53369140625,,3342.4846449792385,1.73492762413262
166,112,-22.821534950407514,-43.75979616851024,1195.222900390625,1195.222900390625,,3342.4846449792385,2.577424971798387
166,113,-22.821534950407514,-43.75925393598998,545.3895263671875,545.3895263671875,,3342.4846449792385,1.1760991059966055
166,119,-22.821534950407514,-43.75600054086844,813.2504272460938,813.2504272460938,,3342.4846449792385,1.7537247310311246
166,122,-22.821534950407514,-43.754373843307675,553.9699096679688,553.9699096679688,,3342.4846449792385,1.1946021769968413
166,123,-22.821534950407514,-43.75383161078742,574.1539916992188,574.1539916992188,,3342.4846449792385,1.2381279135294734
166,124,-22.821534950407514,-43.75328937826716,618.6345825195312,618.6345825195312,,3342.4846449792385,1.3340475829929275
166,126,-22.821534950407514,-43.75220491322665,952.0411376953125,952.0411376953125,,3342.4846449792385,2.053018396546188
166,127,-22.821534950407514,-43.751662680706396,529.278564453125,529.278564453125,,3342.4846449792385,1.1413568034993673
166,128,-22.821534950407514,-43.751120448186136,922.5675048828125,922.5675048828125,,3342.4846449792385,1.9894603127814556
166,129,-22.821534950407514,-43.75057821566588,1540.3336181640625,1540.3336181640625,,3342.4846449792385,3.3216350950597606
166,130,-22.821534950407514,-43.75003598314562,1031.363525390625,1031.363525390625,,3342.4846449792385,2.224072266750443
166,131,-22.821534950407514,-43.74949375062537,687.4027099609375,687.4027099609375,,3342.4846449792385,1.4823418374565653
166,132,-22.821534950407514,-43.74895151810511,603.4952392578125,603.4952392578125,,3342.4846449792385,1.3014005166033622
166,133,-22.821534950407514,-43.748409285584856,603.4952392578125,603.4952392578125,,3342.4846449792385,1.3014005166033622
167,108,-22.82207718292777,-43.76196509859127,644.7505493164062,644.7505493164062,,3342.4716369509697,1.3903596547501085
167,112,-22.82207718292777,-43.75979616851024,1195.222900390625,1195.222900390625,,3342.4716369509697,2.577414941171337
167,122,-22.82207718292777,-43.754373843307675,660.2380981445312,660.2380981445312,,3342.4716369509697,1.4237574751388273
167,123,-22.82207718292777,-43.75383161078742,660.2380981445312,660.2380981445312,,3342.4716369509697,1.4237574751388273
167,125,-22.82207718292777,-43.75274714574691,996.7626342773438,996.7626342773438,,3342.4716369509697,2.149449199432255
167,128,-22.82207718292777,-43.751120448186136,621.262451171875,621.262451171875,,3342.4716369509697,1.339709206973691
167,129,-22.82207718292777,-43.75057821566588,528.0326538085938,528.0326538085938,,3342.4716369509697,1.1386656421223442
167,130,-22.82207718292777,-43.75003598314562,528.0326538085938,528.0326538085938,,3342.4716369509697,1.1386656421223442
167,142,-22.82207718292777,-43.74352919290255,751.906005859375,751.906005859375,,3342.4716369509697,1.621432933744027
168,110,-22.822619415448028,-43.760880633550755,724.2479248046875,724.2479248046875,,3342.4586285948753,1.5617841300145412
168,121,-22.822619415448028,-43.754916075827936,703.4559936523438,703.4559936523438,,3342.4586285948753,1.5169479530730021
168,122,-22.822619415448028,-43.754373843307675,703.4559936523438,703.4559936523438,,3342.4586285948753,1.5169479530730021
168,125,-22.822619415448028,-43.75274714574691,996.7626342773438,996.7626342773438,,3342.4586285948753,2.149440834125491
168,126,-22.822619415448028,-43.75220491322665,629.2730712890625,629.2730712890625,,3342.4586285948753,1.3569782701825506
168,127,-22.822619415448028,-43.751662680706396,754.6629028320312,754.6629028320312,,3342.4586285948753,1.6273716565658343
168,128,-22.822619415448028,-43.751120448186136,754.6629028320312,754.6629028320312,,3342.4586285948753,1.6273716565658343
168,129,-22.822619415448028,-43.75057821566588,1014.449462890625,1014.449462890625,,3342.4586285948753,2.187581099761681
168,130,-22.822619415448028,-43.75003598314562,685.0684814453125,685.0684814453125,,3342.4586285948753,1.4772967179477727
168,131,-22.822619415448028,-43.74949375062537,949.1124877929688,949.1124877929688,,3342.4586285948753,2.046687011817703
168,141,-22.822619415448028,-43.7440714254228,695.553955078125,695.553955078125,,3342.4586285948753,1.4999078235575387
168,142,-22.822619415448028,-43.74352919290255,695.553955078125,695.553955078125,,3342.4586285948753,1.4999078235575387
169,113,-22.823161647968284,-43.75925393598998,652.4500732421875,652.4500732421875,,3342.44561997056,1.4069521903919675
169,114,-22.823161647968284,-43.75871170346973,502.6207580566406,502.6207580566406,,3342.44561997056,1.0838582222394275
169,116,-22.823161647968284,-43.757627238429215,617.3997802734375,617.3997802734375,,3342.44561997056,1.331369263071247
169,121,-22.823161647968284,-43.754916075827936,531.462646484375,531.462646484375,,3342.44561997056,1.1460532617721748
169,123,-22.823161647968284,-43.75383161078742,607.2637939453125,607.2637939453125,,3342.44561997056,1.3095118846280618
169,124,-22.823161647968284,-43.75328937826716,607.2637939453125,607.2637939453125,,3342.44561997056,1.3095118846280618
169,127,-22.823161647968284,-43.751662680706396,512.7882080078125,512.7882080078125,,3342.44561997056,1.1057834492662502
169,128,-22.823161647968284,-43.751120448186136,653.1263427734375,653.1263427734375,,3342.44561997056,1.4084105071847905
169,129,-22.823161647968284,-43.75057821566588,816.4696655273438,816.4696655273438,,3342.44561997056,1.7606462646160008
169,130,-22.823161647968284,-43.75003598314562,740.5032958984375,740.5032958984375,,3342.44561997056,1.596831354435369
169,131,-22.823161647968284,-43.74949375062537,513.947265625,513.947265625,,3342.44561997056,1.1082828568380647
169,132,-22.823161647968284,-43.74895151810511,513.947265625,513.947265625,,3342.44561997056,1.1082828568380647
169,144,-22.823161647968284,-43.742444727862036,648.4666748046875,648.4666748046875,,3342.44561997056,1.398362335954532
170,110,-22.82370388048854,-43.760880633550755,756.9766845703125,756.9766845703125,,3342.4326109290123,1.6323484400349633
170,113,-22.82370388048854,-43.75925393598998,516.3814086914062,516.3814086914062,,3342.4326109290123,1.113527542025872
170,121,-22.82370388048854,-43.754916075827936,764.6521606445312,764.6521606445312,,3342.4326109290123,1.6488998763627396
170,122,-22.82370388048854,-43.754373843307675,634.9742431640625,634.9742431640625,,3342.4326109290123,1.369261744012094
170,123,-22.82370388048854,-43.75383161078742,634.9742431640625,634.9742431640625,,3342.4326109290123,1.369261744012094
170,128,-22.82370388048854,-43.751120448186136,653.1263427734375,653.1263427734375,,3342.4326109290123,1.4084050255486211
170,129,-22.82370388048854,-43.75057821566588,1191.2772216796875,1191.2772216796875,,3342.4326109290123,2.568876365804895
170,133,-22.82370388048854,-43.748409285584856,622.0740356445312,622.0740356445312,,3342.4326109290123,1.3414436697571555
170,136,-22.82370388048854,-43.74678258802409,655.8911743164062,655.8911743164062,,3342.4326109290123,1.4143671225961496
170,137,-22.82370388048854,-43.74624035550383,655.8911743164062,655.8911743164062,,3342.4326109290123,1.4143671225961496
171,110,-22.824246113008797,-43.760880633550755,756.9766845703125,756.9766845703125,,3342.4196017086506,1.632342086704011
171,112,-22.824246113008797,-43.75979616851024,875.6480712890625,875.6480712890625,,3342.4196017086506,1.8882446831472568
171,113,-22.824246113008797,-43.75925393598998,875.6480712890625,875.6480712890625,,3342.4196017086506,1.8882446831472568
171,120,-22.824246113008797,-43.75545830834819,526.6237182617188,526.6237182617188,,3342.4196017086506,1.1356096914175322
171,121,-22.824246113008797,-43.754916075827936,526.6237182617188,526.6237182617188,,3342.4196017086506,1.1356096914175322
171,123,-22.824246113008797,-43.75383161078742,690.24755859375,690.24755859375,,3342.4196017086506,1.4884476141782865
171,129,-22.824246113008797,-43.75057821566588,1109.6400146484375,1109.6400146484375,,3342.4196017086506,2.392824156836041
171,130,-22.824246113008797,-43.75003598314562,1109.6400146484375,1109.6400146484375,,3342.4196017086506,2.392824156836041
171,133,-22.824246113008797,-43.748409285584856,622.0740356445312,622.0740356445312,,3342.4196017086506,1.3414384486687045
171,143,-22.824246113008797,-43.74298696038229,639.0244140625,639.0244140625,,3342.4196017086506,1.3779901901439597
172,121,-22.824788345529054,-43.754916075827936,625.2844848632812,625.2844848632812,,3342.4065921902657,1.3483562028789082
172,123,-22.824788345529054,-43.75383161078742,690.24755859375,690.24755859375,,3342.4065921902657,1.4884418207744325
172,125,-22.824788345529054,-43.75274714574691,795.1722412109375,795.1722412109375,,3342.4065921902657,1.7147001880725101
172,126,-22.824788345529054,-43.75220491322665,795.1722412109375,795.1722412109375,,3342.4065921902657,1.7147001880725101
172,133,-22.824788345529054,-43.748409285584856,789.3831176757812,789.3831176757812,,3342.4065921902657,1.7022165892997578
172,137,-22.824788345529054,-43.74624035550383,715.5001220703125,715.5001220703125,,3342.4065921902657,1.5428961554436533
173,107,-22.82533057804931,-43.76250733111152,688.8771362304688,688.8771362304688,,3342.3935823738575,1.4854808758684093
173,108,-22.82533057804931,-43.76196509859127,688.8771362304688,688.8771362304688,,3342.3935823738575,1.4854808758684093
173,111,-22.82533057804931,-43.760338401030495,557.8714599609375,557.8714599609375,,3342.3935823738575,1.2029828562745501
173,112,-22.82533057804931,-43.75979616851024,576.3015747070312,576.3015747070312,,3342.3935823738575,1.24272518702629
173,114,-22.82533057804931,-43.75871170346973,583.0392456054688,583.0392456054688,,3342.3935823738575,1.2572541657673926
174,108,-22.825872810569567,-43.76196509859127,536.2880249023438,536.2880249023438,,3342.3805721998215,1.1564362672682686
174,113,-22.825872810569567,-43.75925393598998,633.8338623046875,633.8338623046875,,3342.3805721998215,1.3667813409134715
174,129,-22.825872810569567,-43.75057821566588,1362.79443359375,1362.79443359375,,3342.3805721998215,2.9386912156506053
175,108,-22.826415043089824,-43.76196509859127,536.2880249023438,536.2880249023438,,3342.367561787367,1.1564317657722571
175,120,-22.826415043089824,-43.75545830834819,849.941650390625,849.941650390625,,3342.367561787367,1.8327829038203858
176,110,-22.82695727561008,-43.760880633550755,558.9304809570312,558.9304809570312,,3342.3545510470867,1.2052524332760362
177,112,-22.827499508130337,-43.75979616851024,721.03125,721.03125,,3342.3415400385857,1.5547931544756044
177,115,-22.827499508130337,-43.75816947094947,774.665283203125,774.665283203125,,3342.3415400385857,1.6704467099506772
177,127,-22.827499508130337,-43.751662680706396,528.4043579101562,528.4043579101562,,3342.3415400385857,1.1394228453673654
177,128,-22.827499508130337,-43.751120448186136,528.4043579101562,528.4043579101562,,3342.3415400385857,1.1394228453673654
178,124,-22.82804174065059,-43.75328937826716,730.876708984375,730.876708984375,,3342.3285286724567,1.5760172394227239
178,125,-22.82804174065059,-43.75274714574691,730.876708984375,730.876708984375,,3342.3285286724567,1.5760172394227239
178,129,-22.82804174065059,-43.75057821566588,532.3123168945312,532.3123168945312,,3342.3285286724567,1.1478452902796885
180,112,-22.829126205691104,-43.75979616851024,766.9747924804688,766.9747924804688,,3342.3025051653385,1.6538440325096806
180,113,-22.829126205691104,-43.75925393598998,766.9747924804688,766.9747924804688,,3342.3025051653385,1.6538440325096806
180,117,-22.829126205691104,-43.757085005908955,670.6527709960938,670.6527709960938,,3342.3025051653385,1.4461428120875508
180,128,-22.829126205691104,-43.751120448186136,613.9195556640625,613.9195556640625,,3342.3025051653385,1.3238077750799873
181,125,-22.82966843821136,-43.75274714574691,514.4620971679688,514.4620971679688,,3342.289492994547,1.109341226368233
181,126,-22.82966843821136,-43.75220491322665,514.4620971679688,514.4620971679688,,3342.289492994547,1.109341226368233
