city,facility_id,name,date,scene_id,near_aot,reference_aot,difference,near_pixels,reference_pixels,aot_scale,wind_time_utc,wind_speed_kmh,wind_from_deg,wind_toward_deg,downwind_aot,upwind_aot,downwind_minus_upwind,directional_status
Detroit,110000407202,DETROIT DIESEL CORPORATION,2025-09-18,S2B_MSIL2A_20250918T162839_R083_T16TGM_20250918T214953,0.0990000069141388,0.0990000069141388,0.0,1976,44181,0.001,2025-09-18T16:00:00+00:00,5.5,283.0,103.0,0.0990000069141388,0.0990000069141388,0.0,Wind-sector aerosol contrast; not source attribution
Jacksonville,110001736998,MAXWELL HOUSE COFFEE DIVISION,2025-05-22,S2B_MSIL2A_20250522T155819_R097_T17RMP_20250522T200029,0.07800000160932541,0.07800000160932541,0.0,1643,48966,0.001,2025-05-22T16:00:00+00:00,4.2,340.0,160.0,0.07800000160932541,0.07800000160932541,0.0,Wind-sector aerosol contrast; not source attribution
Jacksonville,110002102634,"SWISHER INTERNATIONAL, INC.",2025-05-22,S2B_MSIL2A_20250522T155819_R097_T17RMP_20250522T200029,0.07800000160932541,0.07800000160932541,0.0,1612,65255,0.001,2025-05-22T16:00:00+00:00,4.2,340.0,160.0,0.07800000160932541,0.07800000160932541,0.0,Wind-sector aerosol contrast; not source attribution
Jacksonville,110000361938,OWENS CORNING JACKSONVILLE ROOFING ASPHALT PLANT,2025-05-22,S2B_MSIL2A_20250522T155819_R097_T17RMP_20250522T200029,0.07800000160932541,0.07800000160932541,0.0,1639,58346,0.001,2025-05-22T16:00:00+00:00,4.2,340.0,160.0,0.07800000160932541,0.07800000160932541,0.0,Wind-sector aerosol contrast; not source attribution
Jacksonville,110039071660,CERTAINTEED GYPSUM & CEILINGS MANUFACTURING INC,2025-05-22,S2B_MSIL2A_20250522T155819_R097_T17RMP_20250522T200029,0.07800000160932541,0.07800000160932541,0.0,1949,45055,0.001,2025-05-22T16:00:00+00:00,4.2,340.0,160.0,0.07800000160932541,0.07800000160932541,0.0,Wind-sector aerosol contrast; not source attribution
Jacksonville,110000361965,SYMRISE JACKSONVILLE FACILITY,2025-05-22,S2B_MSIL2A_20250522T155819_R097_T17RMP_20250522T200029,0.07800000160932541,0.07800000160932541,0.0,1970,65416,0.001,2025-05-22T16:00:00+00:00,4.2,340.0,160.0,0.07800000160932541,0.07800000160932541,0.0,Wind-sector aerosol contrast; not source attribution
Jacksonville,110000759527,WESTROCK CP LLC,2025-05-22,S2B_MSIL2A_20250522T155819_R097_T17RMP_20250522T200029,0.07900000363588333,0.07800000160932541,0.0010000020265579224,1497,58526,0.001,2025-05-22T16:00:00+00:00,4.2,340.0,160.0,0.07800000160932541,0.08000000566244125,-0.0020000040531158447,Wind-sector aerosol contrast; not source attribution
Jacksonville,110000361885,FMC CORP,2025-05-22,S2B_MSIL2A_20250522T155819_R097_T17RMP_20250522T200029,0.07800000160932541,0.07800000160932541,0.0,1938,56970,0.001,2025-05-22T16:00:00+00:00,4.2,340.0,160.0,0.07800000160932541,0.07800000160932541,0.0,Wind-sector aerosol contrast; not source attribution
Jacksonville,110070790439,COLLINS AEROSPACE - BUSCH,2025-05-22,S2B_MSIL2A_20250522T155819_R097_T17RMP_20250522T200029,0.08400000631809235,0.07800000160932541,0.006000004708766937,1976,69788,0.001,2025-05-22T16:00:00+00:00,4.2,340.0,160.0,0.08400000631809235,0.08400000631809235,0.0,Wind-sector aerosol contrast; not source attribution
Rochester,110000492173,EASTMAN KODAK - KODAK PARK,2025-08-05,S2C_MSIL2A_20250805T155841_R097_T17TQH_20250805T213014,0.3540000021457672,0.36100003123283386,-0.00700002908706665,87,80577,0.001,2025-08-05T16:00:00+00:00,10.3,50.0,230.0,0.3400000035762787,0.367000013589859,-0.027000010013580322,Wind-sector aerosol contrast; not source attribution
Rochester,110000774895,BAUSCH & LOMB INC,2025-08-05,S2C_MSIL2A_20250805T155841_R097_T17TQH_20250805T213014,0.3750000298023224,0.3680000305175781,0.006999999284744263,1976,84848,0.001,2025-08-05T16:00:00+00:00,10.3,50.0,230.0,0.37400001287460327,0.3700000047683716,0.0040000081062316895,Wind-sector aerosol contrast; not source attribution
Rochester,110009479466,ARCONIC,2025-08-05,S2C_MSIL2A_20250805T155841_R097_T17TQH_20250805T213014,0.3680000305175781,0.3630000054836273,0.005000025033950806,1976,78383,0.001,2025-08-05T16:00:00+00:00,10.3,50.0,230.0,0.37300002574920654,0.3620000183582306,0.011000007390975952,Wind-sector aerosol contrast; not source attribution
Rochester,110009465293,ARNOLD MAGNETIC TECHNOLOGIES CORPORATION,2025-08-05,S2C_MSIL2A_20250805T155841_R097_T17TQH_20250805T213014,0.3700000047683716,0.36400002241134644,0.0059999823570251465,1976,93698,0.001,2025-08-05T16:00:00+00:00,10.3,50.0,230.0,0.3720000088214874,0.3700000047683716,0.0020000040531158447,Wind-sector aerosol contrast; not source attribution
Rochester,110000328155,PFAUDLER INC,2025-08-05,S2C_MSIL2A_20250805T155841_R097_T17TQH_20250805T213014,0.37400001287460327,0.3630000054836273,0.011000007390975952,1947,82160,0.001,2025-08-05T16:00:00+00:00,10.3,50.0,230.0,0.37300002574920654,0.3680000305175781,0.004999995231628418,Wind-sector aerosol contrast; not source attribution
Rochester,110000848673,AMETEK INC,2025-08-05,S2C_MSIL2A_20250805T155841_R097_T17TQH_20250805T213014,0.3660000264644623,0.3750000298023224,-0.009000003337860107,1976,87221,0.001,2025-08-05T16:00:00+00:00,10.3,50.0,230.0,0.3620000183582306,0.3750000298023224,-0.013000011444091797,Wind-sector aerosol contrast; not source attribution
Rochester,110001134843,DAVENPORT MACHINE,2025-08-05,S2C_MSIL2A_20250805T155841_R097_T17TQH_20250805T213014,0.36900001764297485,0.367000013589859,0.0020000040531158447,1976,84303,0.001,2025-08-05T16:00:00+00:00,10.3,50.0,230.0,0.3790000081062317,0.36000001430511475,0.018999993801116943,Wind-sector aerosol contrast; not source attribution
Rochester,110039496774,"HARRIS CORPORATION, RF COMMUNICATIONS DIVISION",2025-08-05,S2C_MSIL2A_20250805T155841_R097_T17TQH_20250805T213014,0.38600000739097595,0.3750000298023224,0.010999977588653564,1972,94100,0.001,2025-08-05T16:00:00+00:00,10.3,50.0,230.0,0.38700002431869507,0.38100001215934753,0.006000012159347534,Wind-sector aerosol contrast; not source attribution
