city,facility_id,name,date,scene_id,cloud_cover_scene,surface_c,reference_c,surface_excess_c,near_pixels,reference_pixels,scale,offset_kelvin
Detroit,110000494019,BASF CORP  - WYANDOTTE FACILITY,2025-10-03,LC09_L2SP_019031_20251003_02_T1,0.11,32.75762939453125,32.26885986328125,0.48876953125,47,1694,0.00341802,149.0
Detroit,110008058369,CARMEUSE LIME AND STONE RIVER ROUGE OPERATION,2025-10-03,LC09_L2SP_019031_20251003_02_T1,0.11,35.529632568359375,32.88580322265625,2.643829345703125,91,3282,0.00341802,149.0
Detroit,110000614470,ST MARYS CEMENT,2025-10-03,LC09_L2SP_019031_20251003_02_T1,0.11,31.833038330078125,32.69268798828125,-0.859649658203125,112,2417,0.00341802,149.0
Detroit,110000494019,BASF CORP  - WYANDOTTE FACILITY,2025-09-17,LC09_L2SP_019031_20250917_02_T1,0.42,36.3687744140625,35.546722412109375,0.822052001953125,62,2205,0.00341802,149.0
Detroit,110008058369,CARMEUSE LIME AND STONE RIVER ROUGE OPERATION,2025-09-17,LC09_L2SP_019031_20250917_02_T1,0.42,39.246734619140625,35.451019287109375,3.79571533203125,94,3362,0.00341802,149.0
Detroit,110000614470,ST MARYS CEMENT,2025-09-17,LC09_L2SP_019031_20250917_02_T1,0.42,34.570892333984375,35.454437255859375,-0.883544921875,112,2564,0.00341802,149.0
Jacksonville,110001736998,MAXWELL HOUSE COFFEE DIVISION,2025-05-15,LC08_L2SP_016039_20250515_02_T1,6.68,40.82928466796875,41.483856201171875,-0.654571533203125,112,2962,0.00341802,149.0
Jacksonville,110002102634,"SWISHER INTERNATIONAL, INC.",2025-05-15,LC08_L2SP_016039_20250515_02_T1,6.68,43.580780029296875,41.26507568359375,2.315704345703125,112,3760,0.00341802,149.0
Jacksonville,110000361938,OWENS CORNING JACKSONVILLE ROOFING ASPHALT PLANT,2025-05-15,LC08_L2SP_016039_20250515_02_T1,6.68,42.939910888671875,41.434295654296875,1.505615234375,112,2518,0.00341802,149.0
Jacksonville,110039071660,CERTAINTEED GYPSUM & CEILINGS MANUFACTURING INC,2025-05-15,LC08_L2SP_016039_20250515_02_T1,6.68,40.66522216796875,36.131195068359375,4.534027099609375,112,1809,0.00341802,149.0
Jacksonville,110000361965,SYMRISE JACKSONVILLE FACILITY,2025-05-15,LC08_L2SP_016039_20250515_02_T1,6.68,39.431304931640625,40.150787353515625,-0.719482421875,112,3759,0.00341802,149.0
Jacksonville,110000759527,WESTROCK CP LLC,2025-05-15,LC08_L2SP_016039_20250515_02_T1,6.68,37.503570556640625,33.926605224609375,3.57696533203125,112,2564,0.00341802,149.0
Jacksonville,110000361885,FMC CORP,2025-05-15,LC08_L2SP_016039_20250515_02_T1,6.68,40.71136474609375,41.928192138671875,-1.216827392578125,112,2924,0.00341802,149.0
Jacksonville,110070790439,COLLINS AEROSPACE - BUSCH,2025-05-15,LC08_L2SP_016039_20250515_02_T1,6.68,42.032440185546875,39.944000244140625,2.08843994140625,112,3754,0.00341802,149.0
Jacksonville,110001736998,MAXWELL HOUSE COFFEE DIVISION,2025-05-22,LC08_L2SP_017039_20250522_02_T1,11.22,44.225067138671875,44.86083984375,-0.635772705078125,112,2951,0.00341802,149.0
Jacksonville,110002102634,"SWISHER INTERNATIONAL, INC.",2025-05-22,LC08_L2SP_017039_20250522_02_T1,11.22,47.829376220703125,44.187469482421875,3.64190673828125,112,3760,0.00341802,149.0
Jacksonville,110000361938,OWENS CORNING JACKSONVILLE ROOFING ASPHALT PLANT,2025-05-22,LC08_L2SP_017039_20250522_02_T1,11.22,47.084259033203125,44.787353515625,2.296905517578125,100,2376,0.00341802,149.0
Jacksonville,110039071660,CERTAINTEED GYPSUM & CEILINGS MANUFACTURING INC,2025-05-22,LC08_L2SP_017039_20250522_02_T1,11.22,42.316131591796875,36.8096923828125,5.506439208984375,112,1736,0.00341802,149.0
Jacksonville,110000361965,SYMRISE JACKSONVILLE FACILITY,2025-05-22,LC08_L2SP_017039_20250522_02_T1,11.22,42.218719482421875,42.710906982421875,-0.4921875,112,3748,0.00341802,149.0
Jacksonville,110000759527,WESTROCK CP LLC,2025-05-22,LC08_L2SP_017039_20250522_02_T1,11.22,35.078460693359375,34.934906005859375,0.1435546875,77,1933,0.00341802,149.0
Jacksonville,110000361885,FMC CORP,2025-05-22,LC08_L2SP_017039_20250522_02_T1,11.22,43.640594482421875,45.17529296875,-1.534698486328125,112,2778,0.00341802,149.0
Jacksonville,110070790439,COLLINS AEROSPACE - BUSCH,2025-05-22,LC08_L2SP_017039_20250522_02_T1,11.22,44.45068359375,43.059539794921875,1.391143798828125,112,3713,0.00341802,149.0
Rochester,110000492173,EASTMAN KODAK - KODAK PARK,2025-08-11,LC09_L2SP_016030_20250811_02_T1,0.34,47.352569580078125,41.405242919921875,5.94732666015625,107,3648,0.00341802,149.0
Rochester,110000774895,BAUSCH & LOMB INC,2025-08-11,LC09_L2SP_016030_20250811_02_T1,0.34,47.308135986328125,42.594696044921875,4.71343994140625,112,3760,0.00341802,149.0
Rochester,110009479466,ARCONIC,2025-08-11,LC09_L2SP_016030_20250811_02_T1,0.34,44.503662109375,42.598114013671875,1.905548095703125,112,3750,0.00341802,149.0
Rochester,110009465293,ARNOLD MAGNETIC TECHNOLOGIES CORPORATION,2025-08-11,LC09_L2SP_016030_20250811_02_T1,0.34,42.738250732421875,39.446685791015625,3.29156494140625,112,3757,0.00341802,149.0
Rochester,110000328155,PFAUDLER INC,2025-08-11,LC09_L2SP_016030_20250811_02_T1,0.34,48.52154541015625,41.579559326171875,6.941986083984375,110,3754,0.00341802,149.0
Rochester,110000848673,AMETEK INC,2025-08-11,LC09_L2SP_016030_20250811_02_T1,0.34,46.216094970703125,44.70361328125,1.512481689453125,112,3759,0.00341802,149.0
Rochester,110001134843,DAVENPORT MACHINE,2025-08-11,LC09_L2SP_016030_20250811_02_T1,0.34,45.498321533203125,42.444305419921875,3.05401611328125,112,3760,0.00341802,149.0
Rochester,110039496774,"HARRIS CORPORATION, RF COMMUNICATIONS DIVISION",2025-08-11,LC09_L2SP_016030_20250811_02_T1,0.34,47.484161376953125,41.388153076171875,6.09600830078125,112,3756,0.00341802,149.0
Rochester,110000492173,EASTMAN KODAK - KODAK PARK,2025-09-03,LC09_L2SP_017030_20250903_02_T1,1.57,39.221099853515625,33.465179443359375,5.75592041015625,102,3627,0.00341802,149.0
Rochester,110000774895,BAUSCH & LOMB INC,2025-09-03,LC09_L2SP_017030_20250903_02_T1,1.57,40.260162353515625,34.811859130859375,5.44830322265625,110,3759,0.00341802,149.0
Rochester,110009479466,ARCONIC,2025-09-03,LC09_L2SP_017030_20250903_02_T1,1.57,37.1497802734375,35.216888427734375,1.932891845703125,112,3738,0.00341802,149.0
Rochester,110009465293,ARNOLD MAGNETIC TECHNOLOGIES CORPORATION,2025-09-03,LC09_L2SP_017030_20250903_02_T1,1.57,35.462982177734375,32.41925048828125,3.043731689453125,112,3750,0.00341802,149.0
Rochester,110000328155,PFAUDLER INC,2025-09-03,LC09_L2SP_017030_20250903_02_T1,1.57,40.44134521484375,34.512786865234375,5.928558349609375,105,3746,0.00341802,149.0
Rochester,110000848673,AMETEK INC,2025-09-03,LC09_L2SP_017030_20250903_02_T1,1.57,39.135650634765625,36.8319091796875,2.303741455078125,112,3750,0.00341802,149.0
Rochester,110001134843,DAVENPORT MACHINE,2025-09-03,LC09_L2SP_017030_20250903_02_T1,1.57,38.318756103515625,35.092132568359375,3.22662353515625,112,3759,0.00341802,149.0
Rochester,110039496774,"HARRIS CORPORATION, RF COMMUNICATIONS DIVISION",2025-09-03,LC09_L2SP_017030_20250903_02_T1,1.57,40.89764404296875,34.478607177734375,6.419036865234375,112,3752,0.00341802,149.0
