facility_id,name,city,latitude,longitude,status,source_url
110000405865,AAR CARGO SYSTEMS,Detroit,42.37775,-83.31386,candidate_only_needs_image_QA_geometry_and_operating_check,https://frs-public.epa.gov/ords/frs_public2/fii_query_dtl.disp_program_facility?p_registry_id=110000405865
110002118039,AEVITAS SPECIALTY SERVICES CORP,Detroit,42.379382,-83.295218,candidate_only_needs_image_QA_geometry_and_operating_check,https://frs-public.epa.gov/ords/frs_public2/fii_query_dtl.disp_program_facility?p_registry_id=110002118039
110054838459,AIR PRODUCTS & CHEMICALS INC/DETROIT HYDROGEN FACILITY,Detroit,42.28689,-83.15642,candidate_only_needs_image_QA_geometry_and_operating_check,https://frs-public.epa.gov/ords/frs_public2/fii_query_dtl.disp_program_facility?p_registry_id=110054838459
110067126096,AIR PRODUCTS AND CHEMICALS INC./DETROIT HYDROGEN FACILITY MARATHON REFINERY,Detroit,42.28689,-83.15642,candidate_only_needs_image_QA_geometry_and_operating_check,https://frs-public.epa.gov/ords/frs_public2/fii_query_dtl.disp_program_facility?p_registry_id=110067126096
110000406551,AJAX METAL PROCESSING INC. (B5830),Detroit,42.369,-83.0222,candidate_only_needs_image_QA_geometry_and_operating_check,https://frs-public.epa.gov/ords/frs_public2/fii_query_dtl.disp_program_facility?p_registry_id=110000406551
110009596437,ALDOA CO,Detroit,42.3808,-83.23172,candidate_only_needs_image_QA_geometry_and_operating_check,https://frs-public.epa.gov/ords/frs_public2/fii_query_dtl.disp_program_facility?p_registry_id=110009596437
110002117691,ALTA RACK CO,Detroit,42.33813,-83.06426,candidate_only_needs_image_QA_geometry_and_operating_check,https://frs-public.epa.gov/ords/frs_public2/fii_query_dtl.disp_program_facility?p_registry_id=110002117691
110000406757,AMERICAN AXLE & MFG,Detroit,42.3889,-83.0628,candidate_only_needs_image_QA_geometry_and_operating_check,https://frs-public.epa.gov/ords/frs_public2/fii_query_dtl.disp_program_facility?p_registry_id=110000406757
110002117959,AMERICAN PETROLEUM,Detroit,42.378635,-83.178183,candidate_only_needs_image_QA_geometry_and_operating_check,https://frs-public.epa.gov/ords/frs_public2/fii_query_dtl.disp_program_facility?p_registry_id=110002117959
110001301172,AMETEK PRESTOLITE MOTORS,Detroit,42.29077,-83.29026,candidate_only_needs_image_QA_geometry_and_operating_check,https://frs-public.epa.gov/ords/frs_public2/fii_query_dtl.disp_program_facility?p_registry_id=110001301172
110000852346,"ANCOTECH, INC.",Detroit,42.29396,-83.29037,candidate_only_needs_image_QA_geometry_and_operating_check,https://frs-public.epa.gov/ords/frs_public2/fii_query_dtl.disp_program_facility?p_registry_id=110000852346
110002117968,ANO-TECH INC,Detroit,42.39182,-83.16887,candidate_only_needs_image_QA_geometry_and_operating_check,https://frs-public.epa.gov/ords/frs_public2/fii_query_dtl.disp_program_facility?p_registry_id=110002117968
110070812681,ARCELORMITTAL TAILORED BLANKS AMERICAS CORPORATION,Detroit,42.391586,-83.037346,candidate_only_needs_image_QA_geometry_and_operating_check,https://frs-public.epa.gov/ords/frs_public2/fii_query_dtl.disp_program_facility?p_registry_id=110070812681
110000406677,ARCO ALLOYS CORP,Detroit,42.37438,-83.05386,candidate_only_needs_image_QA_geometry_and_operating_check,https://frs-public.epa.gov/ords/frs_public2/fii_query_dtl.disp_program_facility?p_registry_id=110000406677
110003706384,ARROW UNIFORM RENTAL,Detroit,42.26138,-83.25027,candidate_only_needs_image_QA_geometry_and_operating_check,https://frs-public.epa.gov/ords/frs_public2/fii_query_dtl.disp_program_facility?p_registry_id=110003706384
110000406445,ASH STEVENS LLC,Detroit,42.17201,-83.17414,candidate_only_needs_image_QA_geometry_and_operating_check,https://frs-public.epa.gov/ords/frs_public2/fii_query_dtl.disp_program_facility?p_registry_id=110000406445
110000899948,AUTOMOTIVE FINISHES INC.,Detroit,42.33762,-83.157,candidate_only_needs_image_QA_geometry_and_operating_check,https://frs-public.epa.gov/ords/frs_public2/fii_query_dtl.disp_program_facility?p_registry_id=110000899948
110064445667,AZTECA CONCRETE-REDFORD,Detroit,42.37102,-83.28432,candidate_only_needs_image_QA_geometry_and_operating_check,https://frs-public.epa.gov/ords/frs_public2/fii_query_dtl.disp_program_facility?p_registry_id=110064445667
110042029961,BARNES FAMILY GROUP WYANDOTTE LLC,Detroit,42.19436,-83.16628,candidate_only_needs_image_QA_geometry_and_operating_check,https://frs-public.epa.gov/ords/frs_public2/fii_query_dtl.disp_program_facility?p_registry_id=110042029961
110000908956,BASF CORP,Detroit,42.39591,-83.07041,candidate_only_needs_image_QA_geometry_and_operating_check,https://frs-public.epa.gov/ords/frs_public2/fii_query_dtl.disp_program_facility?p_registry_id=110000908956
110000407168,BASF CORP,Detroit,42.39893,-83.13305,candidate_only_needs_image_QA_geometry_and_operating_check,https://frs-public.epa.gov/ords/frs_public2/fii_query_dtl.disp_program_facility?p_registry_id=110000407168
110001139036,BASF CORP,Detroit,42.3473,-83.12793,candidate_only_needs_image_QA_geometry_and_operating_check,https://frs-public.epa.gov/ords/frs_public2/fii_query_dtl.disp_program_facility?p_registry_id=110001139036
110009395289,BASF CORP WHITING  BROWNSTOWN,Detroit,42.18416,-83.2339,candidate_only_needs_image_QA_geometry_and_operating_check,https://frs-public.epa.gov/ords/frs_public2/fii_query_dtl.disp_program_facility?p_registry_id=110009395289
110067129501,BD DIAGNOSTIC SYSTEMS,Detroit,42.33717,-83.06254,candidate_only_needs_image_QA_geometry_and_operating_check,https://frs-public.epa.gov/ords/frs_public2/fii_query_dtl.disp_program_facility?p_registry_id=110067129501
110022904874,BING ASSEMBLY SYSTEMS,Detroit,42.394244,-83.078953,candidate_only_needs_image_QA_geometry_and_operating_check,https://frs-public.epa.gov/ords/frs_public2/fii_query_dtl.disp_program_facility?p_registry_id=110022904874
110001130277,BROAD VOGT & CONANT INC,Detroit,42.27744,-83.14149,candidate_only_needs_image_QA_geometry_and_operating_check,https://frs-public.epa.gov/ords/frs_public2/fii_query_dtl.disp_program_facility?p_registry_id=110001130277
110000493993,BUCKEYE TERMINALS  LLC -DETROIT TAYLOR TERMINAL,Detroit,42.24938,-83.2891,candidate_only_needs_image_QA_geometry_and_operating_check,https://frs-public.epa.gov/ords/frs_public2/fii_query_dtl.disp_program_facility?p_registry_id=110000493993
110000406846,"BUCKEYE TERMINALS, LLC",Detroit,42.28299,-83.14118,candidate_only_needs_image_QA_geometry_and_operating_check,https://frs-public.epa.gov/ords/frs_public2/fii_query_dtl.disp_program_facility?p_registry_id=110000406846
110002379453,"BUCKEYE TERMINALS, LLC",Detroit,42.27654,-83.12583,candidate_only_needs_image_QA_geometry_and_operating_check,https://frs-public.epa.gov/ords/frs_public2/fii_query_dtl.disp_program_facility?p_registry_id=110002379453
110015894567,BURGESS NORTON MFG CO-TAYLOR,Detroit,42.21876,-83.28661,candidate_only_needs_image_QA_geometry_and_operating_check,https://frs-public.epa.gov/ords/frs_public2/fii_query_dtl.disp_program_facility?p_registry_id=110015894567
110001301154,BURNS FABRICATING CO,Detroit,42.36059,-83.14746,candidate_only_needs_image_QA_geometry_and_operating_check,https://frs-public.epa.gov/ords/frs_public2/fii_query_dtl.disp_program_facility?p_registry_id=110001301154
110000406221,C L RIECKHOFF CO,Detroit,42.21124,-83.29374,candidate_only_needs_image_QA_geometry_and_operating_check,https://frs-public.epa.gov/ords/frs_public2/fii_query_dtl.disp_program_facility?p_registry_id=110000406221
110043412385,C MAR PRODUCTS INC,Detroit,42.3302,-83.08815,candidate_only_needs_image_QA_geometry_and_operating_check,https://frs-public.epa.gov/ords/frs_public2/fii_query_dtl.disp_program_facility?p_registry_id=110043412385
110067595668,CADILLAC ASPHALT LLC-DIX,Detroit,42.29146,-83.15566,candidate_only_needs_image_QA_geometry_and_operating_check,https://frs-public.epa.gov/ords/frs_public2/fii_query_dtl.disp_program_facility?p_registry_id=110067595668
110001830181,CADILLAC ASPHALT PRODUCTS,Detroit,42.29146,-83.15566,candidate_only_needs_image_QA_geometry_and_operating_check,https://frs-public.epa.gov/ords/frs_public2/fii_query_dtl.disp_program_facility?p_registry_id=110001830181
110000494028,CADON PLATING CO,Detroit,42.19478,-83.1663,candidate_only_needs_image_QA_geometry_and_operating_check,https://frs-public.epa.gov/ords/frs_public2/fii_query_dtl.disp_program_facility?p_registry_id=110000494028
110008058350,CARMEUSE LIME INC,Detroit,42.29472,-83.15168,candidate_only_needs_image_QA_geometry_and_operating_check,https://frs-public.epa.gov/ords/frs_public2/fii_query_dtl.disp_program_facility?p_registry_id=110008058350
110000406659,CHEMICAL PROCESSING INC,Detroit,42.376381,-83.02513,candidate_only_needs_image_QA_geometry_and_operating_check,https://frs-public.epa.gov/ords/frs_public2/fii_query_dtl.disp_program_facility?p_registry_id=110000406659
110000858135,CHRYSLER CENTER  CIMS 417-24-24,Detroit,42.39769,-83.08049,candidate_only_needs_image_QA_geometry_and_operating_check,https://frs-public.epa.gov/ords/frs_public2/fii_query_dtl.disp_program_facility?p_registry_id=110000858135
110000406579,COMMONWEALTH INDUSTRIES,Detroit,42.36064,-83.0849,candidate_only_needs_image_QA_geometry_and_operating_check,https://frs-public.epa.gov/ords/frs_public2/fii_query_dtl.disp_program_facility?p_registry_id=110000406579
110013287362,CREST INDUSTRIES,Detroit,42.15592,-83.18499,candidate_only_needs_image_QA_geometry_and_operating_check,https://frs-public.epa.gov/ords/frs_public2/fii_query_dtl.disp_program_facility?p_registry_id=110013287362
110000406392,CREST INDUSTRIES INC,Detroit,42.19323,-83.1686,candidate_only_needs_image_QA_geometry_and_operating_check,https://frs-public.epa.gov/ords/frs_public2/fii_query_dtl.disp_program_facility?p_registry_id=110000406392
110000407079,CROWN GROUP FIRE,Detroit,42.23767,-83.15301,candidate_only_needs_image_QA_geometry_and_operating_check,https://frs-public.epa.gov/ords/frs_public2/fii_query_dtl.disp_program_facility?p_registry_id=110000407079
110000407220,DAIMLERCHRYSLER MCGRAW,Detroit,42.32993,-83.15617,candidate_only_needs_image_QA_geometry_and_operating_check,https://frs-public.epa.gov/ords/frs_public2/fii_query_dtl.disp_program_facility?p_registry_id=110000407220
110001299005,DARLING INGREDIENTS INC,Detroit,42.29028,-83.17214,candidate_only_needs_image_QA_geometry_and_operating_check,https://frs-public.epa.gov/ords/frs_public2/fii_query_dtl.disp_program_facility?p_registry_id=110001299005
110002117628,DELRAY MECHANICAL CORP,Detroit,42.21679,-83.27656,candidate_only_needs_image_QA_geometry_and_operating_check,https://frs-public.epa.gov/ords/frs_public2/fii_query_dtl.disp_program_facility?p_registry_id=110002117628
110002117913,DELTA HEAT TREAT,Detroit,42.38347,-83.23674,candidate_only_needs_image_QA_geometry_and_operating_check,https://frs-public.epa.gov/ords/frs_public2/fii_query_dtl.disp_program_facility?p_registry_id=110002117913
110009597837,DETROIT BRAKE MACHINING INC,Detroit,42.33853,-83.1257,candidate_only_needs_image_QA_geometry_and_operating_check,https://frs-public.epa.gov/ords/frs_public2/fii_query_dtl.disp_program_facility?p_registry_id=110009597837
110012705082,DETROIT CHROME ELECTRO FORMING COMPANY,Detroit,42.39536,-83.14578,candidate_only_needs_image_QA_geometry_and_operating_check,https://frs-public.epa.gov/ords/frs_public2/fii_query_dtl.disp_program_facility?p_registry_id=110012705082
110041976519,DETROIT COKE CORP,Detroit,42.292951,-83.11205,candidate_only_needs_image_QA_geometry_and_operating_check,https://frs-public.epa.gov/ords/frs_public2/fii_query_dtl.disp_program_facility?p_registry_id=110041976519
110022448074,DETROIT ELECTRO-COATINGS CO L.L.C.,Detroit,42.32999,-83.08802,candidate_only_needs_image_QA_geometry_and_operating_check,https://frs-public.epa.gov/ords/frs_public2/fii_query_dtl.disp_program_facility?p_registry_id=110022448074
110009596375,DETROIT FORGE & FNDY.,Detroit,42.400275,-83.027972,candidate_only_needs_image_QA_geometry_and_operating_check,https://frs-public.epa.gov/ords/frs_public2/fii_query_dtl.disp_program_facility?p_registry_id=110009596375
110002117995,DETROIT FREE PRESS GARAGE,Detroit,42.32687,-83.05904,candidate_only_needs_image_QA_geometry_and_operating_check,https://frs-public.epa.gov/ords/frs_public2/fii_query_dtl.disp_program_facility?p_registry_id=110002117995
110002117851,DETROIT NEWSPAPER AGENCY RIVERFRONT,Detroit,42.3225,-83.06297,candidate_only_needs_image_QA_geometry_and_operating_check,https://frs-public.epa.gov/ords/frs_public2/fii_query_dtl.disp_program_facility?p_registry_id=110002117851
110028027926,"DETROIT RENEWABLE POWER, LLC",Detroit,42.368645,-83.051749,candidate_only_needs_image_QA_geometry_and_operating_check,https://frs-public.epa.gov/ords/frs_public2/fii_query_dtl.disp_program_facility?p_registry_id=110028027926
110000406285,DETROIT STEEL CO TRENTON,Detroit,42.1565,-83.17491,candidate_only_needs_image_QA_geometry_and_operating_check,https://frs-public.epa.gov/ords/frs_public2/fii_query_dtl.disp_program_facility?p_registry_id=110000406285
110000406409,DETROIT TUBULAR RIVET,Detroit,42.19229,-83.1683,candidate_only_needs_image_QA_geometry_and_operating_check,https://frs-public.epa.gov/ords/frs_public2/fii_query_dtl.disp_program_facility?p_registry_id=110000406409
110002117762,DIAMOND HEAT TREATING CO,Detroit,42.303906,-83.091528,candidate_only_needs_image_QA_geometry_and_operating_check,https://frs-public.epa.gov/ords/frs_public2/fii_query_dtl.disp_program_facility?p_registry_id=110002117762
110002349682,DIVERSEY CORP,Detroit,42.217806,-83.150378,candidate_only_needs_image_QA_geometry_and_operating_check,https://frs-public.epa.gov/ords/frs_public2/fii_query_dtl.disp_program_facility?p_registry_id=110002349682
110000405598,DOUBLE EAGLE STEEL COATING COMPANY,Detroit,42.31169,-83.15848,candidate_only_needs_image_QA_geometry_and_operating_check,https://frs-public.epa.gov/ords/frs_public2/fii_query_dtl.disp_program_facility?p_registry_id=110000405598
110000406917,DTE ELECTRIC CO - RIVER ROUGE POWER PLANT,Detroit,42.2727,-83.1124,candidate_only_needs_image_QA_geometry_and_operating_check,https://frs-public.epa.gov/ords/frs_public2/fii_query_dtl.disp_program_facility?p_registry_id=110000406917
110070432880,DUBOIS CHEMICALS INC,Detroit,42.35373,-83.13378,candidate_only_needs_image_QA_geometry_and_operating_check,https://frs-public.epa.gov/ords/frs_public2/fii_query_dtl.disp_program_facility?p_registry_id=110070432880
110000614185,EDW C LEVY CO - PLANT 3,Detroit,42.2478,-83.13889,candidate_only_needs_image_QA_geometry_and_operating_check,https://frs-public.epa.gov/ords/frs_public2/fii_query_dtl.disp_program_facility?p_registry_id=110000614185
110069533865,EDW C LEVY CO - PLANT 6,Detroit,42.290343,-83.1582,candidate_only_needs_image_QA_geometry_and_operating_check,https://frs-public.epa.gov/ords/frs_public2/fii_query_dtl.disp_program_facility?p_registry_id=110069533865
110001841696,EDWARD C. LEVY COMPANY - PLANT #1,Detroit,42.31455,-83.13722,candidate_only_needs_image_QA_geometry_and_operating_check,https://frs-public.epa.gov/ords/frs_public2/fii_query_dtl.disp_program_facility?p_registry_id=110001841696
110000406855,EDWARD C. LEVY COMPANY - PLANT #6,Detroit,42.290343,-83.1582,candidate_only_needs_image_QA_geometry_and_operating_check,https://frs-public.epa.gov/ords/frs_public2/fii_query_dtl.disp_program_facility?p_registry_id=110000406855
110000614443,EDWARDS OIL CO,Detroit,42.29247,-83.1513,candidate_only_needs_image_QA_geometry_and_operating_check,https://frs-public.epa.gov/ords/frs_public2/fii_query_dtl.disp_program_facility?p_registry_id=110000614443
110070374301,EES COKE BATTERY L.L.C. (P0408),Detroit,42.2811,-83.1113,candidate_only_needs_image_QA_geometry_and_operating_check,https://frs-public.epa.gov/ords/frs_public2/fii_query_dtl.disp_program_facility?p_registry_id=110070374301
110000406230,EFTEC NA LLC,Detroit,42.213,-83.2325,candidate_only_needs_image_QA_geometry_and_operating_check,https://frs-public.epa.gov/ords/frs_public2/fii_query_dtl.disp_program_facility?p_registry_id=110000406230
110002117753,"EMCO CHEMICAL, INC.",Detroit,42.34376,-83.09252,candidate_only_needs_image_QA_geometry_and_operating_check,https://frs-public.epa.gov/ords/frs_public2/fii_query_dtl.disp_program_facility?p_registry_id=110002117753
110000494046,ENERGY TRANSFER MARKETING & TERMINALS LP,Detroit,42.29368,-83.1538,candidate_only_needs_image_QA_geometry_and_operating_check,https://frs-public.epa.gov/ords/frs_public2/fii_query_dtl.disp_program_facility?p_registry_id=110000494046
110001299176,ENVIRO SOLIDS LLC -  DEARBORN FACILITY,Detroit,42.333849,-83.156942,candidate_only_needs_image_QA_geometry_and_operating_check,https://frs-public.epa.gov/ords/frs_public2/fii_query_dtl.disp_program_facility?p_registry_id=110001299176
110070690477,ENVIRONMENTAL DISPOSAL SYSTEM,Detroit,42.245828,-83.308989,candidate_only_needs_image_QA_geometry_and_operating_check,https://frs-public.epa.gov/ords/frs_public2/fii_query_dtl.disp_program_facility?p_registry_id=110070690477
110000614381,ENVIRONMENTAL WASTE CONTROL INC,Detroit,42.29002,-83.30648,candidate_only_needs_image_QA_geometry_and_operating_check,https://frs-public.epa.gov/ords/frs_public2/fii_query_dtl.disp_program_facility?p_registry_id=110000614381
110000406695,EQ DETROIT INC,Detroit,42.36591,-83.04774,candidate_only_needs_image_QA_geometry_and_operating_check,https://frs-public.epa.gov/ords/frs_public2/fii_query_dtl.disp_program_facility?p_registry_id=110000406695
110041981807,EQ RESOURCE RECOVERY INC,Detroit,42.389504,-83.182132,candidate_only_needs_image_QA_geometry_and_operating_check,https://frs-public.epa.gov/ords/frs_public2/fii_query_dtl.disp_program_facility?p_registry_id=110041981807
110044924348,EUCLID MANUFACTURING LLC,Detroit,42.38251,-83.06346,candidate_only_needs_image_QA_geometry_and_operating_check,https://frs-public.epa.gov/ords/frs_public2/fii_query_dtl.disp_program_facility?p_registry_id=110044924348
110002117600,FAURECIA EMISSIONS CONTROL TECHNOLOGIES,Detroit,42.21176,-83.27814,candidate_only_needs_image_QA_geometry_and_operating_check,https://frs-public.epa.gov/ords/frs_public2/fii_query_dtl.disp_program_facility?p_registry_id=110002117600
110072077302,FERROUS POCESSING AND TRADING COMPANY,Detroit,42.342677,-83.041828,candidate_only_needs_image_QA_geometry_and_operating_check,https://frs-public.epa.gov/ords/frs_public2/fii_query_dtl.disp_program_facility?p_registry_id=110072077302
110001301332,FERROUS PROCESSING & TRADING,Detroit,42.320022,-83.145539,candidate_only_needs_image_QA_geometry_and_operating_check,https://frs-public.epa.gov/ords/frs_public2/fii_query_dtl.disp_program_facility?p_registry_id=110001301332
110015832054,"FINTEX, LLC",Detroit,42.24227,-83.3081,candidate_only_needs_image_QA_geometry_and_operating_check,https://frs-public.epa.gov/ords/frs_public2/fii_query_dtl.disp_program_facility?p_registry_id=110015832054
110070813945,FLEX-N-GATE DETROIT,Detroit,42.39685,-83.02651,candidate_only_needs_image_QA_geometry_and_operating_check,https://frs-public.epa.gov/ords/frs_public2/fii_query_dtl.disp_program_facility?p_registry_id=110070813945
110001847529,FLINT INK CORP,Detroit,42.38059,-83.2871,candidate_only_needs_image_QA_geometry_and_operating_check,https://frs-public.epa.gov/ords/frs_public2/fii_query_dtl.disp_program_facility?p_registry_id=110001847529
110000405614,FORD MOTOR CO  VULCAN FORGING PLANT,Detroit,42.315862,-83.156073,candidate_only_needs_image_QA_geometry_and_operating_check,https://frs-public.epa.gov/ords/frs_public2/fii_query_dtl.disp_program_facility?p_registry_id=110000405614
110000856850,FORD MOTOR CO GLASS TECH CTR,Detroit,42.26683,-83.17692,candidate_only_needs_image_QA_geometry_and_operating_check,https://frs-public.epa.gov/ords/frs_public2/fii_query_dtl.disp_program_facility?p_registry_id=110000856850
110000852845,FORD MOTOR CO NEW MODEL PROGRAM CTR,Detroit,42.28723,-83.20087,candidate_only_needs_image_QA_geometry_and_operating_check,https://frs-public.epa.gov/ords/frs_public2/fii_query_dtl.disp_program_facility?p_registry_id=110000852845
110000890661,FORD MOTOR COMPANY,Detroit,42.29411,-83.22313,candidate_only_needs_image_QA_geometry_and_operating_check,https://frs-public.epa.gov/ords/frs_public2/fii_query_dtl.disp_program_facility?p_registry_id=110000890661
110001848519,FORD MOTOR WORLD HEADQUARTERS,Detroit,42.3136,-83.2078,candidate_only_needs_image_QA_geometry_and_operating_check,https://frs-public.epa.gov/ords/frs_public2/fii_query_dtl.disp_program_facility?p_registry_id=110001848519
110041627326,FORT IRON AND METAL,Detroit,42.293367,-83.132488,candidate_only_needs_image_QA_geometry_and_operating_check,https://frs-public.epa.gov/ords/frs_public2/fii_query_dtl.disp_program_facility?p_registry_id=110041627326
110000562445,"FREEZER SERVICES OF MICHIGAN, LLC",Detroit,42.383769,-83.057412,candidate_only_needs_image_QA_geometry_and_operating_check,https://frs-public.epa.gov/ords/frs_public2/fii_query_dtl.disp_program_facility?p_registry_id=110000562445
110000405437,FRITO LAY INC,Detroit,42.29394,-83.18712,candidate_only_needs_image_QA_geometry_and_operating_check,https://frs-public.epa.gov/ords/frs_public2/fii_query_dtl.disp_program_facility?p_registry_id=110000405437
110000406926,"FRITZ PRODUCTS, INC",Detroit,42.27365,-83.12089,candidate_only_needs_image_QA_geometry_and_operating_check,https://frs-public.epa.gov/ords/frs_public2/fii_query_dtl.disp_program_facility?p_registry_id=110000406926
110002117708,FUCHS LUBRICANTS CO MONTGOMERY DIV,Detroit,42.39605,-83.07943,candidate_only_needs_image_QA_geometry_and_operating_check,https://frs-public.epa.gov/ords/frs_public2/fii_query_dtl.disp_program_facility?p_registry_id=110002117708
110001829727,GATEWAY ADDITIVE COMPANY,Detroit,42.35677,-83.13625,candidate_only_needs_image_QA_geometry_and_operating_check,https://frs-public.epa.gov/ords/frs_public2/fii_query_dtl.disp_program_facility?p_registry_id=110001829727
110009596339,GENERAL MOTORS CORP CADILLAC CLARK STREET PLANT,Detroit,42.32823,-83.10153,candidate_only_needs_image_QA_geometry_and_operating_check,https://frs-public.epa.gov/ords/frs_public2/fii_query_dtl.disp_program_facility?p_registry_id=110009596339
110002472306,GENERAL MOTORS CORP CADILLAC FLEETWOOD ASSEMBLY,Detroit,42.300377,-83.119191,candidate_only_needs_image_QA_geometry_and_operating_check,https://frs-public.epa.gov/ords/frs_public2/fii_query_dtl.disp_program_facility?p_registry_id=110002472306
110002117771,GENERAL MOTORS CORP FISHER GUIDE DIV,Detroit,42.308409,-83.108179,candidate_only_needs_image_QA_geometry_and_operating_check,https://frs-public.epa.gov/ords/frs_public2/fii_query_dtl.disp_program_facility?p_registry_id=110002117771
110000406640,GENERAL MOTORS MLCG DETROIT-HAMTRAMCK ASSEM BLY CENTER,Detroit,42.381971,-83.044919,candidate_only_needs_image_QA_geometry_and_operating_check,https://frs-public.epa.gov/ords/frs_public2/fii_query_dtl.disp_program_facility?p_registry_id=110000406640
110042023360,GHD OPERATING L L C,Detroit,42.3779,-83.23652,candidate_only_needs_image_QA_geometry_and_operating_check,https://frs-public.epa.gov/ords/frs_public2/fii_query_dtl.disp_program_facility?p_registry_id=110042023360
110009598738,GKN SINTER METALS ROMULUS,Detroit,42.24654,-83.32813,candidate_only_needs_image_QA_geometry_and_operating_check,https://frs-public.epa.gov/ords/frs_public2/fii_query_dtl.disp_program_facility?p_registry_id=110009598738
110002117593,GLADWIN CORP,Detroit,42.19493,-83.23421,candidate_only_needs_image_QA_geometry_and_operating_check,https://frs-public.epa.gov/ords/frs_public2/fii_query_dtl.disp_program_facility?p_registry_id=110002117593
110010301930,GMC CHEVROLET DETROIT ASSEMBLY,Detroit,42.36924,-83.06305,candidate_only_needs_image_QA_geometry_and_operating_check,https://frs-public.epa.gov/ords/frs_public2/fii_query_dtl.disp_program_facility?p_registry_id=110010301930
110072214707,GOLDEN REFRIGERANT,Detroit,42.25777,-83.181607,candidate_only_needs_image_QA_geometry_and_operating_check,https://frs-public.epa.gov/ords/frs_public2/fii_query_dtl.disp_program_facility?p_registry_id=110072214707
110070556129,"GRANITE INLINER, LLC",Detroit,42.224631,-83.318986,candidate_only_needs_image_QA_geometry_and_operating_check,https://frs-public.epa.gov/ords/frs_public2/fii_query_dtl.disp_program_facility?p_registry_id=110070556129
110015680048,"GREEN POLYMERIC MATERIALS, INC",Detroit,42.36012,-83.1372,candidate_only_needs_image_QA_geometry_and_operating_check,https://frs-public.epa.gov/ords/frs_public2/fii_query_dtl.disp_program_facility?p_registry_id=110015680048
110001299069,GREIF BROTHERS CORP INTL DIV,Detroit,42.222394,-83.15393,candidate_only_needs_image_QA_geometry_and_operating_check,https://frs-public.epa.gov/ords/frs_public2/fii_query_dtl.disp_program_facility?p_registry_id=110001299069
110001847681,HISPANIC MFG / GONZALEZ MFG,Detroit,42.32587,-83.09984,candidate_only_needs_image_QA_geometry_and_operating_check,https://frs-public.epa.gov/ords/frs_public2/fii_query_dtl.disp_program_facility?p_registry_id=110001847681
110000406604,HONEYWELL,Detroit,42.291843,-83.111131,candidate_only_needs_image_QA_geometry_and_operating_check,https://frs-public.epa.gov/ords/frs_public2/fii_query_dtl.disp_program_facility?p_registry_id=110000406604
110000899966,HORIZON TECH GROUP ROMULUS DIV,Detroit,42.21021,-83.312,candidate_only_needs_image_QA_geometry_and_operating_check,https://frs-public.epa.gov/ords/frs_public2/fii_query_dtl.disp_program_facility?p_registry_id=110000899966
110000783732,HORIZON TECHNOLOGY GROUP WYANDOTTE,Detroit,42.18958,-83.16856,candidate_only_needs_image_QA_geometry_and_operating_check,https://frs-public.epa.gov/ords/frs_public2/fii_query_dtl.disp_program_facility?p_registry_id=110000783732
110000767509,IHC LLC,Detroit,42.37849,-83.24639,candidate_only_needs_image_QA_geometry_and_operating_check,https://frs-public.epa.gov/ords/frs_public2/fii_query_dtl.disp_program_facility?p_registry_id=110000767509
110063002218,INLAND WATERS POLLUTION CONTROL DETROIT FACILITY,Detroit,42.33124,-83.10077,candidate_only_needs_image_QA_geometry_and_operating_check,https://frs-public.epa.gov/ords/frs_public2/fii_query_dtl.disp_program_facility?p_registry_id=110063002218
110001224915,INTERNATIONAL HARDCOAT INC,Detroit,42.39337,-83.16894,candidate_only_needs_image_QA_geometry_and_operating_check,https://frs-public.epa.gov/ords/frs_public2/fii_query_dtl.disp_program_facility?p_registry_id=110001224915
110045403112,INTERNATIONAL PRECAST SOLUTIONS LLC,Detroit,42.27147,-83.13544,candidate_only_needs_image_QA_geometry_and_operating_check,https://frs-public.epa.gov/ords/frs_public2/fii_query_dtl.disp_program_facility?p_registry_id=110045403112
110000405446,IOV NORTH AMERICA,Detroit,42.28698,-83.1937,candidate_only_needs_image_QA_geometry_and_operating_check,https://frs-public.epa.gov/ords/frs_public2/fii_query_dtl.disp_program_facility?p_registry_id=110000405446
110001135815,IPMC AQUISITION LLC,Detroit,42.284522,-83.124417,candidate_only_needs_image_QA_geometry_and_operating_check,https://frs-public.epa.gov/ords/frs_public2/fii_query_dtl.disp_program_facility?p_registry_id=110001135815
110000406597,J & L SPECIALTY STEEL INC,Detroit,42.303012,-83.100837,candidate_only_needs_image_QA_geometry_and_operating_check,https://frs-public.epa.gov/ords/frs_public2/fii_query_dtl.disp_program_facility?p_registry_id=110000406597
110000406418,JCI JONES CHEMICALS INC,Detroit,42.17789,-83.16774,candidate_only_needs_image_QA_geometry_and_operating_check,https://frs-public.epa.gov/ords/frs_public2/fii_query_dtl.disp_program_facility?p_registry_id=110000406418
110002117806,KAY SCREEN PRINTING,Detroit,42.379381,-83.059914,candidate_only_needs_image_QA_geometry_and_operating_check,https://frs-public.epa.gov/ords/frs_public2/fii_query_dtl.disp_program_facility?p_registry_id=110002117806
110000406114,KERR CORPORATION / ROMO MANUFACTURING,Detroit,42.23918,-83.31564,candidate_only_needs_image_QA_geometry_and_operating_check,https://frs-public.epa.gov/ords/frs_public2/fii_query_dtl.disp_program_facility?p_registry_id=110000406114
110002117799,KEYWELL CORP,Detroit,42.31896,-83.13614,candidate_only_needs_image_QA_geometry_and_operating_check,https://frs-public.epa.gov/ords/frs_public2/fii_query_dtl.disp_program_facility?p_registry_id=110002117799
110072077294,KNIGHT TRANSFER,Detroit,42.38241,-83.20107,candidate_only_needs_image_QA_geometry_and_operating_check,https://frs-public.epa.gov/ords/frs_public2/fii_query_dtl.disp_program_facility?p_registry_id=110072077294
110002117922,KOLENE CORP,Detroit,42.38302,-83.23183,candidate_only_needs_image_QA_geometry_and_operating_check,https://frs-public.epa.gov/ords/frs_public2/fii_query_dtl.disp_program_facility?p_registry_id=110002117922
110041976449,LE PETOMANE VII CUSTODIAL TRUST,Detroit,42.37922,-83.17821,candidate_only_needs_image_QA_geometry_and_operating_check,https://frs-public.epa.gov/ords/frs_public2/fii_query_dtl.disp_program_facility?p_registry_id=110041976449
110000406490,LIFE TECHNOLOGIES CORPORATION,Detroit,42.33693,-83.06241,candidate_only_needs_image_QA_geometry_and_operating_check,https://frs-public.epa.gov/ords/frs_public2/fii_query_dtl.disp_program_facility?p_registry_id=110000406490
110002117860,LINCOLN BRASS WORKS INC,Detroit,42.329999,-83.071198,candidate_only_needs_image_QA_geometry_and_operating_check,https://frs-public.epa.gov/ords/frs_public2/fii_query_dtl.disp_program_facility?p_registry_id=110002117860
110015903904,LIQUID CARBONIC SPECIALTY GAS CORP,Detroit,42.38155,-83.23668,candidate_only_needs_image_QA_geometry_and_operating_check,https://frs-public.epa.gov/ords/frs_public2/fii_query_dtl.disp_program_facility?p_registry_id=110015903904
110067041150,M-LOK INC,Detroit,42.27944,-83.17168,candidate_only_needs_image_QA_geometry_and_operating_check,https://frs-public.epa.gov/ords/frs_public2/fii_query_dtl.disp_program_facility?p_registry_id=110067041150
110000406613,MAGNI INDUSTRIES INC,Detroit,42.32298,-83.11128,candidate_only_needs_image_QA_geometry_and_operating_check,https://frs-public.epa.gov/ords/frs_public2/fii_query_dtl.disp_program_facility?p_registry_id=110000406613
110042061274,MAKSTEEL PROCESSING LLC I A UNION PARTNERS CO.,Detroit,42.320661,-83.157823,candidate_only_needs_image_QA_geometry_and_operating_check,https://frs-public.epa.gov/ords/frs_public2/fii_query_dtl.disp_program_facility?p_registry_id=110042061274
110000406864,MARATHON PETROLEUM,Detroit,42.2764,-83.14918,candidate_only_needs_image_QA_geometry_and_operating_check,https://frs-public.epa.gov/ords/frs_public2/fii_query_dtl.disp_program_facility?p_registry_id=110000406864
110000554828,MARATHON PETROLEUM CO LP,Detroit,42.2841,-83.1527,candidate_only_needs_image_QA_geometry_and_operating_check,https://frs-public.epa.gov/ords/frs_public2/fii_query_dtl.disp_program_facility?p_registry_id=110000554828
110002117334,MARTIN FOUNDRY CO,Detroit,42.26604,-83.17479,candidate_only_needs_image_QA_geometry_and_operating_check,https://frs-public.epa.gov/ords/frs_public2/fii_query_dtl.disp_program_facility?p_registry_id=110002117334
110001841525,MARTIN MARIETTA MAGNESIA SPECIALTIES INC,Detroit,42.258411,-83.145679,candidate_only_needs_image_QA_geometry_and_operating_check,https://frs-public.epa.gov/ords/frs_public2/fii_query_dtl.disp_program_facility?p_registry_id=110001841525
110003645093,MASCOTECH SPECIAL VEHICLES,Detroit,42.399,-83.03763,candidate_only_needs_image_QA_geometry_and_operating_check,https://frs-public.epa.gov/ords/frs_public2/fii_query_dtl.disp_program_facility?p_registry_id=110003645093
110009597230,MATERIALS PROCESSING INC COATING DIV,Detroit,42.34294,-83.15449,candidate_only_needs_image_QA_geometry_and_operating_check,https://frs-public.epa.gov/ords/frs_public2/fii_query_dtl.disp_program_facility?p_registry_id=110009597230
110060257154,MCCOIG CONCRETE-SPRINGWELLS,Detroit,42.28937,-83.10735,candidate_only_needs_image_QA_geometry_and_operating_check,https://frs-public.epa.gov/ords/frs_public2/fii_query_dtl.disp_program_facility?p_registry_id=110060257154
110002117664,MCCORD PAYEN INC MCCORD GASKET DIV,Detroit,42.227014,-83.151404,candidate_only_needs_image_QA_geometry_and_operating_check,https://frs-public.epa.gov/ords/frs_public2/fii_query_dtl.disp_program_facility?p_registry_id=110002117664
110000407211,MCNICHOLS POLISHING & ANODIZING INC,Detroit,42.37561,-83.27684,candidate_only_needs_image_QA_geometry_and_operating_check,https://frs-public.epa.gov/ords/frs_public2/fii_query_dtl.disp_program_facility?p_registry_id=110000407211
110002117325,MEANS INDUSTRIES INC MELVINDALE,Detroit,42.27538,-83.19303,candidate_only_needs_image_QA_geometry_and_operating_check,https://frs-public.epa.gov/ords/frs_public2/fii_query_dtl.disp_program_facility?p_registry_id=110002117325
110025333342,MELODY FARMS LLC,Detroit,42.34127,-83.04011,candidate_only_needs_image_QA_geometry_and_operating_check,https://frs-public.epa.gov/ords/frs_public2/fii_query_dtl.disp_program_facility?p_registry_id=110025333342
110002117673,MERCURY MANUFACTURING COMPANY,Detroit,42.1923,-83.16757,candidate_only_needs_image_QA_geometry_and_operating_check,https://frs-public.epa.gov/ords/frs_public2/fii_query_dtl.disp_program_facility?p_registry_id=110002117673
110001680887,MERCURY PAINT CO,Detroit,42.3931,-83.17872,candidate_only_needs_image_QA_geometry_and_operating_check,https://frs-public.epa.gov/ords/frs_public2/fii_query_dtl.disp_program_facility?p_registry_id=110001680887
110000407015,METALDYNE PRECISION FORMING,Detroit,42.38179,-83.22775,candidate_only_needs_image_QA_geometry_and_operating_check,https://frs-public.epa.gov/ords/frs_public2/fii_query_dtl.disp_program_facility?p_registry_id=110000407015
110070913704,METREX RESEARCH,Detroit,42.23917,-83.31618,candidate_only_needs_image_QA_geometry_and_operating_check,https://frs-public.epa.gov/ords/frs_public2/fii_query_dtl.disp_program_facility?p_registry_id=110070913704
110000700741,MICHIGAN CHROME & CHEMICAL COMPANY,Detroit,42.40094,-83.01685,candidate_only_needs_image_QA_geometry_and_operating_check,https://frs-public.epa.gov/ords/frs_public2/fii_query_dtl.disp_program_facility?p_registry_id=110000700741
110002117815,MICHIGAN INDUSTRIAL FINISHES,Detroit,42.39588,-83.04241,candidate_only_needs_image_QA_geometry_and_operating_check,https://frs-public.epa.gov/ords/frs_public2/fii_query_dtl.disp_program_facility?p_registry_id=110002117815
110001848788,MICHIGAN MARINE TERMINAL,Detroit,42.27557,-83.12214,candidate_only_needs_image_QA_geometry_and_operating_check,https://frs-public.epa.gov/ords/frs_public2/fii_query_dtl.disp_program_facility?p_registry_id=110001848788
110014379485,MICHLIN CHEMICAL CORP,Detroit,42.316149,-83.175694,candidate_only_needs_image_QA_geometry_and_operating_check,https://frs-public.epa.gov/ords/frs_public2/fii_query_dtl.disp_program_facility?p_registry_id=110014379485
110002117361,MICHLIN DIAZO PRODS CORP,Detroit,42.3388,-83.16339,candidate_only_needs_image_QA_geometry_and_operating_check,https://frs-public.epa.gov/ords/frs_public2/fii_query_dtl.disp_program_facility?p_registry_id=110002117361
110000407033,MILFORD FABRICATING CO,Detroit,42.38176,-83.22936,candidate_only_needs_image_QA_geometry_and_operating_check,https://frs-public.epa.gov/ords/frs_public2/fii_query_dtl.disp_program_facility?p_registry_id=110000407033
110042072388,MONARCH PETROLEUM INC,Detroit,42.28359,-83.14069,candidate_only_needs_image_QA_geometry_and_operating_check,https://frs-public.epa.gov/ords/frs_public2/fii_query_dtl.disp_program_facility?p_registry_id=110042072388
110009597864,MPLX TERMINALS LLC,Detroit,42.245659,-83.308248,candidate_only_needs_image_QA_geometry_and_operating_check,https://frs-public.epa.gov/ords/frs_public2/fii_query_dtl.disp_program_facility?p_registry_id=110009597864
110009599755,MURRAY SANDBLAST & PAINT INC,Detroit,42.22637,-83.32735,candidate_only_needs_image_QA_geometry_and_operating_check,https://frs-public.epa.gov/ords/frs_public2/fii_query_dtl.disp_program_facility?p_registry_id=110009599755
110000899984,NATIONAL METAL PROCESSING INC,Detroit,42.35968,-83.01734,candidate_only_needs_image_QA_geometry_and_operating_check,https://frs-public.epa.gov/ords/frs_public2/fii_query_dtl.disp_program_facility?p_registry_id=110000899984
110003616169,NEW CENTER STAMPING,Detroit,42.37296,-83.06209,candidate_only_needs_image_QA_geometry_and_operating_check,https://frs-public.epa.gov/ords/frs_public2/fii_query_dtl.disp_program_facility?p_registry_id=110003616169
110002117343,NORWOOD PRECISION PRODUCTS TEXTRON,Detroit,42.27453,-83.19375,candidate_only_needs_image_QA_geometry_and_operating_check,https://frs-public.epa.gov/ords/frs_public2/fii_query_dtl.disp_program_facility?p_registry_id=110002117343
110003676834,OAKLAND STAMPING LLC,Detroit,42.396699,-83.077655,candidate_only_needs_image_QA_geometry_and_operating_check,https://frs-public.epa.gov/ords/frs_public2/fii_query_dtl.disp_program_facility?p_registry_id=110003676834
110000405721,OWENS CORNING,Detroit,42.260738,-83.18253,candidate_only_needs_image_QA_geometry_and_operating_check,https://frs-public.epa.gov/ords/frs_public2/fii_query_dtl.disp_program_facility?p_registry_id=110000405721
110000406908,OWENS-CORNING - TRUMBULL ASPHALT,Detroit,42.28647,-83.14307,candidate_only_needs_image_QA_geometry_and_operating_check,https://frs-public.epa.gov/ords/frs_public2/fii_query_dtl.disp_program_facility?p_registry_id=110000406908
110000406533,PARK METALLURGICAL CORP,Detroit,42.35307,-83.1342,candidate_only_needs_image_QA_geometry_and_operating_check,https://frs-public.epa.gov/ords/frs_public2/fii_query_dtl.disp_program_facility?p_registry_id=110000406533
110000614452,PARTS CLEANING TECHNOLOGIES,Detroit,42.39679,-83.17265,candidate_only_needs_image_QA_geometry_and_operating_check,https://frs-public.epa.gov/ords/frs_public2/fii_query_dtl.disp_program_facility?p_registry_id=110000614452
110000406891,"PATTERSON LABORATORIES, INC",Detroit,42.28057,-83.14273,candidate_only_needs_image_QA_geometry_and_operating_check,https://frs-public.epa.gov/ords/frs_public2/fii_query_dtl.disp_program_facility?p_registry_id=110000406891
110071256780,PENN LANDFILL,Detroit,42.1877,-83.23766,candidate_only_needs_image_QA_geometry_and_operating_check,https://frs-public.epa.gov/ords/frs_public2/fii_query_dtl.disp_program_facility?p_registry_id=110071256780
110000406542,PEPSI COLA BOTTLING GROUP,Detroit,42.35367,-83.04244,candidate_only_needs_image_QA_geometry_and_operating_check,https://frs-public.epa.gov/ords/frs_public2/fii_query_dtl.disp_program_facility?p_registry_id=110000406542
110000405883,PEREGRINE U S  INC  LIVONIA OPS,Detroit,42.36944,-83.32327,candidate_only_needs_image_QA_geometry_and_operating_check,https://frs-public.epa.gov/ords/frs_public2/fii_query_dtl.disp_program_facility?p_registry_id=110000405883
110001130151,PGP CORPORATION,Detroit,42.24846,-83.28907,candidate_only_needs_image_QA_geometry_and_operating_check,https://frs-public.epa.gov/ords/frs_public2/fii_query_dtl.disp_program_facility?p_registry_id=110001130151
110002117780,PILLSBURY CHEMICAL & OIL INC,Detroit,42.30897,-83.0917,candidate_only_needs_image_QA_geometry_and_operating_check,https://frs-public.epa.gov/ords/frs_public2/fii_query_dtl.disp_program_facility?p_registry_id=110002117780
110000852480,PLYMOUTH ROAD I LLC C/O DELTA MANAGEMENT CO,Detroit,42.37293,-83.18406,candidate_only_needs_image_QA_geometry_and_operating_check,https://frs-public.epa.gov/ords/frs_public2/fii_query_dtl.disp_program_facility?p_registry_id=110000852480
110000406873,POLYMER CONCRETE CORP,Detroit,42.2871,-83.15695,candidate_only_needs_image_QA_geometry_and_operating_check,https://frs-public.epa.gov/ords/frs_public2/fii_query_dtl.disp_program_facility?p_registry_id=110000406873
110002117352,POLYMER CONCRETE CORP,Detroit,42.28644,-83.18376,candidate_only_needs_image_QA_geometry_and_operating_check,https://frs-public.epa.gov/ords/frs_public2/fii_query_dtl.disp_program_facility?p_registry_id=110002117352
110043310761,PONTIAC WAREHOUSE,Detroit,42.38267,-83.23181,candidate_only_needs_image_QA_geometry_and_operating_check,https://frs-public.epa.gov/ords/frs_public2/fii_query_dtl.disp_program_facility?p_registry_id=110043310761
110060260729,PRIMO CONCRETE-BROWNSTOWN,Detroit,42.16958,-83.2289,candidate_only_needs_image_QA_geometry_and_operating_check,https://frs-public.epa.gov/ords/frs_public2/fii_query_dtl.disp_program_facility?p_registry_id=110060260729
110002452532,PRO V ENTERPRISES,Detroit,42.321457,-83.157543,candidate_only_needs_image_QA_geometry_and_operating_check,https://frs-public.epa.gov/ords/frs_public2/fii_query_dtl.disp_program_facility?p_registry_id=110002452532
110009394574,PROTO CAST INC,Detroit,42.29196,-83.30013,candidate_only_needs_image_QA_geometry_and_operating_check,https://frs-public.epa.gov/ords/frs_public2/fii_query_dtl.disp_program_facility?p_registry_id=110009394574
110002456048,PVS CHEMICALS INC (MICHIGAN),Detroit,42.18577,-83.15966,candidate_only_needs_image_QA_geometry_and_operating_check,https://frs-public.epa.gov/ords/frs_public2/fii_query_dtl.disp_program_facility?p_registry_id=110002456048
110017772846,PVS NOLWOOD CHEMICALS INC.,Detroit,42.36128,-83.18733,candidate_only_needs_image_QA_geometry_and_operating_check,https://frs-public.epa.gov/ords/frs_public2/fii_query_dtl.disp_program_facility?p_registry_id=110017772846
110000407051,QUACKER HOUGHTON,Detroit,42.36137,-83.18362,candidate_only_needs_image_QA_geometry_and_operating_check,https://frs-public.epa.gov/ords/frs_public2/fii_query_dtl.disp_program_facility?p_registry_id=110000407051
110000407186,QUAKER CHEMICAL CORP.,Detroit,42.39308,-83.16328,candidate_only_needs_image_QA_geometry_and_operating_check,https://frs-public.epa.gov/ords/frs_public2/fii_query_dtl.disp_program_facility?p_registry_id=110000407186
110002117637,QUALITY WIRE PROCESSING INC,Detroit,42.249185,-83.299289,candidate_only_needs_image_QA_geometry_and_operating_check,https://frs-public.epa.gov/ords/frs_public2/fii_query_dtl.disp_program_facility?p_registry_id=110002117637
110070692055,QUESTRON,Detroit,42.36646,-83.14569,candidate_only_needs_image_QA_geometry_and_operating_check,https://frs-public.epa.gov/ords/frs_public2/fii_query_dtl.disp_program_facility?p_registry_id=110070692055
110002117977,R J MARSHALL CO,Detroit,42.393,-83.17871,candidate_only_needs_image_QA_geometry_and_operating_check,https://frs-public.epa.gov/ords/frs_public2/fii_query_dtl.disp_program_facility?p_registry_id=110002117977
110001301305,RAYCO PLATING,Detroit,42.29355,-83.13674,candidate_only_needs_image_QA_geometry_and_operating_check,https://frs-public.epa.gov/ords/frs_public2/fii_query_dtl.disp_program_facility?p_registry_id=110001301305
110011910593,REILLY PLATING,Detroit,42.27946,-83.17167,candidate_only_needs_image_QA_geometry_and_operating_check,https://frs-public.epa.gov/ords/frs_public2/fii_query_dtl.disp_program_facility?p_registry_id=110011910593
110002357048,REPUBLIC INDUSTRIAL AND ENERGY SOLUTIONS,Detroit,42.24527,-83.31151,candidate_only_needs_image_QA_geometry_and_operating_check,https://frs-public.epa.gov/ords/frs_public2/fii_query_dtl.disp_program_facility?p_registry_id=110002357048
110001841641,SAFE SPOT BUSINESS PARK LLC,Detroit,42.172756,-83.22729,candidate_only_needs_image_QA_geometry_and_operating_check,https://frs-public.epa.gov/ords/frs_public2/fii_query_dtl.disp_program_facility?p_registry_id=110001841641
110002456253,SAFETY KLEEN SYSTEMS INC,Detroit,42.22859,-83.31776,candidate_only_needs_image_QA_geometry_and_operating_check,https://frs-public.epa.gov/ords/frs_public2/fii_query_dtl.disp_program_facility?p_registry_id=110002456253
110003580562,"SAKTHI AUTOMOTIVE GROUP USA, INC",Detroit,42.30588,-83.10525,candidate_only_needs_image_QA_geometry_and_operating_check,https://frs-public.epa.gov/ords/frs_public2/fii_query_dtl.disp_program_facility?p_registry_id=110003580562
110000406169,SATURN ELECTRONICS CORP,Detroit,42.21013,-83.31736,candidate_only_needs_image_QA_geometry_and_operating_check,https://frs-public.epa.gov/ords/frs_public2/fii_query_dtl.disp_program_facility?p_registry_id=110000406169
110000406631,"SECODYNE, INCORPORATED - DETROIT, MI",Detroit,42.32871,-83.10557,candidate_only_needs_image_QA_geometry_and_operating_check,https://frs-public.epa.gov/ords/frs_public2/fii_query_dtl.disp_program_facility?p_registry_id=110000406631
110000406686,SEIBERT OXIDERMO INC,Detroit,42.38556,-83.0343,candidate_only_needs_image_QA_geometry_and_operating_check,https://frs-public.epa.gov/ords/frs_public2/fii_query_dtl.disp_program_facility?p_registry_id=110000406686
110009595820,SHELL RIVER ROUGE LUBRICANTS PLANT,Detroit,42.27537,-83.12137,candidate_only_needs_image_QA_geometry_and_operating_check,https://frs-public.epa.gov/ords/frs_public2/fii_query_dtl.disp_program_facility?p_registry_id=110009595820
110070690722,SILVER'S METAL COMPANY,Detroit,42.39776,-83.07414,candidate_only_needs_image_QA_geometry_and_operating_check,https://frs-public.epa.gov/ords/frs_public2/fii_query_dtl.disp_program_facility?p_registry_id=110070690722
110042072039,SINGLE SOURCE INC,Detroit,42.37913,-83.02529,candidate_only_needs_image_QA_geometry_and_operating_check,https://frs-public.epa.gov/ords/frs_public2/fii_query_dtl.disp_program_facility?p_registry_id=110042072039
110000767402,SMS GROUP INC,Detroit,42.19584,-83.23501,candidate_only_needs_image_QA_geometry_and_operating_check,https://frs-public.epa.gov/ords/frs_public2/fii_query_dtl.disp_program_facility?p_registry_id=110000767402
110002117575,SOLAR MACHINE PRODUCTS,Detroit,42.21,-83.32475,candidate_only_needs_image_QA_geometry_and_operating_check,https://frs-public.epa.gov/ords/frs_public2/fii_query_dtl.disp_program_facility?p_registry_id=110002117575
110041970007,SRG GLOBAL INC,Detroit,42.21437,-83.27667,candidate_only_needs_image_QA_geometry_and_operating_check,https://frs-public.epa.gov/ords/frs_public2/fii_query_dtl.disp_program_facility?p_registry_id=110041970007
110000407195,STANDARD PAINT COMPANY,Detroit,42.39531,-83.15147,candidate_only_needs_image_QA_geometry_and_operating_check,https://frs-public.epa.gov/ords/frs_public2/fii_query_dtl.disp_program_facility?p_registry_id=110000407195
110025317084,STEEL INDUSTRIES PLANT 1,Detroit,42.378729,-83.295199,candidate_only_needs_image_QA_geometry_and_operating_check,https://frs-public.epa.gov/ords/frs_public2/fii_query_dtl.disp_program_facility?p_registry_id=110025317084
110025317093,STEEL INDUSTRIES PLANT 2,Detroit,42.37859,-83.2952,candidate_only_needs_image_QA_geometry_and_operating_check,https://frs-public.epa.gov/ords/frs_public2/fii_query_dtl.disp_program_facility?p_registry_id=110025317093
110025333351,STEEL INDUSTRIES PLANT 4,Detroit,42.37842,-83.3042,candidate_only_needs_image_QA_geometry_and_operating_check,https://frs-public.epa.gov/ords/frs_public2/fii_query_dtl.disp_program_facility?p_registry_id=110025333351
110001848902,STRONG STEEL PRODUCTS,Detroit,42.38556,-83.03387,candidate_only_needs_image_QA_geometry_and_operating_check,https://frs-public.epa.gov/ords/frs_public2/fii_query_dtl.disp_program_facility?p_registry_id=110001848902
110055498509,SUPERIOR MATERIALS 32,Detroit,42.286406,-83.122227,candidate_only_needs_image_QA_geometry_and_operating_check,https://frs-public.epa.gov/ords/frs_public2/fii_query_dtl.disp_program_facility?p_registry_id=110055498509
110067127139,SUPERIOR MATERIALS 32,Detroit,42.31455,-83.13722,candidate_only_needs_image_QA_geometry_and_operating_check,https://frs-public.epa.gov/ords/frs_public2/fii_query_dtl.disp_program_facility?p_registry_id=110067127139
110022810617,SUPERIOR MATERIALS PLANT 17,Detroit,42.281191,-83.128447,candidate_only_needs_image_QA_geometry_and_operating_check,https://frs-public.epa.gov/ords/frs_public2/fii_query_dtl.disp_program_facility?p_registry_id=110022810617
110072218582,SUPERIOR ONSITE PLANT 11,Detroit,42.29316,-83.11156,candidate_only_needs_image_QA_geometry_and_operating_check,https://frs-public.epa.gov/ords/frs_public2/fii_query_dtl.disp_program_facility?p_registry_id=110072218582
110000406436,TAMINCO HIGHER AMINES INC,Detroit,42.183889,-83.163056,candidate_only_needs_image_QA_geometry_and_operating_check,https://frs-public.epa.gov/ords/frs_public2/fii_query_dtl.disp_program_facility?p_registry_id=110000406436
110000856805,TAYLOR EAST TERMINAL - BUCKEYE (WAS ATLAS OIL CO),Detroit,42.25531,-83.27511,candidate_only_needs_image_QA_geometry_and_operating_check,https://frs-public.epa.gov/ords/frs_public2/fii_query_dtl.disp_program_facility?p_registry_id=110000856805
110001301029,TAYLOR MACHINE PRODUCTS,Detroit,42.19817,-83.24387,candidate_only_needs_image_QA_geometry_and_operating_check,https://frs-public.epa.gov/ords/frs_public2/fii_query_dtl.disp_program_facility?p_registry_id=110001301029
110000406588,THORN APPLE VALLEY DELI&SMK MEATS DIV,Detroit,42.33938,-83.09421,candidate_only_needs_image_QA_geometry_and_operating_check,https://frs-public.epa.gov/ords/frs_public2/fii_query_dtl.disp_program_facility?p_registry_id=110000406588
110000767359,"THORN APPLE VALLEY INC, FREDERICK DIV",Detroit,42.36407,-83.050177,candidate_only_needs_image_QA_geometry_and_operating_check,https://frs-public.epa.gov/ords/frs_public2/fii_query_dtl.disp_program_facility?p_registry_id=110000767359
110001300707,TREX PROPERTIES LLC,Detroit,42.3754,-83.30027,candidate_only_needs_image_QA_geometry_and_operating_check,https://frs-public.epa.gov/ords/frs_public2/fii_query_dtl.disp_program_facility?p_registry_id=110001300707
110070692019,TRITON SYSTEMS LLC,Detroit,42.32726,-83.23208,candidate_only_needs_image_QA_geometry_and_operating_check,https://frs-public.epa.gov/ords/frs_public2/fii_query_dtl.disp_program_facility?p_registry_id=110070692019
110002117619,TWB CORP,Detroit,42.22081,-83.23224,candidate_only_needs_image_QA_geometry_and_operating_check,https://frs-public.epa.gov/ords/frs_public2/fii_query_dtl.disp_program_facility?p_registry_id=110002117619
110015683875,UNITED STATES GYPSUM,Detroit,42.28033,-83.12917,candidate_only_needs_image_QA_geometry_and_operating_check,https://frs-public.epa.gov/ords/frs_public2/fii_query_dtl.disp_program_facility?p_registry_id=110015683875
110000406249,UNIVAR SOLUTIONS USA INC,Detroit,42.24908,-83.30066,candidate_only_needs_image_QA_geometry_and_operating_check,https://frs-public.epa.gov/ords/frs_public2/fii_query_dtl.disp_program_facility?p_registry_id=110000406249
110000767411,UNIVERTICAL CHEMICAL CO,Detroit,42.366382,-83.148971,candidate_only_needs_image_QA_geometry_and_operating_check,https://frs-public.epa.gov/ords/frs_public2/fii_query_dtl.disp_program_facility?p_registry_id=110000767411
110000822815,UNIVERTICAL CORP,Detroit,42.398302,-83.169181,candidate_only_needs_image_QA_geometry_and_operating_check,https://frs-public.epa.gov/ords/frs_public2/fii_query_dtl.disp_program_facility?p_registry_id=110000822815
110000406668,US ECOLOGY,Detroit,42.39353,-83.03255,candidate_only_needs_image_QA_geometry_and_operating_check,https://frs-public.epa.gov/ords/frs_public2/fii_query_dtl.disp_program_facility?p_registry_id=110000406668
110000497141,US STEEL GREAT LAKES WORKS - ECORSE FACILITY,Detroit,42.26016,-83.128653,candidate_only_needs_image_QA_geometry_and_operating_check,https://frs-public.epa.gov/ords/frs_public2/fii_query_dtl.disp_program_facility?p_registry_id=110000497141
110000852667,V & S DETROIT GALVANIZING LLC,Detroit,42.37874,-83.29033,candidate_only_needs_image_QA_geometry_and_operating_check,https://frs-public.epa.gov/ords/frs_public2/fii_query_dtl.disp_program_facility?p_registry_id=110000852667
110000406178,VACUUM ORNA METAL INC,Detroit,42.221,-83.3178,candidate_only_needs_image_QA_geometry_and_operating_check,https://frs-public.epa.gov/ords/frs_public2/fii_query_dtl.disp_program_facility?p_registry_id=110000406178
110001680789,VALLEY / VULCAN MOLD CO,Detroit,42.1588,-83.1882,candidate_only_needs_image_QA_geometry_and_operating_check,https://frs-public.epa.gov/ords/frs_public2/fii_query_dtl.disp_program_facility?p_registry_id=110001680789
110002118020,VAN DEN BERGH FOODS CO,Detroit,42.39563,-83.1345,candidate_only_needs_image_QA_geometry_and_operating_check,https://frs-public.epa.gov/ords/frs_public2/fii_query_dtl.disp_program_facility?p_registry_id=110002118020
110000903853,VESCO OIL CORP,Detroit,42.36358,-83.04656,candidate_only_needs_image_QA_geometry_and_operating_check,https://frs-public.epa.gov/ords/frs_public2/fii_query_dtl.disp_program_facility?p_registry_id=110000903853
110070263252,WATERFRONT PETRO TERM-MILLER,Detroit,42.29469,-83.14412,candidate_only_needs_image_QA_geometry_and_operating_check,https://frs-public.epa.gov/ords/frs_public2/fii_query_dtl.disp_program_facility?p_registry_id=110070263252
110067428108,WATERFRONT PETROLEUM,Detroit,42.3044,-83.09091,candidate_only_needs_image_QA_geometry_and_operating_check,https://frs-public.epa.gov/ords/frs_public2/fii_query_dtl.disp_program_facility?p_registry_id=110067428108
110070263976,WATERFRONT PETROLEUM TERMINAL-WEST JEFFERSON,Detroit,42.3044,-83.09091,candidate_only_needs_image_QA_geometry_and_operating_check,https://frs-public.epa.gov/ords/frs_public2/fii_query_dtl.disp_program_facility?p_registry_id=110070263976
110002116889,WAYNE GREASE DIV OF DARLING & CO,Detroit,42.28923,-83.12675,candidate_only_needs_image_QA_geometry_and_operating_check,https://frs-public.epa.gov/ords/frs_public2/fii_query_dtl.disp_program_facility?p_registry_id=110002116889
110002117986,WESLEY QUAKER MAID INC,Detroit,42.372576,-83.226082,candidate_only_needs_image_QA_geometry_and_operating_check,https://frs-public.epa.gov/ords/frs_public2/fii_query_dtl.disp_program_facility?p_registry_id=110002117986
110012705073,WESTWIN LTD,Detroit,42.28057,-83.14273,candidate_only_needs_image_QA_geometry_and_operating_check,https://frs-public.epa.gov/ords/frs_public2/fii_query_dtl.disp_program_facility?p_registry_id=110012705073
110061830826,WINDSOR MACHINE & STAMPING US LTD,Detroit,42.21097,-83.29925,candidate_only_needs_image_QA_geometry_and_operating_check,https://frs-public.epa.gov/ords/frs_public2/fii_query_dtl.disp_program_facility?p_registry_id=110061830826
110000405712,WOLVERINE GASKET,Detroit,42.293591,-83.302704,candidate_only_needs_image_QA_geometry_and_operating_check,https://frs-public.epa.gov/ords/frs_public2/fii_query_dtl.disp_program_facility?p_registry_id=110000405712
110009598435,WOLVERINE GASKET & MANUFACTURING CO,Detroit,42.27948,-83.14035,candidate_only_needs_image_QA_geometry_and_operating_check,https://frs-public.epa.gov/ords/frs_public2/fii_query_dtl.disp_program_facility?p_registry_id=110009598435
110001680823,WYANDOTTE MUNICIPAL POWER PLANT,Detroit,42.207794,-83.147148,candidate_only_needs_image_QA_geometry_and_operating_check,https://frs-public.epa.gov/ords/frs_public2/fii_query_dtl.disp_program_facility?p_registry_id=110001680823
110001145895,Z TECHNOLOGIES CORP.,Detroit,42.37528,-83.3036,candidate_only_needs_image_QA_geometry_and_operating_check,https://frs-public.epa.gov/ords/frs_public2/fii_query_dtl.disp_program_facility?p_registry_id=110001145895
110000361750,A & A FIBERGLASS,Jacksonville,30.337919,-81.675866,candidate_only_needs_image_QA_geometry_and_operating_check,https://frs-public.epa.gov/ords/frs_public2/fii_query_dtl.disp_program_facility?p_registry_id=110000361750
110000765529,ALL - BRITE SALES CO INC,Jacksonville,30.35097,-81.63714,candidate_only_needs_image_QA_geometry_and_operating_check,https://frs-public.epa.gov/ords/frs_public2/fii_query_dtl.disp_program_facility?p_registry_id=110000765529
110000832715,AMERICAN TECHNICAL CERAMICS,Jacksonville,30.305735,-81.561272,candidate_only_needs_image_QA_geometry_and_operating_check,https://frs-public.epa.gov/ords/frs_public2/fii_query_dtl.disp_program_facility?p_registry_id=110000832715
110000362036,"ANHEUSER-BUSCH, INC. JACKSONVILLE BREWERY",Jacksonville,30.432822,-81.647706,candidate_only_needs_image_QA_geometry_and_operating_check,https://frs-public.epa.gov/ords/frs_public2/fii_query_dtl.disp_program_facility?p_registry_id=110000362036
110035714974,ARGOS USA,Jacksonville,30.265236,-81.619797,candidate_only_needs_image_QA_geometry_and_operating_check,https://frs-public.epa.gov/ords/frs_public2/fii_query_dtl.disp_program_facility?p_registry_id=110035714974
110006780420,ARGOS USA,Jacksonville,30.4308,-81.56038,candidate_only_needs_image_QA_geometry_and_operating_check,https://frs-public.epa.gov/ords/frs_public2/fii_query_dtl.disp_program_facility?p_registry_id=110006780420
110063624074,ATLANTIC DRY DOCK CORP,Jacksonville,30.3902,-81.45683,candidate_only_needs_image_QA_geometry_and_operating_check,https://frs-public.epa.gov/ords/frs_public2/fii_query_dtl.disp_program_facility?p_registry_id=110063624074
110057268031,BAE SYSTEMS MARITIME SOLUTIONS,Jacksonville,30.390733,-81.45951,candidate_only_needs_image_QA_geometry_and_operating_check,https://frs-public.epa.gov/ords/frs_public2/fii_query_dtl.disp_program_facility?p_registry_id=110057268031
110002102572,BARRIER INDUSTRIES INC BARRIER S DIV,Jacksonville,30.3307,-81.68962,candidate_only_needs_image_QA_geometry_and_operating_check,https://frs-public.epa.gov/ords/frs_public2/fii_query_dtl.disp_program_facility?p_registry_id=110002102572
110002102643,BASSO CHEMICALS INC,Jacksonville,30.267853,-81.622989,candidate_only_needs_image_QA_geometry_and_operating_check,https://frs-public.epa.gov/ords/frs_public2/fii_query_dtl.disp_program_facility?p_registry_id=110002102643
110070690797,"BATTERY CONNECTIONS PLUS, LLC",Jacksonville,30.27075,-81.6215,candidate_only_needs_image_QA_geometry_and_operating_check,https://frs-public.epa.gov/ords/frs_public2/fii_query_dtl.disp_program_facility?p_registry_id=110070690797
110000869034,BENJAMIN MOORE & CO INC,Jacksonville,30.321667,-81.637778,candidate_only_needs_image_QA_geometry_and_operating_check,https://frs-public.epa.gov/ords/frs_public2/fii_query_dtl.disp_program_facility?p_registry_id=110000869034
110071433947,BEST BLOCK - UNIVERSITY BLOCK PLANT,Jacksonville,30.262026,-81.618987,candidate_only_needs_image_QA_geometry_and_operating_check,https://frs-public.epa.gov/ords/frs_public2/fii_query_dtl.disp_program_facility?p_registry_id=110071433947
110027958468,BLUEGRASS LABELS COMPANY LLC,Jacksonville,30.266942,-81.622291,candidate_only_needs_image_QA_geometry_and_operating_check,https://frs-public.epa.gov/ords/frs_public2/fii_query_dtl.disp_program_facility?p_registry_id=110027958468
110001411124,"BP PRODUCTS NORTH AMERICA, INC.",Jacksonville,30.411998,-81.562697,candidate_only_needs_image_QA_geometry_and_operating_check,https://frs-public.epa.gov/ords/frs_public2/fii_query_dtl.disp_program_facility?p_registry_id=110001411124
110008320325,BUCKEYE JACKSONVILLE TERMINAL,Jacksonville,30.418595,-81.596793,candidate_only_needs_image_QA_geometry_and_operating_check,https://frs-public.epa.gov/ords/frs_public2/fii_query_dtl.disp_program_facility?p_registry_id=110008320325
110000362018,CEDAR BAY GENERATING CO LP,Jacksonville,30.4225,-81.606389,candidate_only_needs_image_QA_geometry_and_operating_check,https://frs-public.epa.gov/ords/frs_public2/fii_query_dtl.disp_program_facility?p_registry_id=110000362018
110061189100,CEMEX - MARSHALL STREET READY MIX,Jacksonville,30.33132,-81.63239,candidate_only_needs_image_QA_geometry_and_operating_check,https://frs-public.epa.gov/ords/frs_public2/fii_query_dtl.disp_program_facility?p_registry_id=110061189100
110000361894,CENTER POINT TERMINAL COMPANY,Jacksonville,30.35828,-81.62674,candidate_only_needs_image_QA_geometry_and_operating_check,https://frs-public.epa.gov/ords/frs_public2/fii_query_dtl.disp_program_facility?p_registry_id=110000361894
110070690272,CHEMICAL RESOURCES,Jacksonville,30.29215,-81.63754,candidate_only_needs_image_QA_geometry_and_operating_check,https://frs-public.epa.gov/ords/frs_public2/fii_query_dtl.disp_program_facility?p_registry_id=110070690272
110002395159,COASTAL FUELS MARKETING INC JACKSONVILLE TERMINAL,Jacksonville,30.360558,-81.627061,candidate_only_needs_image_QA_geometry_and_operating_check,https://frs-public.epa.gov/ords/frs_public2/fii_query_dtl.disp_program_facility?p_registry_id=110002395159
110037143524,COMMERCIAL ALLOYS  JACKSONVILLE PROCESSING FACILITY,Jacksonville,30.34784,-81.64467,candidate_only_needs_image_QA_geometry_and_operating_check,https://frs-public.epa.gov/ords/frs_public2/fii_query_dtl.disp_program_facility?p_registry_id=110037143524
110002102652,CORPORATE SERVICES GROUP,Jacksonville,30.26973,-81.62496,candidate_only_needs_image_QA_geometry_and_operating_check,https://frs-public.epa.gov/ords/frs_public2/fii_query_dtl.disp_program_facility?p_registry_id=110002102652
110013288049,CUSTOM PROPULSION SYSTEMS INC,Jacksonville,30.355413,-81.641642,candidate_only_needs_image_QA_geometry_and_operating_check,https://frs-public.epa.gov/ords/frs_public2/fii_query_dtl.disp_program_facility?p_registry_id=110013288049
110000871021,DOZIER & GAY PAINT CO,Jacksonville,30.35094,-81.65367,candidate_only_needs_image_QA_geometry_and_operating_check,https://frs-public.epa.gov/ords/frs_public2/fii_query_dtl.disp_program_facility?p_registry_id=110000871021
110000621738,ENVIROTECH SOUTHEAST INC - UNIT A,Jacksonville,30.32655,-81.63118,candidate_only_needs_image_QA_geometry_and_operating_check,https://frs-public.epa.gov/ords/frs_public2/fii_query_dtl.disp_program_facility?p_registry_id=110000621738
110000361983,FAIRFAX ST. WOOD TREATERS,Jacksonville,30.354092,-81.686394,candidate_only_needs_image_QA_geometry_and_operating_check,https://frs-public.epa.gov/ords/frs_public2/fii_query_dtl.disp_program_facility?p_registry_id=110000361983
110002102661,"FLORIDA CUSTOM MARBLE, INC.",Jacksonville,30.2725,-81.63826,candidate_only_needs_image_QA_geometry_and_operating_check,https://frs-public.epa.gov/ords/frs_public2/fii_query_dtl.disp_program_facility?p_registry_id=110002102661
110058064874,"FLORIDA ROCK INDUSTRIES, INC.",Jacksonville,30.32956,-81.64562,candidate_only_needs_image_QA_geometry_and_operating_check,https://frs-public.epa.gov/ords/frs_public2/fii_query_dtl.disp_program_facility?p_registry_id=110058064874
110039071474,FLORIDA ROCK UNIVERSITY BLOCK PLANT,Jacksonville,30.26191,-81.61785,candidate_only_needs_image_QA_geometry_and_operating_check,https://frs-public.epa.gov/ords/frs_public2/fii_query_dtl.disp_program_facility?p_registry_id=110039071474
110038220270,GOODRICH CORP ENGINEERED POLYMER PRODUCTS,Jacksonville,30.402451,-81.520012,candidate_only_needs_image_QA_geometry_and_operating_check,https://frs-public.epa.gov/ords/frs_public2/fii_query_dtl.disp_program_facility?p_registry_id=110038220270
110037477664,INDEPENDENCE RECYCLING JACKSON,Jacksonville,30.3687,-81.63871,candidate_only_needs_image_QA_geometry_and_operating_check,https://frs-public.epa.gov/ords/frs_public2/fii_query_dtl.disp_program_facility?p_registry_id=110037477664
110016735336,INTERSTATE BRANDS CORPORATION,Jacksonville,30.43,-81.643333,candidate_only_needs_image_QA_geometry_and_operating_check,https://frs-public.epa.gov/ords/frs_public2/fii_query_dtl.disp_program_facility?p_registry_id=110016735336
110000361901,JACKSONVILLE MILL,Jacksonville,30.36445,-81.6282,candidate_only_needs_image_QA_geometry_and_operating_check,https://frs-public.epa.gov/ords/frs_public2/fii_query_dtl.disp_program_facility?p_registry_id=110000361901
110002102554,JACKSONVILLE SHIPYARDS INC.,Jacksonville,30.323683,-81.647259,candidate_only_needs_image_QA_geometry_and_operating_check,https://frs-public.epa.gov/ords/frs_public2/fii_query_dtl.disp_program_facility?p_registry_id=110002102554
110000361929,JEA KENNEDY GENERATING STATION,Jacksonville,30.3649,-81.6253,candidate_only_needs_image_QA_geometry_and_operating_check,https://frs-public.epa.gov/ords/frs_public2/fii_query_dtl.disp_program_facility?p_registry_id=110000361929
110000361910,JONES CHEMICAL,Jacksonville,30.340998,-81.627273,candidate_only_needs_image_QA_geometry_and_operating_check,https://frs-public.epa.gov/ords/frs_public2/fii_query_dtl.disp_program_facility?p_registry_id=110000361910
110000872333,LES FLORIDA HOLDINGS (IN0534),Jacksonville,30.343664,-81.628975,candidate_only_needs_image_QA_geometry_and_operating_check,https://frs-public.epa.gov/ords/frs_public2/fii_query_dtl.disp_program_facility?p_registry_id=110000872333
110001737425,LOAD KING MFG,Jacksonville,30.33633,-81.67818,candidate_only_needs_image_QA_geometry_and_operating_check,https://frs-public.epa.gov/ords/frs_public2/fii_query_dtl.disp_program_facility?p_registry_id=110001737425
110002102714,MALNOVE CORPORATION OF JACKSONVILLE,Jacksonville,30.263532,-81.620666,candidate_only_needs_image_QA_geometry_and_operating_check,https://frs-public.epa.gov/ords/frs_public2/fii_query_dtl.disp_program_facility?p_registry_id=110002102714
110000869631,"MCK TERMINALS, LLC",Jacksonville,30.414301,-81.605399,candidate_only_needs_image_QA_geometry_and_operating_check,https://frs-public.epa.gov/ords/frs_public2/fii_query_dtl.disp_program_facility?p_registry_id=110000869631
110070691802,METAL RECYCLERS,Jacksonville,30.29379,-81.60976,candidate_only_needs_image_QA_geometry_and_operating_check,https://frs-public.epa.gov/ords/frs_public2/fii_query_dtl.disp_program_facility?p_registry_id=110070691802
110071948411,NAVSUP FLC JACKSONVILLE - NAVY FUEL DEPOT,Jacksonville,30.402297,-81.636954,candidate_only_needs_image_QA_geometry_and_operating_check,https://frs-public.epa.gov/ords/frs_public2/fii_query_dtl.disp_program_facility?p_registry_id=110071948411
110012596985,PAN-GLO,Jacksonville,30.33541,-81.67698,candidate_only_needs_image_QA_geometry_and_operating_check,https://frs-public.epa.gov/ords/frs_public2/fii_query_dtl.disp_program_facility?p_registry_id=110012596985
110000858974,PEPSI BOTTLING GROUP,Jacksonville,30.262494,-81.605068,candidate_only_needs_image_QA_geometry_and_operating_check,https://frs-public.epa.gov/ords/frs_public2/fii_query_dtl.disp_program_facility?p_registry_id=110000858974
110030816936,"PETROLEUM CONTAINMENT, INC.",Jacksonville,30.36016,-81.64752,candidate_only_needs_image_QA_geometry_and_operating_check,https://frs-public.epa.gov/ords/frs_public2/fii_query_dtl.disp_program_facility?p_registry_id=110030816936
110001128770,PETROLEUM PACKERS OF JACKSONVILLE INC,Jacksonville,30.35787,-81.62676,candidate_only_needs_image_QA_geometry_and_operating_check,https://frs-public.epa.gov/ords/frs_public2/fii_query_dtl.disp_program_facility?p_registry_id=110001128770
110031019083,PORT CONSOLIDATED INC.,Jacksonville,30.34168,-81.62897,candidate_only_needs_image_QA_geometry_and_operating_check,https://frs-public.epa.gov/ords/frs_public2/fii_query_dtl.disp_program_facility?p_registry_id=110031019083
110046123574,"PORT CONSOLIDATED, INC.",Jacksonville,30.36735,-81.63417,candidate_only_needs_image_QA_geometry_and_operating_check,https://frs-public.epa.gov/ords/frs_public2/fii_query_dtl.disp_program_facility?p_registry_id=110046123574
110002344543,PRAXAIR,Jacksonville,30.330159,-81.691651,candidate_only_needs_image_QA_geometry_and_operating_check,https://frs-public.epa.gov/ords/frs_public2/fii_query_dtl.disp_program_facility?p_registry_id=110002344543
110000361769,PROGRESSIVE INK COMPANY L L C,Jacksonville,30.32924,-81.68533,candidate_only_needs_image_QA_geometry_and_operating_check,https://frs-public.epa.gov/ords/frs_public2/fii_query_dtl.disp_program_facility?p_registry_id=110000361769
110002102698,PTC AEROSPACE,Jacksonville,30.28217,-81.51225,candidate_only_needs_image_QA_geometry_and_operating_check,https://frs-public.epa.gov/ords/frs_public2/fii_query_dtl.disp_program_facility?p_registry_id=110002102698
110070690278,SAFE HARBOR BOYS HOME,Jacksonville,30.41293,-81.54506,candidate_only_needs_image_QA_geometry_and_operating_check,https://frs-public.epa.gov/ords/frs_public2/fii_query_dtl.disp_program_facility?p_registry_id=110070690278
110002542277,SEVEN OUT LLC,Jacksonville,30.322383,-81.630796,candidate_only_needs_image_QA_geometry_and_operating_check,https://frs-public.epa.gov/ords/frs_public2/fii_query_dtl.disp_program_facility?p_registry_id=110002542277
110071229793,SHAW'S SOUTHERN BELLE FROZE FOODS INC.,Jacksonville,30.38448,-81.63941,candidate_only_needs_image_QA_geometry_and_operating_check,https://frs-public.epa.gov/ords/frs_public2/fii_query_dtl.disp_program_facility?p_registry_id=110071229793
110000509012,SHAW'S SOUTHERN BELLE FROZEN FOODS,Jacksonville,30.38448,-81.63941,candidate_only_needs_image_QA_geometry_and_operating_check,https://frs-public.epa.gov/ords/frs_public2/fii_query_dtl.disp_program_facility?p_registry_id=110000509012
110000876393,SOUTHSIDE GENERATING STATION,Jacksonville,30.31483,-81.65029,candidate_only_needs_image_QA_geometry_and_operating_check,https://frs-public.epa.gov/ords/frs_public2/fii_query_dtl.disp_program_facility?p_registry_id=110000876393
110070266418,ST. JOHNS RIVER POWER,Jacksonville,30.417526,-81.552279,candidate_only_needs_image_QA_geometry_and_operating_check,https://frs-public.epa.gov/ords/frs_public2/fii_query_dtl.disp_program_facility?p_registry_id=110070266418
110072196266,"STELLAR ENERGY AMERICAS, INC.",Jacksonville,30.41659,-81.63185,candidate_only_needs_image_QA_geometry_and_operating_check,https://frs-public.epa.gov/ords/frs_public2/fii_query_dtl.disp_program_facility?p_registry_id=110072196266
110008327319,TIFFANY MARBLE & CREATIONS INC,Jacksonville,30.263103,-81.606539,candidate_only_needs_image_QA_geometry_and_operating_check,https://frs-public.epa.gov/ords/frs_public2/fii_query_dtl.disp_program_facility?p_registry_id=110008327319
110002102581,TOWNSEND FARMS INC,Jacksonville,30.327648,-81.689503,candidate_only_needs_image_QA_geometry_and_operating_check,https://frs-public.epa.gov/ords/frs_public2/fii_query_dtl.disp_program_facility?p_registry_id=110002102581
110070207571,TRADEMARK METALS RECYCLING LLC,Jacksonville,30.336368,-81.677766,candidate_only_needs_image_QA_geometry_and_operating_check,https://frs-public.epa.gov/ords/frs_public2/fii_query_dtl.disp_program_facility?p_registry_id=110070207571
110070070966,"TREND OFFSET PRINTING SERVICES, INC.",Jacksonville,30.422998,-81.635887,candidate_only_needs_image_QA_geometry_and_operating_check,https://frs-public.epa.gov/ords/frs_public2/fii_query_dtl.disp_program_facility?p_registry_id=110070070966
110000362125,U.S. MARINE CORPS BLOUNT ISLAND,Jacksonville,30.406122,-81.52175,candidate_only_needs_image_QA_geometry_and_operating_check,https://frs-public.epa.gov/ords/frs_public2/fii_query_dtl.disp_program_facility?p_registry_id=110000362125
110001737014,UNITED STATES GYPSUM CO.,Jacksonville,30.38179,-81.63793,candidate_only_needs_image_QA_geometry_and_operating_check,https://frs-public.epa.gov/ords/frs_public2/fii_query_dtl.disp_program_facility?p_registry_id=110001737014
110071256762,USNR,Jacksonville,30.338671,-81.673861,candidate_only_needs_image_QA_geometry_and_operating_check,https://frs-public.epa.gov/ords/frs_public2/fii_query_dtl.disp_program_facility?p_registry_id=110071256762
110060259848,VCNA PRESTIGE CONCRETE-ALTA,Jacksonville,30.42058,-81.56999,candidate_only_needs_image_QA_geometry_and_operating_check,https://frs-public.epa.gov/ords/frs_public2/fii_query_dtl.disp_program_facility?p_registry_id=110060259848
110002102670,VISTAKON,Jacksonville,30.31197,-81.66055,candidate_only_needs_image_QA_geometry_and_operating_check,https://frs-public.epa.gov/ords/frs_public2/fii_query_dtl.disp_program_facility?p_registry_id=110002102670
110002102723,"VISTAKON, INCORPORATED",Jacksonville,30.26319,-81.608985,candidate_only_needs_image_QA_geometry_and_operating_check,https://frs-public.epa.gov/ords/frs_public2/fii_query_dtl.disp_program_facility?p_registry_id=110002102723
110019184167,95 MT. READ BLVD. LLC,Rochester,43.152104,-77.660702,candidate_only_needs_image_QA_geometry_and_operating_check,https://frs-public.epa.gov/ords/frs_public2/fii_query_dtl.disp_program_facility?p_registry_id=110019184167
110019436396,A B DICK COMPANY,Rochester,43.08715,-77.61851,candidate_only_needs_image_QA_geometry_and_operating_check,https://frs-public.epa.gov/ords/frs_public2/fii_query_dtl.disp_program_facility?p_registry_id=110019436396
110000838121,ABB KENT-TAYLOR INC,Rochester,43.151,-77.64395,candidate_only_needs_image_QA_geometry_and_operating_check,https://frs-public.epa.gov/ords/frs_public2/fii_query_dtl.disp_program_facility?p_registry_id=110000838121
110004361716,"ADVANCE CIRCUIT TECHNOLOGY, INC.",Rochester,43.10973,-77.69734,candidate_only_needs_image_QA_geometry_and_operating_check,https://frs-public.epa.gov/ords/frs_public2/fii_query_dtl.disp_program_facility?p_registry_id=110004361716
110071286424,ALCO MANUFACTURING CORPORATION,Rochester,43.14909,-77.56484,candidate_only_needs_image_QA_geometry_and_operating_check,https://frs-public.epa.gov/ords/frs_public2/fii_query_dtl.disp_program_facility?p_registry_id=110071286424
110071287445,ALCO MANUFACTURING CORPORATION,Rochester,43.153036,-77.56183,candidate_only_needs_image_QA_geometry_and_operating_check,https://frs-public.epa.gov/ords/frs_public2/fii_query_dtl.disp_program_facility?p_registry_id=110071287445
110002094974,ALLIANCE METAL STAMPING & FABRICATING,Rochester,43.14098,-77.71189,candidate_only_needs_image_QA_geometry_and_operating_check,https://frs-public.epa.gov/ords/frs_public2/fii_query_dtl.disp_program_facility?p_registry_id=110002094974
110002094956,ALLING & CORY CO,Rochester,43.18577,-77.65324,candidate_only_needs_image_QA_geometry_and_operating_check,https://frs-public.epa.gov/ords/frs_public2/fii_query_dtl.disp_program_facility?p_registry_id=110002094956
110000327897,AMERADA HESS CORP  ROCHESTER-LYELL AVENUE TERMINAL,Rochester,43.16468,-77.67899,candidate_only_needs_image_QA_geometry_and_operating_check,https://frs-public.epa.gov/ords/frs_public2/fii_query_dtl.disp_program_facility?p_registry_id=110000327897
110015345401,AMERICAN AEROGEL CORPORATION,Rochester,43.15103,-77.66232,candidate_only_needs_image_QA_geometry_and_operating_check,https://frs-public.epa.gov/ords/frs_public2/fii_query_dtl.disp_program_facility?p_registry_id=110015345401
110001575126,AMERICAN NATIONAL CAN CO,Rochester,43.10848,-77.44964,candidate_only_needs_image_QA_geometry_and_operating_check,https://frs-public.epa.gov/ords/frs_public2/fii_query_dtl.disp_program_facility?p_registry_id=110001575126
110000807119,AMERICAN PACKAGING CORP,Rochester,43.181847,-77.651925,candidate_only_needs_image_QA_geometry_and_operating_check,https://frs-public.epa.gov/ords/frs_public2/fii_query_dtl.disp_program_facility?p_registry_id=110000807119
110000327931,ARCH CHEMICALS INC,Rochester,43.154776,-77.66765,candidate_only_needs_image_QA_geometry_and_operating_check,https://frs-public.epa.gov/ords/frs_public2/fii_query_dtl.disp_program_facility?p_registry_id=110000327931
110001134950,BAKER COMMODITIES/STAPPENBECK,Rochester,43.158974,-77.526349,candidate_only_needs_image_QA_geometry_and_operating_check,https://frs-public.epa.gov/ords/frs_public2/fii_query_dtl.disp_program_facility?p_registry_id=110001134950
110001595444,BARTHELMES MANUFACTURING CO INC,Rochester,43.14526,-77.66362,candidate_only_needs_image_QA_geometry_and_operating_check,https://frs-public.epa.gov/ords/frs_public2/fii_query_dtl.disp_program_facility?p_registry_id=110001595444
110000327922,BODYCOTE THERMAL PROCESSING INC,Rochester,43.14995,-77.66586,candidate_only_needs_image_QA_geometry_and_operating_check,https://frs-public.epa.gov/ords/frs_public2/fii_query_dtl.disp_program_facility?p_registry_id=110000327922
110000328020,BUCKEYE ROCHESTER TERMINAL - SOUTH,Rochester,43.13094,-77.65486,candidate_only_needs_image_QA_geometry_and_operating_check,https://frs-public.epa.gov/ords/frs_public2/fii_query_dtl.disp_program_facility?p_registry_id=110000328020
110031331280,CARESTREAM HEALTH AT EASTMAN BUSINESS PARK,Rochester,43.19897,-77.63147,candidate_only_needs_image_QA_geometry_and_operating_check,https://frs-public.epa.gov/ords/frs_public2/fii_query_dtl.disp_program_facility?p_registry_id=110031331280
110039496818,CARESTREAM HEALTH INC - ISC B-117,Rochester,43.196959,-77.628233,candidate_only_needs_image_QA_geometry_and_operating_check,https://frs-public.epa.gov/ords/frs_public2/fii_query_dtl.disp_program_facility?p_registry_id=110039496818
110001574822,CASE-HOYT,Rochester,43.17068,-77.62052,candidate_only_needs_image_QA_geometry_and_operating_check,https://frs-public.epa.gov/ords/frs_public2/fii_query_dtl.disp_program_facility?p_registry_id=110001574822
110031020375,CHAMPION PHOTOCHEMISTRY INC,Rochester,43.196959,-77.628233,candidate_only_needs_image_QA_geometry_and_operating_check,https://frs-public.epa.gov/ords/frs_public2/fii_query_dtl.disp_program_facility?p_registry_id=110031020375
110002373805,COAST TO COAST CIRCUITS INC,Rochester,43.18693,-77.65327,candidate_only_needs_image_QA_geometry_and_operating_check,https://frs-public.epa.gov/ords/frs_public2/fii_query_dtl.disp_program_facility?p_registry_id=110002373805
110027360969,CORNING TROPEL CORP,Rochester,43.10501,-77.45673,candidate_only_needs_image_QA_geometry_and_operating_check,https://frs-public.epa.gov/ords/frs_public2/fii_query_dtl.disp_program_facility?p_registry_id=110027360969
110012395470,CYPRESS PACKAGING INC,Rochester,43.13071,-77.67696,candidate_only_needs_image_QA_geometry_and_operating_check,https://frs-public.epa.gov/ords/frs_public2/fii_query_dtl.disp_program_facility?p_registry_id=110012395470
110004451290,DANISCO US INC GENENCOR DIVISION,Rochester,43.17922,-77.67758,candidate_only_needs_image_QA_geometry_and_operating_check,https://frs-public.epa.gov/ords/frs_public2/fii_query_dtl.disp_program_facility?p_registry_id=110004451290
110009465168,DESPATCH INDUSTRIES,Rochester,43.1175,-77.48782,candidate_only_needs_image_QA_geometry_and_operating_check,https://frs-public.epa.gov/ords/frs_public2/fii_query_dtl.disp_program_facility?p_registry_id=110009465168
110019296313,DISTILLATION PRODUCTS INDUSTRIES DIV,Rochester,43.19372,-77.659854,candidate_only_needs_image_QA_geometry_and_operating_check,https://frs-public.epa.gov/ords/frs_public2/fii_query_dtl.disp_program_facility?p_registry_id=110019296313
110001575073,DOLOMITE PRODUCTS PENFIELD PLANT,Rochester,43.14485,-77.48456,candidate_only_needs_image_QA_geometry_and_operating_check,https://frs-public.epa.gov/ords/frs_public2/fii_query_dtl.disp_program_facility?p_registry_id=110001575073
110015784070,DOMINE BUILDERS SUPPLY,Rochester,43.13864,-77.55237,candidate_only_needs_image_QA_geometry_and_operating_check,https://frs-public.epa.gov/ords/frs_public2/fii_query_dtl.disp_program_facility?p_registry_id=110015784070
110000328039,DUPONT ROCHESTER SENECA AVE,Rochester,43.187505,-77.609057,candidate_only_needs_image_QA_geometry_and_operating_check,https://frs-public.epa.gov/ords/frs_public2/fii_query_dtl.disp_program_facility?p_registry_id=110000328039
110001590458,E I DUPONT DE NEMOURS - DRIVING PARK PLANT,Rochester,43.18088,-77.64816,candidate_only_needs_image_QA_geometry_and_operating_check,https://frs-public.epa.gov/ords/frs_public2/fii_query_dtl.disp_program_facility?p_registry_id=110001590458
110002095009,EASTMAN KODAK CO ELMGROVE PLANT,Rochester,43.147217,-77.655788,candidate_only_needs_image_QA_geometry_and_operating_check,https://frs-public.epa.gov/ords/frs_public2/fii_query_dtl.disp_program_facility?p_registry_id=110002095009
110001574788,EASTMAN KODAK CO LINCOLN PLANT,Rochester,43.14796,-77.65578,candidate_only_needs_image_QA_geometry_and_operating_check,https://frs-public.epa.gov/ords/frs_public2/fii_query_dtl.disp_program_facility?p_registry_id=110001574788
110000837934,EASTMAN KODAK HAWK-EYE PLANT,Rochester,43.18112,-77.62616,candidate_only_needs_image_QA_geometry_and_operating_check,https://frs-public.epa.gov/ords/frs_public2/fii_query_dtl.disp_program_facility?p_registry_id=110000837934
110060257234,EXELIS GEOSPATIAL SYSTEMS,Rochester,43.18175,-77.68054,candidate_only_needs_image_QA_geometry_and_operating_check,https://frs-public.epa.gov/ords/frs_public2/fii_query_dtl.disp_program_facility?p_registry_id=110060257234
110002094929,FEDERAL STAMPINGS INC,Rochester,43.17384,-77.67046,candidate_only_needs_image_QA_geometry_and_operating_check,https://frs-public.epa.gov/ords/frs_public2/fii_query_dtl.disp_program_facility?p_registry_id=110002094929
110000327628,FERRONICS INC,Rochester,43.10624,-77.45837,candidate_only_needs_image_QA_geometry_and_operating_check,https://frs-public.epa.gov/ords/frs_public2/fii_query_dtl.disp_program_facility?p_registry_id=110000327628
110001574911,FILTROS PLANT REFRACTORIES DIVISION,Rochester,43.117791,-77.499689,candidate_only_needs_image_QA_geometry_and_operating_check,https://frs-public.epa.gov/ords/frs_public2/fii_query_dtl.disp_program_facility?p_registry_id=110001574911
110011507869,"FINGER LAKES CHEMICALS, INC.",Rochester,43.16446,-77.61377,candidate_only_needs_image_QA_geometry_and_operating_check,https://frs-public.epa.gov/ords/frs_public2/fii_query_dtl.disp_program_facility?p_registry_id=110011507869
110004413064,FISHER SCIENTIFIC CO  L L C  PFEIFFER GLASS CO,Rochester,43.21681,-77.63805,candidate_only_needs_image_QA_geometry_and_operating_check,https://frs-public.epa.gov/ords/frs_public2/fii_query_dtl.disp_program_facility?p_registry_id=110004413064
110070626622,FLINT GROUP CPS,Rochester,43.08341,-77.64547,candidate_only_needs_image_QA_geometry_and_operating_check,https://frs-public.epa.gov/ords/frs_public2/fii_query_dtl.disp_program_facility?p_registry_id=110070626622
110040436061,FLINT GROUP NORTH AMERICA CORP,Rochester,43.1792,-77.6607,candidate_only_needs_image_QA_geometry_and_operating_check,https://frs-public.epa.gov/ords/frs_public2/fii_query_dtl.disp_program_facility?p_registry_id=110040436061
110055497626,GATES FACILITY,Rochester,43.14997,-77.680572,candidate_only_needs_image_QA_geometry_and_operating_check,https://frs-public.epa.gov/ords/frs_public2/fii_query_dtl.disp_program_facility?p_registry_id=110055497626
110004318505,GE MDS LLC,Rochester,43.11798,-77.61226,candidate_only_needs_image_QA_geometry_and_operating_check,https://frs-public.epa.gov/ords/frs_public2/fii_query_dtl.disp_program_facility?p_registry_id=110004318505
110000904317,GENERAL RAILWAY SIGNAL CORP,Rochester,43.14951,-77.66252,candidate_only_needs_image_QA_geometry_and_operating_check,https://frs-public.epa.gov/ords/frs_public2/fii_query_dtl.disp_program_facility?p_registry_id=110000904317
110000848655,GENESEE VALLEY METAL FINISHING,Rochester,43.16128,-77.62329,candidate_only_needs_image_QA_geometry_and_operating_check,https://frs-public.epa.gov/ords/frs_public2/fii_query_dtl.disp_program_facility?p_registry_id=110000848655
110000328075,GETINGE SOURCING LLC,Rochester,43.08586,-77.6087,candidate_only_needs_image_QA_geometry_and_operating_check,https://frs-public.epa.gov/ords/frs_public2/fii_query_dtl.disp_program_facility?p_registry_id=110000328075
110000327824,GM COMPONENTS HOLDINGS LLC,Rochester,43.17923,-77.65488,candidate_only_needs_image_QA_geometry_and_operating_check,https://frs-public.epa.gov/ords/frs_public2/fii_query_dtl.disp_program_facility?p_registry_id=110000327824
110001617135,GMC AUTOMOTIVE SYSTEMS LEE RD PLANT,Rochester,43.17684,-77.68063,candidate_only_needs_image_QA_geometry_and_operating_check,https://frs-public.epa.gov/ords/frs_public2/fii_query_dtl.disp_program_facility?p_registry_id=110001617135
110019495278,GRIFFITH ENERGY - ROCHESTER TERMINAL,Rochester,43.15576,-77.66765,candidate_only_needs_image_QA_geometry_and_operating_check,https://frs-public.epa.gov/ords/frs_public2/fii_query_dtl.disp_program_facility?p_registry_id=110019495278
110000328066,HAMMER LITHOGRAPH CORP,Rochester,43.09587,-77.62286,candidate_only_needs_image_QA_geometry_and_operating_check,https://frs-public.epa.gov/ords/frs_public2/fii_query_dtl.disp_program_facility?p_registry_id=110000328066
110002094901,HAMMER PACKAGING CORP,Rochester,43.06954,-77.68437,candidate_only_needs_image_QA_geometry_and_operating_check,https://frs-public.epa.gov/ords/frs_public2/fii_query_dtl.disp_program_facility?p_registry_id=110002094901
110001575288,HARDWOOD HOUSE INC,Rochester,43.16464,-77.64736,candidate_only_needs_image_QA_geometry_and_operating_check,https://frs-public.epa.gov/ords/frs_public2/fii_query_dtl.disp_program_facility?p_registry_id=110001575288
110000808797,HARRIS CORP  RF COMMUNICATIONS DIV,Rochester,43.15492,-77.56886,candidate_only_needs_image_QA_geometry_and_operating_check,https://frs-public.epa.gov/ords/frs_public2/fii_query_dtl.disp_program_facility?p_registry_id=110000808797
110046278951,HARRIS GLOBAL COMMUNICATIONS INC,Rochester,43.08702,-77.5914,candidate_only_needs_image_QA_geometry_and_operating_check,https://frs-public.epa.gov/ords/frs_public2/fii_query_dtl.disp_program_facility?p_registry_id=110046278951
110000327879,HIGH FALLS OPERATING CO LLC,Rochester,43.164448,-77.616186,candidate_only_needs_image_QA_geometry_and_operating_check,https://frs-public.epa.gov/ords/frs_public2/fii_query_dtl.disp_program_facility?p_registry_id=110000327879
110070072093,HIGH FALLS OPERATING CO. LLC,Rochester,43.1647,-77.61404,candidate_only_needs_image_QA_geometry_and_operating_check,https://frs-public.epa.gov/ords/frs_public2/fii_query_dtl.disp_program_facility?p_registry_id=110070072093
110000838336,IMATION ENTERPRISES CORP,Rochester,43.19063,-77.662195,candidate_only_needs_image_QA_geometry_and_operating_check,https://frs-public.epa.gov/ords/frs_public2/fii_query_dtl.disp_program_facility?p_registry_id=110000838336
110070234692,IROQUOIS ROCK PRODUCTS/ HENRIETTA DRUM,Rochester,43.09026,-77.59993,candidate_only_needs_image_QA_geometry_and_operating_check,https://frs-public.epa.gov/ords/frs_public2/fii_query_dtl.disp_program_facility?p_registry_id=110070234692
110064134315,JASCO HEAT TREATING INC,Rochester,43.10162,-77.4309,candidate_only_needs_image_QA_geometry_and_operating_check,https://frs-public.epa.gov/ords/frs_public2/fii_query_dtl.disp_program_facility?p_registry_id=110064134315
110002094965,JOHN H HARLAND CO PLANT #22,Rochester,43.09762,-77.61582,candidate_only_needs_image_QA_geometry_and_operating_check,https://frs-public.epa.gov/ords/frs_public2/fii_query_dtl.disp_program_facility?p_registry_id=110002094965
110004340080,KADDIS MANUFACTURING CORP,Rochester,43.11242,-77.67424,candidate_only_needs_image_QA_geometry_and_operating_check,https://frs-public.epa.gov/ords/frs_public2/fii_query_dtl.disp_program_facility?p_registry_id=110004340080
110001605175,KAPLAN CONTAINER CORP,Rochester,43.11581,-77.48465,candidate_only_needs_image_QA_geometry_and_operating_check,https://frs-public.epa.gov/ords/frs_public2/fii_query_dtl.disp_program_facility?p_registry_id=110001605175
110000327904,KLEEN BRITE LABORATORIES INC.,Rochester,43.16385,-77.63018,candidate_only_needs_image_QA_geometry_and_operating_check,https://frs-public.epa.gov/ords/frs_public2/fii_query_dtl.disp_program_facility?p_registry_id=110000327904
110010435065,LEXINGTON MACHINING,Rochester,43.14996,-77.66824,candidate_only_needs_image_QA_geometry_and_operating_check,https://frs-public.epa.gov/ords/frs_public2/fii_query_dtl.disp_program_facility?p_registry_id=110010435065
110070664272,LI-CYCLE INC - BLDG 350,Rochester,43.196959,-77.628233,candidate_only_needs_image_QA_geometry_and_operating_check,https://frs-public.epa.gov/ords/frs_public2/fii_query_dtl.disp_program_facility?p_registry_id=110070664272
110060257305,MANITOU CONCRETE- DOLOMITE PRODUCTS CO,Rochester,43.08711,-77.59811,candidate_only_needs_image_QA_geometry_and_operating_check,https://frs-public.epa.gov/ords/frs_public2/fii_query_dtl.disp_program_facility?p_registry_id=110060257305
110064186036,MCALPIN INDUSTRIES MONROE PLATING DIV,Rochester,43.18245,-77.61829,candidate_only_needs_image_QA_geometry_and_operating_check,https://frs-public.epa.gov/ords/frs_public2/fii_query_dtl.disp_program_facility?p_registry_id=110064186036
110000498364,MERSEN USA SPM,Rochester,43.08704,-77.58707,candidate_only_needs_image_QA_geometry_and_operating_check,https://frs-public.epa.gov/ords/frs_public2/fii_query_dtl.disp_program_facility?p_registry_id=110000498364
110000883633,METALADE INC FINISHING & ASSEMBLY DIV,Rochester,43.08116,-77.64107,candidate_only_needs_image_QA_geometry_and_operating_check,https://frs-public.epa.gov/ords/frs_public2/fii_query_dtl.disp_program_facility?p_registry_id=110000883633
110070690365,MILLER BRICK COMPANY,Rochester,43.19391,-77.64972,candidate_only_needs_image_QA_geometry_and_operating_check,https://frs-public.epa.gov/ords/frs_public2/fii_query_dtl.disp_program_facility?p_registry_id=110070690365
110004393095,MKS INSTRUMENTS - POWER SOLUTIONS,Rochester,43.07744,-77.6601,candidate_only_needs_image_QA_geometry_and_operating_check,https://frs-public.epa.gov/ords/frs_public2/fii_query_dtl.disp_program_facility?p_registry_id=110004393095
110000809019,MONROE COMMUNITY COLLEGE,Rochester,43.16084,-77.61871,candidate_only_needs_image_QA_geometry_and_operating_check,https://frs-public.epa.gov/ords/frs_public2/fii_query_dtl.disp_program_facility?p_registry_id=110000809019
110000881314,MONROE CTY GREATER ROCHESTER INT`L APRT,Rochester,43.11954,-77.65414,candidate_only_needs_image_QA_geometry_and_operating_check,https://frs-public.epa.gov/ords/frs_public2/fii_query_dtl.disp_program_facility?p_registry_id=110000881314
110001609938,MONROE LITHO,Rochester,43.161915,-77.601495,candidate_only_needs_image_QA_geometry_and_operating_check,https://frs-public.epa.gov/ords/frs_public2/fii_query_dtl.disp_program_facility?p_registry_id=110001609938
110015588933,NATIONWIDE CIRCUITS INC,Rochester,43.17384,-77.67032,candidate_only_needs_image_QA_geometry_and_operating_check,https://frs-public.epa.gov/ords/frs_public2/fii_query_dtl.disp_program_facility?p_registry_id=110015588933
110000328011,NU-KOTE INTERNATIONAL,Rochester,43.193902,-77.663715,candidate_only_needs_image_QA_geometry_and_operating_check,https://frs-public.epa.gov/ords/frs_public2/fii_query_dtl.disp_program_facility?p_registry_id=110000328011
110000328119,ORTHO-CLINICAL DIAGNOSTICS BUILDING 313,Rochester,43.19822,-77.6666,candidate_only_needs_image_QA_geometry_and_operating_check,https://frs-public.epa.gov/ords/frs_public2/fii_query_dtl.disp_program_facility?p_registry_id=110000328119
110001575180,"PHOTEC, INC",Rochester,43.18636,-77.65751,candidate_only_needs_image_QA_geometry_and_operating_check,https://frs-public.epa.gov/ords/frs_public2/fii_query_dtl.disp_program_facility?p_registry_id=110001575180
110071082118,PLUG POWER INNOVATION CENTER,Rochester,43.06644,-77.66924,candidate_only_needs_image_QA_geometry_and_operating_check,https://frs-public.epa.gov/ords/frs_public2/fii_query_dtl.disp_program_facility?p_registry_id=110071082118
110002094803,PLYMOUTH ROCK PROVISION CO,Rochester,43.10715,-77.45909,candidate_only_needs_image_QA_geometry_and_operating_check,https://frs-public.epa.gov/ords/frs_public2/fii_query_dtl.disp_program_facility?p_registry_id=110002094803
110004339911,"QUALITROL CO., LLC",Rochester,43.098265,-77.458918,candidate_only_needs_image_QA_geometry_and_operating_check,https://frs-public.epa.gov/ords/frs_public2/fii_query_dtl.disp_program_facility?p_registry_id=110004339911
110000327986,R G & E BEEBEE STATION,Rochester,43.162398,-77.616898,candidate_only_needs_image_QA_geometry_and_operating_check,https://frs-public.epa.gov/ords/frs_public2/fii_query_dtl.disp_program_facility?p_registry_id=110000327986
110000328137,RAY-BAN SUN OPTICS INC,Rochester,43.102157,-77.707559,candidate_only_needs_image_QA_geometry_and_operating_check,https://frs-public.epa.gov/ords/frs_public2/fii_query_dtl.disp_program_facility?p_registry_id=110000328137
110071856454,RED-ROCHESTER LLC - EASTMAN BUSINESS PARK,Rochester,43.196959,-77.628233,candidate_only_needs_image_QA_geometry_and_operating_check,https://frs-public.epa.gov/ords/frs_public2/fii_query_dtl.disp_program_facility?p_registry_id=110071856454
110060261416,RED-ROCHESTER LLC - EASTMAN BUSINESS PARK,Rochester,43.19392,-77.662794,candidate_only_needs_image_QA_geometry_and_operating_check,https://frs-public.epa.gov/ords/frs_public2/fii_query_dtl.disp_program_facility?p_registry_id=110060261416
110000327977,ROCHESTER BRONZE & ALUMINUM FOUNDRY CO,Rochester,43.15349,-77.649874,candidate_only_needs_image_QA_geometry_and_operating_check,https://frs-public.epa.gov/ords/frs_public2/fii_query_dtl.disp_program_facility?p_registry_id=110000327977
110019363491,ROCHESTER HAULING FACILITY,Rochester,43.18435,-77.65959,candidate_only_needs_image_QA_geometry_and_operating_check,https://frs-public.epa.gov/ords/frs_public2/fii_query_dtl.disp_program_facility?p_registry_id=110019363491
110000327940,ROCHESTER HEAVY TERMINAL,Rochester,43.142278,-77.667333,candidate_only_needs_image_QA_geometry_and_operating_check,https://frs-public.epa.gov/ords/frs_public2/fii_query_dtl.disp_program_facility?p_registry_id=110000327940
110000328057,ROCHESTER MIDLAND CORPORATION,Rochester,43.185089,-77.617274,candidate_only_needs_image_QA_geometry_and_operating_check,https://frs-public.epa.gov/ords/frs_public2/fii_query_dtl.disp_program_facility?p_registry_id=110000328057
110000327851,ROCHESTER NY DISTRIBUTION WAREHOUSE,Rochester,43.16872,-77.61525,candidate_only_needs_image_QA_geometry_and_operating_check,https://frs-public.epa.gov/ords/frs_public2/fii_query_dtl.disp_program_facility?p_registry_id=110000327851
110000327968,ROCHESTER OVERNIGHT PLATING,Rochester,43.14991,-77.65966,candidate_only_needs_image_QA_geometry_and_operating_check,https://frs-public.epa.gov/ords/frs_public2/fii_query_dtl.disp_program_facility?p_registry_id=110000327968
110043988478,ROCHESTER PRECISION OPTICS LLC,Rochester,43.07124,-77.66566,candidate_only_needs_image_QA_geometry_and_operating_check,https://frs-public.epa.gov/ords/frs_public2/fii_query_dtl.disp_program_facility?p_registry_id=110043988478
110043983927,ROCHESTER SILVER WORKS LLC,Rochester,43.202435,-77.644508,candidate_only_needs_image_QA_geometry_and_operating_check,https://frs-public.epa.gov/ords/frs_public2/fii_query_dtl.disp_program_facility?p_registry_id=110043983927
110000327860,ROCHESTER STEEL TREATING WORKS,Rochester,43.16158,-77.5865,candidate_only_needs_image_QA_geometry_and_operating_check,https://frs-public.epa.gov/ords/frs_public2/fii_query_dtl.disp_program_facility?p_registry_id=110000327860
110000328093,ROEHLEN ENGRAVING,Rochester,43.086973,-77.624615,candidate_only_needs_image_QA_geometry_and_operating_check,https://frs-public.epa.gov/ords/frs_public2/fii_query_dtl.disp_program_facility?p_registry_id=110000328093
110000807208,RON INK CO INC,Rochester,43.14737,-77.55184,candidate_only_needs_image_QA_geometry_and_operating_check,https://frs-public.epa.gov/ords/frs_public2/fii_query_dtl.disp_program_facility?p_registry_id=110000807208
110000328164,SCHLEGEL SYSTEMS INC,Rochester,43.085833,-77.586667,candidate_only_needs_image_QA_geometry_and_operating_check,https://frs-public.epa.gov/ords/frs_public2/fii_query_dtl.disp_program_facility?p_registry_id=110000328164
110001134969,SENTRY GROUP,Rochester,43.119313,-77.49304,candidate_only_needs_image_QA_geometry_and_operating_check,https://frs-public.epa.gov/ords/frs_public2/fii_query_dtl.disp_program_facility?p_registry_id=110001134969
110001590537,SOMERVILLE RENDOLL PAPER OPERATIONS,Rochester,43.16286,-77.60472,candidate_only_needs_image_QA_geometry_and_operating_check,https://frs-public.epa.gov/ords/frs_public2/fii_query_dtl.disp_program_facility?p_registry_id=110001590537
110000327842,SPX CORP   LIGHTNING DIV,Rochester,43.154073,-77.661882,candidate_only_needs_image_QA_geometry_and_operating_check,https://frs-public.epa.gov/ords/frs_public2/fii_query_dtl.disp_program_facility?p_registry_id=110000327842
110004339573,SPX FLOW US LLC - MILLSTEAD WAY,Rochester,43.10923,-77.67808,candidate_only_needs_image_QA_geometry_and_operating_check,https://frs-public.epa.gov/ords/frs_public2/fii_query_dtl.disp_program_facility?p_registry_id=110004339573
110002094910,TEL-TRU MANUFACTURING,Rochester,43.16385,-77.6131,candidate_only_needs_image_QA_geometry_and_operating_check,https://frs-public.epa.gov/ords/frs_public2/fii_query_dtl.disp_program_facility?p_registry_id=110002094910
110000328146,THE GLEASON WORKS,Rochester,43.154308,-77.575614,candidate_only_needs_image_QA_geometry_and_operating_check,https://frs-public.epa.gov/ords/frs_public2/fii_query_dtl.disp_program_facility?p_registry_id=110000328146
110012708025,THERMO SPECTRONIC,Rochester,43.12021,-77.50081,candidate_only_needs_image_QA_geometry_and_operating_check,https://frs-public.epa.gov/ords/frs_public2/fii_query_dtl.disp_program_facility?p_registry_id=110012708025
110044285911,TRUESENSE IMAGING INC,Rochester,43.20357,-77.62837,candidate_only_needs_image_QA_geometry_and_operating_check,https://frs-public.epa.gov/ords/frs_public2/fii_query_dtl.disp_program_facility?p_registry_id=110044285911
110000328100,TYCO ELECTRONICS,Rochester,43.0975,-77.62198,candidate_only_needs_image_QA_geometry_and_operating_check,https://frs-public.epa.gov/ords/frs_public2/fii_query_dtl.disp_program_facility?p_registry_id=110000328100
110000328084,UNITHER MANUFACTURING LLC,Rochester,43.084207,-77.621621,candidate_only_needs_image_QA_geometry_and_operating_check,https://frs-public.epa.gov/ords/frs_public2/fii_query_dtl.disp_program_facility?p_registry_id=110000328084
110002094938,UPSTATE NIAGARA COOPERATIVE INC,Rochester,43.16961,-77.62855,candidate_only_needs_image_QA_geometry_and_operating_check,https://frs-public.epa.gov/ords/frs_public2/fii_query_dtl.disp_program_facility?p_registry_id=110002094938
110021343269,VALEO ELECTRICAL SYSTEMS INC,Rochester,43.16468,-77.667091,candidate_only_needs_image_QA_geometry_and_operating_check,https://frs-public.epa.gov/ords/frs_public2/fii_query_dtl.disp_program_facility?p_registry_id=110021343269
110001574902,VAN DEN BERGH FOODS CO,Rochester,43.164674,-77.670282,candidate_only_needs_image_QA_geometry_and_operating_check,https://frs-public.epa.gov/ords/frs_public2/fii_query_dtl.disp_program_facility?p_registry_id=110001574902
110009465239,"VOPLEX CORP, ALLERTON CHEMICAL DIV",Rochester,43.121035,-77.505718,candidate_only_needs_image_QA_geometry_and_operating_check,https://frs-public.epa.gov/ords/frs_public2/fii_query_dtl.disp_program_facility?p_registry_id=110009465239
110055971275,WEGMANS FOOD MARKETS - CULINARY INNOVATION CENTER,Rochester,43.119428,-77.698221,candidate_only_needs_image_QA_geometry_and_operating_check,https://frs-public.epa.gov/ords/frs_public2/fii_query_dtl.disp_program_facility?p_registry_id=110055971275
110004446252,WESTERN BITUMINOUS PRODS,Rochester,43.1442,-77.54975,candidate_only_needs_image_QA_geometry_and_operating_check,https://frs-public.epa.gov/ords/frs_public2/fii_query_dtl.disp_program_facility?p_registry_id=110004446252
110019051238,WINDSOR TECHNOLOGY,Rochester,43.120034,-77.610207,candidate_only_needs_image_QA_geometry_and_operating_check,https://frs-public.epa.gov/ords/frs_public2/fii_query_dtl.disp_program_facility?p_registry_id=110019051238
110037143123,WINDSOR TECHNOLOGY LLC,Rochester,43.16468,-77.666202,candidate_only_needs_image_QA_geometry_and_operating_check,https://frs-public.epa.gov/ords/frs_public2/fii_query_dtl.disp_program_facility?p_registry_id=110037143123
110002094992,WINROSS CO INC,Rochester,43.13181,-77.49932,candidate_only_needs_image_QA_geometry_and_operating_check,https://frs-public.epa.gov/ords/frs_public2/fii_query_dtl.disp_program_facility?p_registry_id=110002094992
110000327799,XEROX CORPORATION,Rochester,43.227834,-77.411534,candidate_only_needs_image_QA_geometry_and_operating_check,https://frs-public.epa.gov/ords/frs_public2/fii_query_dtl.disp_program_facility?p_registry_id=110000327799
110000328002,XPEDX-ALLING AND CORY,Rochester,43.203684,-77.655275,candidate_only_needs_image_QA_geometry_and_operating_check,https://frs-public.epa.gov/ords/frs_public2/fii_query_dtl.disp_program_facility?p_registry_id=110000328002
