facility_id,name,city,state,latitude,longitude,label,site_type,scene_id,valid_fraction_150m,source_url
110001736998,MAXWELL HOUSE COFFEE DIVISION,Jacksonville,FL,30.324648,-81.647913,1,EPA TRI industrial facility,20250516_164837_16_4001,0.9586776859504132,https://frs-public.epa.gov/ords/frs_public2/fii_query_dtl.disp_program_facility?p_registry_id=110001736998
110002102634,"SWISHER INTERNATIONAL, INC.",Jacksonville,FL,30.35366,-81.64669,1,EPA TRI industrial facility,20250516_164837_16_4001,0.8099173553719008,https://frs-public.epa.gov/ords/frs_public2/fii_query_dtl.disp_program_facility?p_registry_id=110002102634
110000361938,OWENS CORNING JACKSONVILLE ROOFING ASPHALT PLANT,Jacksonville,FL,30.336691,-81.629304,1,EPA TRI industrial facility,20250516_164837_16_4001,0.743801652892562,https://frs-public.epa.gov/ords/frs_public2/fii_query_dtl.disp_program_facility?p_registry_id=110000361938
110039071660,CERTAINTEED GYPSUM & CEILINGS MANUFACTURING INC,Jacksonville,FL,30.39399,-81.56039,1,EPA TRI industrial facility,20250516_164837_16_4001,0.8677685950413223,https://frs-public.epa.gov/ords/frs_public2/fii_query_dtl.disp_program_facility?p_registry_id=110039071660
110000361965,SYMRISE JACKSONVILLE FACILITY,Jacksonville,FL,30.380131,-81.664313,1,EPA TRI industrial facility,20250516_164837_16_4001,0.9504132231404959,https://frs-public.epa.gov/ords/frs_public2/fii_query_dtl.disp_program_facility?p_registry_id=110000361965
110000759527,WESTROCK CP LLC,Jacksonville,FL,30.420643,-81.600565,1,EPA TRI industrial facility,20250516_164837_16_4001,0.9338842975206612,https://frs-public.epa.gov/ords/frs_public2/fii_query_dtl.disp_program_facility?p_registry_id=110000759527
110000361885,FMC CORP,Jacksonville,FL,30.340102,-81.631472,1,EPA TRI industrial facility,20250516_164837_16_4001,0.9917355371900827,https://frs-public.epa.gov/ords/frs_public2/fii_query_dtl.disp_program_facility?p_registry_id=110000361885
110070790439,COLLINS AEROSPACE - BUSCH,Jacksonville,FL,30.426491,-81.635908,1,EPA TRI industrial facility,20250516_164837_16_4001,0.6776859504132231,https://frs-public.epa.gov/ords/frs_public2/fii_query_dtl.disp_program_facility?p_registry_id=110070790439
OSM_relation_3216452,Bishop Kenny High School,Jacksonville,FL,30.3109244,-81.640802,0,OSM school comparison,20250516_164837_16_4001,0.9669421487603306,https://www.openstreetmap.org/relation/3216452
OSM_relation_6479663,Sandalwood High School,Jacksonville,FL,30.2981135,-81.5180349,0,OSM school comparison,20250516_164837_16_4001,1.0,https://www.openstreetmap.org/relation/6479663
OSM_way_840423375,Douglas Anderson School of the Arts,Jacksonville,FL,30.3014411,-81.6386531,0,OSM school comparison,20250516_164837_16_4001,0.9752066115702479,https://www.openstreetmap.org/way/840423375
OSM_relation_8301075,Episcopal School of Jacksonville,Jacksonville,FL,30.3112898,-81.6227138,0,OSM school comparison,20250516_164837_16_4001,0.9256198347107438,https://www.openstreetmap.org/relation/8301075
OSM_relation_13612455,North Shore Elementary School,Jacksonville,FL,30.3748996,-81.6536412,0,OSM school comparison,20250516_164837_16_4001,1.0,https://www.openstreetmap.org/relation/13612455
OSM_relation_8297809,The Bolles School: Middle School Bartram Campus,Jacksonville,FL,30.3036308,-81.605278,0,OSM school comparison,20250516_164837_16_4001,1.0,https://www.openstreetmap.org/relation/8297809
OSM_relation_14751695,Springfield Middle School,Jacksonville,FL,30.3494482,-81.6524618,0,OSM school comparison,20250516_164837_16_4001,1.0,https://www.openstreetmap.org/relation/14751695
OSM_relation_13627240,Jackson High School,Jacksonville,FL,30.3623013,-81.655382,0,OSM school comparison,20250516_164837_16_4001,1.0,https://www.openstreetmap.org/relation/13627240
110000492173,EASTMAN KODAK - KODAK PARK,Rochester,NY,43.197788,-77.629836,1,EPA TRI industrial facility,20250801_165548_86_4001,1.0,https://frs-public.epa.gov/ords/frs_public2/fii_query_dtl.disp_program_facility?p_registry_id=110000492173
110000774895,BAUSCH & LOMB INC,Rochester,NY,43.180062,-77.571981,1,EPA TRI industrial facility,20250801_165548_86_4001,0.9090909090909091,https://frs-public.epa.gov/ords/frs_public2/fii_query_dtl.disp_program_facility?p_registry_id=110000774895
110009479466,ARCONIC,Rochester,NY,43.153172,-77.668197,1,EPA TRI industrial facility,20250801_165548_86_4001,0.9504132231404959,https://frs-public.epa.gov/ords/frs_public2/fii_query_dtl.disp_program_facility?p_registry_id=110009479466
110009465293,ARNOLD MAGNETIC TECHNOLOGIES CORPORATION,Rochester,NY,43.12112,-77.50504,1,EPA TRI industrial facility,20250801_165548_86_4001,1.0,https://frs-public.epa.gov/ords/frs_public2/fii_query_dtl.disp_program_facility?p_registry_id=110009465293
110000328155,PFAUDLER INC,Rochester,NY,43.147681,-77.668689,1,EPA TRI industrial facility,20250801_165548_86_4001,0.9586776859504132,https://frs-public.epa.gov/ords/frs_public2/fii_query_dtl.disp_program_facility?p_registry_id=110000328155
110000848673,AMETEK INC,Rochester,NY,43.1647,-77.59153,1,EPA TRI industrial facility,20250801_165548_86_4001,1.0,https://frs-public.epa.gov/ords/frs_public2/fii_query_dtl.disp_program_facility?p_registry_id=110000848673
110001134843,DAVENPORT MACHINE,Rochester,NY,43.15339,-77.643933,1,EPA TRI industrial facility,20250801_165548_86_4001,0.9586776859504132,https://frs-public.epa.gov/ords/frs_public2/fii_query_dtl.disp_program_facility?p_registry_id=110001134843
110039496774,"HARRIS CORPORATION, RF COMMUNICATIONS DIVISION",Rochester,NY,43.150751,-77.560389,1,EPA TRI industrial facility,20250801_165548_86_4001,1.0,https://frs-public.epa.gov/ords/frs_public2/fii_query_dtl.disp_program_facility?p_registry_id=110039496774
OSM_way_51067264,McQuaid Jesuit High School,Rochester,NY,43.1241331,-77.5909149,0,OSM school comparison,20250801_165548_86_4001,1.0,https://www.openstreetmap.org/way/51067264
OSM_way_629370856,Bishop Kearney Junior/Senior High School,Rochester,NY,43.2019588,-77.579181,0,OSM school comparison,20250801_165548_86_4001,1.0,https://www.openstreetmap.org/way/629370856
OSM_relation_13060023,Irondequoit High School,Rochester,NY,43.2165639,-77.5970129,0,OSM school comparison,20250801_165548_86_4001,1.0,https://www.openstreetmap.org/relation/13060023
OSM_way_26331324,Penfield High School,Rochester,NY,43.1369037,-77.4701761,0,OSM school comparison,20250801_165548_86_4001,1.0,https://www.openstreetmap.org/way/26331324
OSM_way_558932596,Wilson Magnet High School,Rochester,NY,43.1402743,-77.6372112,0,OSM school comparison,20250801_165548_86_4001,1.0,https://www.openstreetmap.org/way/558932596
OSM_way_1279918053,Charlotte High School,Rochester,NY,43.2464428,-77.6205357,0,OSM school comparison,20250801_165548_86_4001,1.0,https://www.openstreetmap.org/way/1279918053
OSM_way_1277810009,Edison Tech High School,Rochester,NY,43.1778412,-77.6724082,0,OSM school comparison,20250801_165548_86_4001,0.9669421487603306,https://www.openstreetmap.org/way/1277810009
OSM_way_341216787,School Number 42,Rochester,NY,43.2309634,-77.6248785,0,OSM school comparison,20250801_165548_86_4001,1.0,https://www.openstreetmap.org/way/341216787
110050297717,FORD MOTOR CO ROUGE COMPLEX,Detroit,MI,42.3025,-83.154167,1,EPA TRI industrial facility,20250914_171527_18_4001,1.0,https://frs-public.epa.gov/ords/frs_public2/fii_query_dtl.disp_program_facility?p_registry_id=110050297717
110060497001,CLEVELAND-CLIFFS STEEL CORP - DEARBORN WORKS,Detroit,MI,42.301742,-83.162934,1,EPA TRI industrial facility,20250914_171527_18_4001,1.0,https://frs-public.epa.gov/ords/frs_public2/fii_query_dtl.disp_program_facility?p_registry_id=110060497001
110000494019,BASF CORP  - WYANDOTTE FACILITY,Detroit,MI,42.21712,-83.15026,1,EPA TRI industrial facility,20250914_171527_18_4001,0.9917355371900827,https://frs-public.epa.gov/ords/frs_public2/fii_query_dtl.disp_program_facility?p_registry_id=110000494019
110000407202,DETROIT DIESEL CORPORATION,Detroit,MI,42.37642,-83.26104,1,EPA TRI industrial facility,20250914_171527_18_4001,1.0,https://frs-public.epa.gov/ords/frs_public2/fii_query_dtl.disp_program_facility?p_registry_id=110000407202
110000406622,COCA-COLA BOTTLING CO OF MICHIGAN,Detroit,MI,42.34446,-83.12557,1,EPA TRI industrial facility,20250914_171527_18_4001,0.9504132231404959,https://frs-public.epa.gov/ords/frs_public2/fii_query_dtl.disp_program_facility?p_registry_id=110000406622
110008058369,CARMEUSE LIME AND STONE RIVER ROUGE OPERATION,Detroit,MI,42.2774,-83.128,1,EPA TRI industrial facility,20250914_171527_18_4001,0.9917355371900827,https://frs-public.epa.gov/ords/frs_public2/fii_query_dtl.disp_program_facility?p_registry_id=110008058369
110001841552,CROWN ENAMELING PRODUCTS INC,Detroit,MI,42.38208,-83.21787,1,EPA TRI industrial facility,20250914_171527_18_4001,0.7520661157024794,https://frs-public.epa.gov/ords/frs_public2/fii_query_dtl.disp_program_facility?p_registry_id=110001841552
110000614470,ST MARYS CEMENT,Detroit,MI,42.293126,-83.129359,1,EPA TRI industrial facility,20250914_171527_18_4001,1.0,https://frs-public.epa.gov/ords/frs_public2/fii_query_dtl.disp_program_facility?p_registry_id=110000614470
OSM_way_677186809,Gabriel Richard Catholic High School,Detroit,MI,42.1819553,-83.2092916,0,OSM school comparison,20250914_171527_18_4001,1.0,https://www.openstreetmap.org/way/677186809
OSM_way_406666825,Lincoln Park High School,Detroit,MI,42.2454259,-83.1895916,0,OSM school comparison,20250914_171527_18_4001,0.9669421487603306,https://www.openstreetmap.org/way/406666825
OSM_relation_9589328,Experiencia Preparatory Academy,Detroit,MI,42.3465352,-83.068439,0,OSM school comparison,20250914_171527_18_4001,1.0,https://www.openstreetmap.org/relation/9589328
OSM_way_445410402,Mark Twain School for Scholars,Detroit,MI,42.2698204,-83.162311,0,OSM school comparison,20250914_171527_18_4001,1.0,https://www.openstreetmap.org/way/445410402
OSM_way_640991120,Saint Cunegundis School,Detroit,MI,42.3363689,-83.1467224,0,OSM school comparison,20250914_171527_18_4001,1.0,https://www.openstreetmap.org/way/640991120
OSM_node_354028164,Our Lady of Guadalupe Middle School,Detroit,MI,42.3273,-83.1348,0,OSM school comparison,20250914_171527_18_4001,1.0,https://www.openstreetmap.org/node/354028164
OSM_way_394427305,Bedford Elementary School,Detroit,MI,42.2760917,-83.225045,0,OSM school comparison,20250914_171527_18_4001,1.0,https://www.openstreetmap.org/way/394427305
OSM_way_457657092,Ecorse Community High School,Detroit,MI,42.2516255,-83.1487683,0,OSM school comparison,20250914_171527_18_4001,1.0,https://www.openstreetmap.org/way/457657092
