city,time,pm2_5,pm10,nitrogen_dioxide,sulphur_dioxide
Jacksonville,2025-05-16 00:00:00+00:00,7.9,9.1,9.0,1.3
Jacksonville,2025-05-16 01:00:00+00:00,6.8,7.7,8.1,1.2
Jacksonville,2025-05-16 02:00:00+00:00,5.6,6.2,6.9,1.2
Jacksonville,2025-05-16 03:00:00+00:00,4.9,5.5,5.8,1.1
Jacksonville,2025-05-16 04:00:00+00:00,4.8,5.4,5.1,1.0
Jacksonville,2025-05-16 05:00:00+00:00,4.7,5.6,4.5,1.0
Jacksonville,2025-05-16 06:00:00+00:00,4.8,5.8,4.0,0.9
Jacksonville,2025-05-16 07:00:00+00:00,4.9,6.1,3.6,0.9
Jacksonville,2025-05-16 08:00:00+00:00,5.0,6.3,3.4,0.9
Jacksonville,2025-05-16 09:00:00+00:00,5.1,6.4,3.2,0.9
Jacksonville,2025-05-16 10:00:00+00:00,5.2,6.5,3.2,1.0
Jacksonville,2025-05-16 11:00:00+00:00,5.2,6.6,3.4,1.0
Jacksonville,2025-05-16 12:00:00+00:00,1.8,1.8,3.4,0.9
Jacksonville,2025-05-16 13:00:00+00:00,2.7,3.0,3.2,1.3
Jacksonville,2025-05-16 14:00:00+00:00,3.5,3.7,2.9,1.9
Jacksonville,2025-05-16 15:00:00+00:00,4.3,4.5,2.6,2.4
Jacksonville,2025-05-16 16:00:00+00:00,4.8,5.0,2.3,2.7
Jacksonville,2025-05-16 17:00:00+00:00,4.7,4.9,2.1,2.8
Jacksonville,2025-05-16 18:00:00+00:00,4.6,5.0,2.0,2.8
Jacksonville,2025-05-16 19:00:00+00:00,5.5,6.2,2.1,2.6
Jacksonville,2025-05-16 20:00:00+00:00,6.4,7.2,2.3,2.4
Jacksonville,2025-05-16 21:00:00+00:00,7.1,8.1,3.1,2.1
Jacksonville,2025-05-16 22:00:00+00:00,7.7,8.8,5.1,1.9
Jacksonville,2025-05-16 23:00:00+00:00,8.3,9.2,7.6,1.8
Jacksonville,2025-05-17 00:00:00+00:00,7.8,8.6,8.0,1.5
Jacksonville,2025-05-17 01:00:00+00:00,7.4,8.1,8.0,1.4
Jacksonville,2025-05-17 02:00:00+00:00,6.7,7.3,8.1,1.3
Jacksonville,2025-05-17 03:00:00+00:00,6.2,6.8,7.8,1.2
Jacksonville,2025-05-17 04:00:00+00:00,5.6,6.3,7.1,1.1
Jacksonville,2025-05-17 05:00:00+00:00,5.1,5.7,6.1,1.0
Jacksonville,2025-05-17 06:00:00+00:00,4.5,5.0,5.2,0.9
Jacksonville,2025-05-17 07:00:00+00:00,3.9,4.4,4.4,0.8
Jacksonville,2025-05-17 08:00:00+00:00,3.5,4.0,3.8,0.8
Jacksonville,2025-05-17 09:00:00+00:00,3.5,4.1,3.4,0.8
Jacksonville,2025-05-17 10:00:00+00:00,3.6,4.3,3.6,0.8
Jacksonville,2025-05-17 11:00:00+00:00,3.8,4.7,4.2,0.9
Jacksonville,2025-05-17 12:00:00+00:00,2.9,3.2,4.1,1.0
Jacksonville,2025-05-17 13:00:00+00:00,3.6,4.2,3.6,1.3
Jacksonville,2025-05-17 14:00:00+00:00,3.9,4.6,3.0,1.7
Jacksonville,2025-05-17 15:00:00+00:00,4.1,4.6,2.5,2.1
Jacksonville,2025-05-17 16:00:00+00:00,4.1,4.3,2.3,2.4
Jacksonville,2025-05-17 17:00:00+00:00,3.8,4.0,2.2,2.6
Jacksonville,2025-05-17 18:00:00+00:00,4.2,4.6,2.3,2.6
Jacksonville,2025-05-17 19:00:00+00:00,5.2,6.0,2.3,2.4
Jacksonville,2025-05-17 20:00:00+00:00,6.0,7.4,2.4,2.1
Jacksonville,2025-05-17 21:00:00+00:00,6.8,8.6,3.0,1.8
Jacksonville,2025-05-17 22:00:00+00:00,7.3,9.2,4.6,1.7
Jacksonville,2025-05-17 23:00:00+00:00,7.7,9.4,6.7,1.6
Jacksonville,2025-05-18 00:00:00+00:00,11.0,12.5,10.8,1.7
Jacksonville,2025-05-18 01:00:00+00:00,11.0,12.7,10.4,1.6
Jacksonville,2025-05-18 02:00:00+00:00,9.8,11.2,9.9,1.4
Jacksonville,2025-05-18 03:00:00+00:00,8.0,9.2,9.0,1.3
Jacksonville,2025-05-18 04:00:00+00:00,5.9,7.0,7.6,1.2
Jacksonville,2025-05-18 05:00:00+00:00,4.7,5.8,5.8,1.0
Jacksonville,2025-05-18 06:00:00+00:00,4.0,5.2,4.5,0.9
Jacksonville,2025-05-18 07:00:00+00:00,3.7,4.8,3.9,0.9
Jacksonville,2025-05-18 08:00:00+00:00,3.7,4.8,3.6,0.9
Jacksonville,2025-05-18 09:00:00+00:00,3.6,4.6,3.5,0.9
Jacksonville,2025-05-18 10:00:00+00:00,3.5,4.4,3.5,0.9
Jacksonville,2025-05-18 11:00:00+00:00,3.6,4.4,3.7,0.9
Jacksonville,2025-05-18 12:00:00+00:00,0.8,0.9,4.0,1.2
Jacksonville,2025-05-18 13:00:00+00:00,2.1,2.3,4.3,1.7
Jacksonville,2025-05-18 14:00:00+00:00,3.1,3.5,4.6,2.5
Jacksonville,2025-05-18 15:00:00+00:00,3.7,4.1,4.7,3.2
Jacksonville,2025-05-18 16:00:00+00:00,4.2,4.6,4.1,3.9
Jacksonville,2025-05-18 17:00:00+00:00,5.3,5.6,3.3,4.6
Jacksonville,2025-05-18 18:00:00+00:00,6.3,6.6,2.7,5.0
Jacksonville,2025-05-18 19:00:00+00:00,7.2,7.7,2.6,5.0
Jacksonville,2025-05-18 20:00:00+00:00,7.9,8.7,2.7,4.6
Jacksonville,2025-05-18 21:00:00+00:00,8.4,9.7,3.5,4.4
Jacksonville,2025-05-18 22:00:00+00:00,7.8,8.9,5.4,4.4
Jacksonville,2025-05-18 23:00:00+00:00,8.5,9.7,8.0,4.4
Jacksonville,2025-05-19 00:00:00+00:00,12.4,14.0,10.1,3.2
Jacksonville,2025-05-19 01:00:00+00:00,13.7,15.4,11.9,3.1
Jacksonville,2025-05-19 02:00:00+00:00,13.3,15.0,14.4,3.0
Jacksonville,2025-05-19 03:00:00+00:00,13.7,15.5,15.8,2.9
Jacksonville,2025-05-19 04:00:00+00:00,14.5,16.3,15.1,2.7
Jacksonville,2025-05-19 05:00:00+00:00,12.4,14.1,13.3,2.4
Jacksonville,2025-05-19 06:00:00+00:00,10.5,12.0,11.5,2.2
Jacksonville,2025-05-19 07:00:00+00:00,8.7,10.1,9.8,1.9
Jacksonville,2025-05-19 08:00:00+00:00,7.6,9.1,8.1,1.7
Jacksonville,2025-05-19 09:00:00+00:00,6.9,8.6,6.7,1.5
Jacksonville,2025-05-19 10:00:00+00:00,6.4,8.2,6.0,1.3
Jacksonville,2025-05-19 11:00:00+00:00,6.4,8.2,5.8,1.1
Jacksonville,2025-05-19 12:00:00+00:00,7.4,9.2,4.9,1.3
Jacksonville,2025-05-19 13:00:00+00:00,8.7,10.4,4.3,2.0
Jacksonville,2025-05-19 14:00:00+00:00,9.9,11.7,3.5,3.0
Jacksonville,2025-05-19 15:00:00+00:00,10.1,11.7,2.8,3.9
Jacksonville,2025-05-19 16:00:00+00:00,10.2,11.3,2.5,4.7
Jacksonville,2025-05-19 17:00:00+00:00,11.4,12.7,2.3,5.5
Jacksonville,2025-05-19 18:00:00+00:00,11.9,13.6,2.3,5.8
Jacksonville,2025-05-19 19:00:00+00:00,11.6,13.7,2.0,5.4
Jacksonville,2025-05-19 20:00:00+00:00,10.8,13.2,1.8,4.6
Jacksonville,2025-05-19 21:00:00+00:00,10.4,13.2,2.7,3.9
Jacksonville,2025-05-19 22:00:00+00:00,11.1,14.0,5.3,3.6
Jacksonville,2025-05-19 23:00:00+00:00,12.0,14.7,8.9,3.6
Jacksonville,2025-05-20 00:00:00+00:00,19.1,22.8,16.3,2.2
Jacksonville,2025-05-20 01:00:00+00:00,18.9,23.0,17.3,2.4
Jacksonville,2025-05-20 02:00:00+00:00,18.5,22.7,18.6,2.7
Jacksonville,2025-05-20 03:00:00+00:00,18.2,22.4,19.3,2.8
Jacksonville,2025-05-20 04:00:00+00:00,17.7,21.6,19.0,2.7
Jacksonville,2025-05-20 05:00:00+00:00,16.5,20.1,18.0,2.6
Jacksonville,2025-05-20 06:00:00+00:00,15.2,18.2,16.7,2.4
Jacksonville,2025-05-20 07:00:00+00:00,14.1,16.4,14.9,2.2
Jacksonville,2025-05-20 08:00:00+00:00,10.9,12.3,12.6,2.1
Jacksonville,2025-05-20 09:00:00+00:00,9.0,9.9,10.6,1.9
Jacksonville,2025-05-20 10:00:00+00:00,7.2,7.7,9.0,1.7
Jacksonville,2025-05-20 11:00:00+00:00,5.9,6.3,7.6,1.5
Jacksonville,2025-05-20 12:00:00+00:00,4.4,4.8,5.2,1.3
Jacksonville,2025-05-20 13:00:00+00:00,5.0,5.7,4.5,1.8
Jacksonville,2025-05-20 14:00:00+00:00,5.3,6.2,3.6,2.5
Jacksonville,2025-05-20 15:00:00+00:00,5.1,6.0,2.9,2.9
Jacksonville,2025-05-20 16:00:00+00:00,5.5,6.1,2.7,2.9
Jacksonville,2025-05-20 17:00:00+00:00,7.5,8.2,2.8,2.6
Jacksonville,2025-05-20 18:00:00+00:00,9.7,10.7,2.8,2.3
Jacksonville,2025-05-20 19:00:00+00:00,11.5,13.1,2.5,2.0
Jacksonville,2025-05-20 20:00:00+00:00,10.7,12.5,2.2,1.7
Jacksonville,2025-05-20 21:00:00+00:00,9.6,11.6,2.7,1.4
Jacksonville,2025-05-20 22:00:00+00:00,8.7,10.8,5.0,1.2
Jacksonville,2025-05-20 23:00:00+00:00,9.1,11.0,8.2,1.2
Jacksonville,2025-05-21 00:00:00+00:00,14.3,17.1,10.4,1.3
Jacksonville,2025-05-21 01:00:00+00:00,12.6,15.4,10.4,1.2
Jacksonville,2025-05-21 02:00:00+00:00,11.1,13.5,10.2,1.2
Jacksonville,2025-05-21 03:00:00+00:00,9.3,11.1,9.7,1.1
Jacksonville,2025-05-21 04:00:00+00:00,7.3,8.8,8.4,1.1
Jacksonville,2025-05-21 05:00:00+00:00,5.5,7.0,6.6,1.1
Jacksonville,2025-05-21 06:00:00+00:00,4.6,6.4,5.1,1.1
Jacksonville,2025-05-21 07:00:00+00:00,4.3,6.1,4.1,1.0
Jacksonville,2025-05-21 08:00:00+00:00,4.2,5.9,3.5,0.9
Jacksonville,2025-05-21 09:00:00+00:00,4.1,5.6,3.0,0.9
Jacksonville,2025-05-21 10:00:00+00:00,3.9,5.3,2.8,1.0
Jacksonville,2025-05-21 11:00:00+00:00,3.8,5.1,2.8,1.1
Jacksonville,2025-05-21 12:00:00+00:00,2.9,3.8,2.7,1.5
Jacksonville,2025-05-21 13:00:00+00:00,3.3,4.2,2.5,1.7
Jacksonville,2025-05-21 14:00:00+00:00,4.1,5.3,2.2,1.9
Jacksonville,2025-05-21 15:00:00+00:00,5.0,6.5,1.9,2.0
Jacksonville,2025-05-21 16:00:00+00:00,5.3,6.7,1.7,1.9
Jacksonville,2025-05-21 17:00:00+00:00,5.6,6.7,1.6,1.8
Jacksonville,2025-05-21 18:00:00+00:00,5.7,6.4,1.6,1.6
Jacksonville,2025-05-21 19:00:00+00:00,6.1,6.7,1.8,1.4
Jacksonville,2025-05-21 20:00:00+00:00,5.9,6.4,2.2,1.2
Jacksonville,2025-05-21 21:00:00+00:00,5.6,6.0,2.8,1.1
Jacksonville,2025-05-21 22:00:00+00:00,5.5,5.9,3.8,1.2
Jacksonville,2025-05-21 23:00:00+00:00,5.6,6.0,4.9,1.4
Jacksonville,2025-05-22 00:00:00+00:00,11.5,13.4,5.6,1.3
Jacksonville,2025-05-22 01:00:00+00:00,9.5,10.4,5.5,1.2
Jacksonville,2025-05-22 02:00:00+00:00,8.2,8.9,5.3,1.2
Jacksonville,2025-05-22 03:00:00+00:00,7.5,8.2,5.1,1.1
Jacksonville,2025-05-22 04:00:00+00:00,7.4,8.0,4.8,1.0
Jacksonville,2025-05-22 05:00:00+00:00,7.7,8.3,4.5,1.0
Jacksonville,2025-05-22 06:00:00+00:00,8.2,8.6,4.1,1.0
Jacksonville,2025-05-22 07:00:00+00:00,7.3,7.5,3.6,1.0
Jacksonville,2025-05-22 08:00:00+00:00,5.1,5.2,3.1,1.1
Jacksonville,2025-05-22 09:00:00+00:00,3.3,3.3,2.9,1.2
Jacksonville,2025-05-22 10:00:00+00:00,2.2,2.2,3.3,1.4
Jacksonville,2025-05-22 11:00:00+00:00,1.8,1.8,4.0,1.6
Jacksonville,2025-05-22 12:00:00+00:00,2.0,2.1,4.3,1.5
Jacksonville,2025-05-22 13:00:00+00:00,2.3,2.3,3.8,2.1
Jacksonville,2025-05-22 14:00:00+00:00,2.8,2.8,3.0,3.0
Jacksonville,2025-05-22 15:00:00+00:00,3.2,3.2,2.4,3.8
Jacksonville,2025-05-22 16:00:00+00:00,3.3,3.4,2.1,4.3
Jacksonville,2025-05-22 17:00:00+00:00,3.4,3.7,1.9,4.6
Jacksonville,2025-05-22 18:00:00+00:00,3.7,4.2,1.9,4.9
Jacksonville,2025-05-22 19:00:00+00:00,4.3,4.8,1.9,5.3
Jacksonville,2025-05-22 20:00:00+00:00,4.8,5.4,2.0,5.6
Jacksonville,2025-05-22 21:00:00+00:00,5.0,5.7,3.1,5.6
Jacksonville,2025-05-22 22:00:00+00:00,5.2,6.1,6.1,5.1
Jacksonville,2025-05-22 23:00:00+00:00,6.7,8.0,9.9,4.4
Rochester,2025-08-01 00:00:00+00:00,7.6,7.6,3.8,0.5
Rochester,2025-08-01 01:00:00+00:00,7.6,7.6,4.8,0.5
Rochester,2025-08-01 02:00:00+00:00,8.1,8.1,6.1,0.6
Rochester,2025-08-01 03:00:00+00:00,8.5,8.6,6.8,0.6
Rochester,2025-08-01 04:00:00+00:00,8.5,8.6,6.5,0.5
Rochester,2025-08-01 05:00:00+00:00,7.9,8.0,5.6,0.5
Rochester,2025-08-01 06:00:00+00:00,7.2,7.2,4.8,0.4
Rochester,2025-08-01 07:00:00+00:00,6.4,6.4,4.2,0.4
Rochester,2025-08-01 08:00:00+00:00,5.8,5.9,3.7,0.4
Rochester,2025-08-01 09:00:00+00:00,5.5,5.6,3.3,0.4
Rochester,2025-08-01 10:00:00+00:00,5.3,5.4,3.2,0.4
Rochester,2025-08-01 11:00:00+00:00,5.4,5.5,3.3,0.4
Rochester,2025-08-01 12:00:00+00:00,0.7,0.7,2.7,0.6
Rochester,2025-08-01 13:00:00+00:00,0.7,0.7,2.2,0.6
Rochester,2025-08-01 14:00:00+00:00,0.8,0.8,1.5,0.5
Rochester,2025-08-01 15:00:00+00:00,0.9,0.9,1.0,0.5
Rochester,2025-08-01 16:00:00+00:00,1.1,1.1,0.8,0.5
Rochester,2025-08-01 17:00:00+00:00,1.3,1.3,0.7,0.4
Rochester,2025-08-01 18:00:00+00:00,1.5,1.5,0.7,0.4
Rochester,2025-08-01 19:00:00+00:00,1.6,1.6,0.5,0.4
Rochester,2025-08-01 20:00:00+00:00,1.7,1.7,0.5,0.3
Rochester,2025-08-01 21:00:00+00:00,1.8,1.8,1.0,0.3
Rochester,2025-08-01 22:00:00+00:00,1.8,1.8,2.3,0.3
Rochester,2025-08-01 23:00:00+00:00,1.9,1.9,4.2,0.4
Rochester,2025-08-02 00:00:00+00:00,2.9,2.9,6.7,0.3
Rochester,2025-08-02 01:00:00+00:00,3.9,3.9,10.3,0.4
Rochester,2025-08-02 02:00:00+00:00,4.6,4.6,15.2,0.5
Rochester,2025-08-02 03:00:00+00:00,5.7,5.8,18.1,0.6
Rochester,2025-08-02 04:00:00+00:00,5.7,5.7,17.3,0.6
Rochester,2025-08-02 05:00:00+00:00,4.7,4.7,14.6,0.5
Rochester,2025-08-02 06:00:00+00:00,4.0,4.0,12.0,0.5
Rochester,2025-08-02 07:00:00+00:00,3.6,3.6,10.1,0.5
Rochester,2025-08-02 08:00:00+00:00,3.7,3.8,8.3,0.5
Rochester,2025-08-02 09:00:00+00:00,4.0,4.1,6.8,0.5
Rochester,2025-08-02 10:00:00+00:00,4.2,4.3,5.8,0.5
Rochester,2025-08-02 11:00:00+00:00,4.4,4.4,5.0,0.5
Rochester,2025-08-02 12:00:00+00:00,2.2,2.2,5.5,0.6
Rochester,2025-08-02 13:00:00+00:00,2.4,2.4,4.4,0.6
Rochester,2025-08-02 14:00:00+00:00,1.6,1.6,2.9,0.6
Rochester,2025-08-02 15:00:00+00:00,1.2,1.2,1.8,0.6
Rochester,2025-08-02 16:00:00+00:00,1.0,1.0,1.3,0.6
Rochester,2025-08-02 17:00:00+00:00,1.2,1.2,1.1,0.6
Rochester,2025-08-02 18:00:00+00:00,2.2,2.2,1.1,0.8
Rochester,2025-08-02 19:00:00+00:00,3.7,3.8,0.9,1.4
Rochester,2025-08-02 20:00:00+00:00,5.7,5.8,0.9,2.1
Rochester,2025-08-02 21:00:00+00:00,7.5,7.6,2.1,2.6
Rochester,2025-08-02 22:00:00+00:00,8.4,8.5,5.6,2.7
Rochester,2025-08-02 23:00:00+00:00,9.0,9.0,10.2,2.7
Rochester,2025-08-03 00:00:00+00:00,19.3,19.6,11.2,1.6
Rochester,2025-08-03 01:00:00+00:00,20.4,20.5,12.4,1.6
Rochester,2025-08-03 02:00:00+00:00,19.8,20.0,14.0,1.6
Rochester,2025-08-03 03:00:00+00:00,18.7,18.8,14.7,1.6
Rochester,2025-08-03 04:00:00+00:00,17.5,17.6,13.7,1.5
Rochester,2025-08-03 05:00:00+00:00,16.1,16.2,11.8,1.3
Rochester,2025-08-03 06:00:00+00:00,14.6,14.6,10.1,1.2
Rochester,2025-08-03 07:00:00+00:00,13.8,13.9,9.0,1.4
Rochester,2025-08-03 08:00:00+00:00,14.2,14.3,8.1,1.7
Rochester,2025-08-03 09:00:00+00:00,15.4,15.4,7.6,2.0
Rochester,2025-08-03 10:00:00+00:00,17.8,17.9,7.7,2.3
Rochester,2025-08-03 11:00:00+00:00,20.9,21.1,8.1,2.6
Rochester,2025-08-03 12:00:00+00:00,11.2,11.3,5.8,1.1
Rochester,2025-08-03 13:00:00+00:00,12.7,12.8,5.7,1.7
Rochester,2025-08-03 14:00:00+00:00,16.8,16.9,5.5,2.4
Rochester,2025-08-03 15:00:00+00:00,23.7,24.1,5.1,3.0
Rochester,2025-08-03 16:00:00+00:00,31.0,31.3,4.1,3.2
Rochester,2025-08-03 17:00:00+00:00,35.0,35.5,3.0,3.2
Rochester,2025-08-03 18:00:00+00:00,39.7,40.3,2.2,3.1
Rochester,2025-08-03 19:00:00+00:00,45.4,46.1,2.0,3.0
Rochester,2025-08-03 20:00:00+00:00,51.8,52.6,2.2,2.9
Rochester,2025-08-03 21:00:00+00:00,57.2,58.0,3.3,2.9
Rochester,2025-08-03 22:00:00+00:00,61.0,61.7,6.0,3.1
Rochester,2025-08-03 23:00:00+00:00,63.6,64.3,9.6,3.3
Rochester,2025-08-04 00:00:00+00:00,64.0,64.5,12.7,3.4
Rochester,2025-08-04 01:00:00+00:00,62.2,62.6,15.1,3.1
Rochester,2025-08-04 02:00:00+00:00,57.3,57.7,17.1,2.7
Rochester,2025-08-04 03:00:00+00:00,50.4,50.8,17.9,2.3
Rochester,2025-08-04 04:00:00+00:00,42.0,42.4,16.9,2.0
Rochester,2025-08-04 05:00:00+00:00,34.7,34.9,14.6,1.7
Rochester,2025-08-04 06:00:00+00:00,29.3,29.6,12.4,1.5
Rochester,2025-08-04 07:00:00+00:00,27.3,27.5,10.5,1.6
Rochester,2025-08-04 08:00:00+00:00,27.7,27.9,8.6,1.8
Rochester,2025-08-04 09:00:00+00:00,28.5,28.7,7.1,1.9
Rochester,2025-08-04 10:00:00+00:00,28.1,28.3,6.4,1.9
Rochester,2025-08-04 11:00:00+00:00,27.3,27.5,6.3,1.8
Rochester,2025-08-04 12:00:00+00:00,48.9,49.2,7.1,2.1
Rochester,2025-08-04 13:00:00+00:00,44.1,44.4,6.0,2.2
Rochester,2025-08-04 14:00:00+00:00,43.0,43.2,4.4,2.3
Rochester,2025-08-04 15:00:00+00:00,37.4,37.6,3.1,2.3
Rochester,2025-08-04 16:00:00+00:00,34.0,34.2,2.4,2.2
Rochester,2025-08-04 17:00:00+00:00,31.7,31.8,2.0,2.0
Rochester,2025-08-04 18:00:00+00:00,29.5,29.6,1.8,1.9
Rochester,2025-08-04 19:00:00+00:00,27.4,27.5,1.5,1.8
Rochester,2025-08-04 20:00:00+00:00,25.8,26.0,1.4,1.8
Rochester,2025-08-04 21:00:00+00:00,24.7,24.9,2.2,1.9
Rochester,2025-08-04 22:00:00+00:00,24.2,24.4,4.5,2.2
Rochester,2025-08-04 23:00:00+00:00,24.6,24.7,7.7,2.5
Rochester,2025-08-05 00:00:00+00:00,14.7,14.8,10.1,1.6
Rochester,2025-08-05 01:00:00+00:00,14.6,14.7,11.8,1.5
Rochester,2025-08-05 02:00:00+00:00,14.4,14.5,14.1,1.4
Rochester,2025-08-05 03:00:00+00:00,14.3,14.4,15.7,1.3
Rochester,2025-08-05 04:00:00+00:00,14.6,14.6,16.0,1.2
Rochester,2025-08-05 05:00:00+00:00,14.7,14.8,15.6,1.2
Rochester,2025-08-05 06:00:00+00:00,15.4,15.5,14.8,1.1
Rochester,2025-08-05 07:00:00+00:00,18.3,18.4,13.7,1.0
Rochester,2025-08-05 08:00:00+00:00,22.4,22.5,12.3,1.0
Rochester,2025-08-05 09:00:00+00:00,25.2,25.4,10.9,0.9
Rochester,2025-08-05 10:00:00+00:00,26.0,26.2,9.7,0.9
Rochester,2025-08-05 11:00:00+00:00,26.3,26.4,8.6,0.9
Rochester,2025-08-05 12:00:00+00:00,5.9,5.9,7.8,0.8
Rochester,2025-08-05 13:00:00+00:00,7.5,7.5,6.3,0.9
Rochester,2025-08-05 14:00:00+00:00,9.3,9.3,4.2,1.1
Rochester,2025-08-05 15:00:00+00:00,11.9,12.0,2.6,1.2
Rochester,2025-08-05 16:00:00+00:00,13.7,13.9,1.9,1.3
Rochester,2025-08-05 17:00:00+00:00,15.3,15.4,1.7,1.3
Rochester,2025-08-05 18:00:00+00:00,16.8,16.9,1.6,1.3
Rochester,2025-08-05 19:00:00+00:00,19.0,19.2,1.5,1.2
Rochester,2025-08-05 20:00:00+00:00,20.6,20.8,1.7,1.1
Rochester,2025-08-05 21:00:00+00:00,21.2,21.5,2.3,1.0
Rochester,2025-08-05 22:00:00+00:00,21.5,21.8,3.9,0.9
Rochester,2025-08-05 23:00:00+00:00,21.8,22.1,5.9,0.9
Rochester,2025-08-06 00:00:00+00:00,28.0,28.3,6.4,0.7
Rochester,2025-08-06 01:00:00+00:00,26.8,27.1,6.2,0.7
Rochester,2025-08-06 02:00:00+00:00,25.3,25.4,5.8,0.7
Rochester,2025-08-06 03:00:00+00:00,23.5,23.7,5.7,0.7
Rochester,2025-08-06 04:00:00+00:00,22.2,22.4,5.8,0.7
Rochester,2025-08-06 05:00:00+00:00,21.2,21.4,6.2,0.7
Rochester,2025-08-06 06:00:00+00:00,20.9,21.1,6.5,0.7
Rochester,2025-08-06 07:00:00+00:00,21.5,21.7,6.8,0.7
Rochester,2025-08-06 08:00:00+00:00,22.4,22.6,7.2,0.8
Rochester,2025-08-06 09:00:00+00:00,23.4,23.6,7.5,1.0
Rochester,2025-08-06 10:00:00+00:00,24.8,25.1,7.8,1.4
Rochester,2025-08-06 11:00:00+00:00,26.1,26.4,8.1,1.9
Rochester,2025-08-06 12:00:00+00:00,10.7,10.7,7.8,1.7
Rochester,2025-08-06 13:00:00+00:00,12.7,12.7,6.6,2.3
Rochester,2025-08-06 14:00:00+00:00,16.3,16.5,4.9,3.1
Rochester,2025-08-06 15:00:00+00:00,20.5,20.7,3.5,3.6
Rochester,2025-08-06 16:00:00+00:00,24.2,24.6,2.8,3.5
Rochester,2025-08-06 17:00:00+00:00,26.8,27.4,2.4,3.0
Rochester,2025-08-06 18:00:00+00:00,28.6,29.3,2.2,2.6
Rochester,2025-08-06 19:00:00+00:00,29.5,30.2,2.0,2.4
Rochester,2025-08-06 20:00:00+00:00,30.3,31.0,2.0,2.3
Rochester,2025-08-06 21:00:00+00:00,30.4,31.2,2.7,2.2
Rochester,2025-08-06 22:00:00+00:00,31.3,32.1,4.7,2.2
Rochester,2025-08-06 23:00:00+00:00,32.2,32.8,7.4,2.4
Rochester,2025-08-07 00:00:00+00:00,36.8,37.7,9.6,2.5
Rochester,2025-08-07 01:00:00+00:00,40.9,41.9,10.8,2.7
Rochester,2025-08-07 02:00:00+00:00,47.1,48.5,11.6,2.8
Rochester,2025-08-07 03:00:00+00:00,48.2,49.5,11.8,3.0
Rochester,2025-08-07 04:00:00+00:00,47.7,48.9,11.4,3.0
Rochester,2025-08-07 05:00:00+00:00,45.6,46.6,10.6,3.1
Rochester,2025-08-07 06:00:00+00:00,40.9,41.6,9.5,3.2
Rochester,2025-08-07 07:00:00+00:00,34.6,35.0,8.0,3.7
Rochester,2025-08-07 08:00:00+00:00,28.6,29.0,6.3,4.3
Rochester,2025-08-07 09:00:00+00:00,23.3,23.6,5.0,4.6
Rochester,2025-08-07 10:00:00+00:00,19.9,20.3,4.6,4.5
Rochester,2025-08-07 11:00:00+00:00,17.9,18.3,4.7,4.2
Rochester,2025-08-07 12:00:00+00:00,16.1,16.5,4.1,2.8
Rochester,2025-08-07 13:00:00+00:00,19.6,20.4,3.7,2.5
Rochester,2025-08-07 14:00:00+00:00,23.6,24.5,3.1,2.0
Rochester,2025-08-07 15:00:00+00:00,27.5,28.5,2.6,1.6
Rochester,2025-08-07 16:00:00+00:00,31.8,32.8,2.2,1.3
Rochester,2025-08-07 17:00:00+00:00,35.3,36.6,1.8,1.1
Rochester,2025-08-07 18:00:00+00:00,37.4,38.6,1.6,0.9
Rochester,2025-08-07 19:00:00+00:00,38.5,39.8,1.3,0.8
Rochester,2025-08-07 20:00:00+00:00,39.8,41.1,1.2,0.9
Rochester,2025-08-07 21:00:00+00:00,39.3,40.5,2.1,0.9
Rochester,2025-08-07 22:00:00+00:00,38.1,39.2,4.8,0.9
Rochester,2025-08-07 23:00:00+00:00,37.4,38.4,8.5,1.0
Detroit,2025-09-14 00:00:00+00:00,17.0,17.0,38.4,9.8
Detroit,2025-09-14 01:00:00+00:00,18.0,18.0,40.6,9.0
Detroit,2025-09-14 02:00:00+00:00,17.9,17.9,43.7,7.9
Detroit,2025-09-14 03:00:00+00:00,18.2,18.2,47.0,7.1
Detroit,2025-09-14 04:00:00+00:00,19.8,19.9,50.6,6.9
Detroit,2025-09-14 05:00:00+00:00,22.5,22.6,54.4,6.9
Detroit,2025-09-14 06:00:00+00:00,25.6,25.7,56.5,6.9
Detroit,2025-09-14 07:00:00+00:00,28.3,28.4,56.2,6.7
Detroit,2025-09-14 08:00:00+00:00,33.3,33.4,54.2,6.5
Detroit,2025-09-14 09:00:00+00:00,37.0,37.1,51.8,6.3
Detroit,2025-09-14 10:00:00+00:00,36.9,37.0,49.4,6.1
Detroit,2025-09-14 11:00:00+00:00,36.1,36.2,46.5,6.0
Detroit,2025-09-14 12:00:00+00:00,28.0,28.2,45.3,8.0
Detroit,2025-09-14 13:00:00+00:00,26.5,26.7,38.9,8.6
Detroit,2025-09-14 14:00:00+00:00,19.2,19.4,30.0,9.3
Detroit,2025-09-14 15:00:00+00:00,15.0,15.4,21.9,9.4
Detroit,2025-09-14 16:00:00+00:00,12.1,12.5,15.7,8.2
Detroit,2025-09-14 17:00:00+00:00,10.4,10.9,10.4,6.3
Detroit,2025-09-14 18:00:00+00:00,8.8,9.4,6.7,4.8
Detroit,2025-09-14 19:00:00+00:00,8.2,8.9,4.5,4.1
Detroit,2025-09-14 20:00:00+00:00,8.0,8.6,3.9,3.8
Detroit,2025-09-14 21:00:00+00:00,7.6,8.2,5.3,3.6
Detroit,2025-09-14 22:00:00+00:00,7.2,7.8,9.5,3.6
Detroit,2025-09-14 23:00:00+00:00,7.1,7.5,15.7,3.7
Detroit,2025-09-15 00:00:00+00:00,11.6,12.0,23.6,4.2
Detroit,2025-09-15 01:00:00+00:00,13.5,13.8,25.3,4.4
Detroit,2025-09-15 02:00:00+00:00,13.4,13.6,27.5,4.6
Detroit,2025-09-15 03:00:00+00:00,12.5,12.7,28.0,4.7
Detroit,2025-09-15 04:00:00+00:00,11.4,11.6,25.1,4.5
Detroit,2025-09-15 05:00:00+00:00,10.2,10.4,20.5,4.3
Detroit,2025-09-15 06:00:00+00:00,8.9,9.1,16.9,4.0
Detroit,2025-09-15 07:00:00+00:00,7.9,8.1,15.1,3.8
Detroit,2025-09-15 08:00:00+00:00,7.4,7.5,14.4,3.6
Detroit,2025-09-15 09:00:00+00:00,7.2,7.4,15.1,3.6
Detroit,2025-09-15 10:00:00+00:00,7.6,7.7,18.8,3.7
Detroit,2025-09-15 11:00:00+00:00,8.4,8.6,24.1,3.9
Detroit,2025-09-15 12:00:00+00:00,7.4,7.5,19.9,4.1
Detroit,2025-09-15 13:00:00+00:00,10.2,10.4,18.4,4.3
Detroit,2025-09-15 14:00:00+00:00,10.9,11.3,16.3,4.6
Detroit,2025-09-15 15:00:00+00:00,10.8,11.4,13.7,4.6
Detroit,2025-09-15 16:00:00+00:00,10.2,10.9,10.3,4.0
Detroit,2025-09-15 17:00:00+00:00,9.7,10.4,6.6,3.0
Detroit,2025-09-15 18:00:00+00:00,9.7,10.4,4.0,2.3
Detroit,2025-09-15 19:00:00+00:00,9.8,10.5,2.8,2.0
Detroit,2025-09-15 20:00:00+00:00,9.7,10.4,2.8,2.0
Detroit,2025-09-15 21:00:00+00:00,9.8,10.6,4.8,2.1
Detroit,2025-09-15 22:00:00+00:00,9.8,10.6,10.4,2.2
Detroit,2025-09-15 23:00:00+00:00,9.8,10.5,18.0,2.5
Detroit,2025-09-16 00:00:00+00:00,9.9,10.2,24.1,2.7
Detroit,2025-09-16 01:00:00+00:00,10.5,10.8,25.4,3.1
Detroit,2025-09-16 02:00:00+00:00,10.9,11.1,27.2,3.6
Detroit,2025-09-16 03:00:00+00:00,11.3,11.5,27.9,4.0
Detroit,2025-09-16 04:00:00+00:00,12.0,12.2,26.6,4.1
Detroit,2025-09-16 05:00:00+00:00,12.4,12.6,24.1,4.0
Detroit,2025-09-16 06:00:00+00:00,12.1,12.3,21.9,4.0
Detroit,2025-09-16 07:00:00+00:00,11.6,11.8,20.0,4.0
Detroit,2025-09-16 08:00:00+00:00,11.2,11.5,18.3,4.1
Detroit,2025-09-16 09:00:00+00:00,10.7,11.0,17.7,4.2
Detroit,2025-09-16 10:00:00+00:00,10.2,10.4,19.3,4.4
Detroit,2025-09-16 11:00:00+00:00,9.8,10.0,22.1,4.7
Detroit,2025-09-16 12:00:00+00:00,5.5,5.5,18.7,5.0
Detroit,2025-09-16 13:00:00+00:00,5.7,5.7,18.2,5.4
Detroit,2025-09-16 14:00:00+00:00,4.0,4.0,17.4,5.9
Detroit,2025-09-16 15:00:00+00:00,3.3,3.3,16.1,6.1
Detroit,2025-09-16 16:00:00+00:00,3.2,3.2,14.0,5.8
Detroit,2025-09-16 17:00:00+00:00,3.2,3.2,11.4,5.3
Detroit,2025-09-16 18:00:00+00:00,3.4,3.4,9.3,4.8
Detroit,2025-09-16 19:00:00+00:00,3.5,3.5,7.4,4.4
Detroit,2025-09-16 20:00:00+00:00,3.6,3.7,6.0,4.1
Detroit,2025-09-16 21:00:00+00:00,3.9,4.0,7.0,3.9
Detroit,2025-09-16 22:00:00+00:00,4.4,4.4,12.2,4.0
Detroit,2025-09-16 23:00:00+00:00,4.9,5.0,19.7,4.3
Detroit,2025-09-17 00:00:00+00:00,8.4,8.4,22.5,3.9
Detroit,2025-09-17 01:00:00+00:00,9.6,9.7,24.3,4.0
Detroit,2025-09-17 02:00:00+00:00,9.9,10.0,26.9,4.1
Detroit,2025-09-17 03:00:00+00:00,10.0,10.2,28.7,4.1
Detroit,2025-09-17 04:00:00+00:00,10.3,10.5,29.3,4.0
Detroit,2025-09-17 05:00:00+00:00,10.7,10.9,29.2,3.9
Detroit,2025-09-17 06:00:00+00:00,11.0,11.1,28.8,3.9
Detroit,2025-09-17 07:00:00+00:00,11.2,11.4,27.8,4.0
Detroit,2025-09-17 08:00:00+00:00,11.5,11.7,26.5,4.1
Detroit,2025-09-17 09:00:00+00:00,11.9,12.1,26.2,4.3
Detroit,2025-09-17 10:00:00+00:00,12.3,12.5,28.4,4.3
Detroit,2025-09-17 11:00:00+00:00,12.8,13.0,31.5,4.4
Detroit,2025-09-17 12:00:00+00:00,15.7,16.2,20.5,4.5
Detroit,2025-09-17 13:00:00+00:00,17.0,17.3,20.5,5.3
Detroit,2025-09-17 14:00:00+00:00,17.1,17.5,20.4,6.5
Detroit,2025-09-17 15:00:00+00:00,16.9,17.3,19.3,7.3
Detroit,2025-09-17 16:00:00+00:00,17.1,17.6,16.3,7.6
Detroit,2025-09-17 17:00:00+00:00,17.3,17.8,12.4,7.6
Detroit,2025-09-17 18:00:00+00:00,16.9,17.4,9.5,7.5
Detroit,2025-09-17 19:00:00+00:00,17.1,17.6,7.5,7.5
Detroit,2025-09-17 20:00:00+00:00,17.6,18.2,6.6,7.4
Detroit,2025-09-17 21:00:00+00:00,17.9,18.5,9.3,7.4
Detroit,2025-09-17 22:00:00+00:00,18.2,18.7,17.6,7.5
Detroit,2025-09-17 23:00:00+00:00,18.6,19.1,29.6,7.6
Detroit,2025-09-18 00:00:00+00:00,23.9,24.2,58.9,6.1
Detroit,2025-09-18 01:00:00+00:00,30.5,30.7,68.7,6.4
Detroit,2025-09-18 02:00:00+00:00,32.0,32.2,82.1,6.8
Detroit,2025-09-18 03:00:00+00:00,32.1,32.5,90.7,7.2
Detroit,2025-09-18 04:00:00+00:00,32.2,32.5,90.1,7.5
Detroit,2025-09-18 05:00:00+00:00,32.6,32.9,84.8,7.7
Detroit,2025-09-18 06:00:00+00:00,34.1,34.5,80.0,7.8
Detroit,2025-09-18 07:00:00+00:00,36.2,36.7,77.8,7.7
Detroit,2025-09-18 08:00:00+00:00,38.2,38.5,76.1,7.5
Detroit,2025-09-18 09:00:00+00:00,38.5,38.8,73.5,7.5
Detroit,2025-09-18 10:00:00+00:00,35.3,35.5,69.5,7.7
Detroit,2025-09-18 11:00:00+00:00,32.6,32.8,64.5,8.1
Detroit,2025-09-18 12:00:00+00:00,15.4,15.4,31.3,5.3
Detroit,2025-09-18 13:00:00+00:00,16.0,16.0,30.1,6.0
Detroit,2025-09-18 14:00:00+00:00,15.0,15.0,28.2,7.0
Detroit,2025-09-18 15:00:00+00:00,11.3,11.5,25.4,7.6
Detroit,2025-09-18 16:00:00+00:00,10.6,10.9,20.8,7.6
Detroit,2025-09-18 17:00:00+00:00,10.7,11.1,15.2,7.2
Detroit,2025-09-18 18:00:00+00:00,11.0,11.4,10.8,6.7
Detroit,2025-09-18 19:00:00+00:00,10.9,11.4,8.2,6.1
Detroit,2025-09-18 20:00:00+00:00,10.4,10.8,6.8,5.4
Detroit,2025-09-18 21:00:00+00:00,9.6,10.0,7.5,4.8
Detroit,2025-09-18 22:00:00+00:00,8.8,9.1,12.0,4.5
Detroit,2025-09-18 23:00:00+00:00,8.6,8.9,18.6,4.3
Detroit,2025-09-19 00:00:00+00:00,9.9,10.1,15.1,3.7
Detroit,2025-09-19 01:00:00+00:00,11.5,11.6,19.2,3.9
Detroit,2025-09-19 02:00:00+00:00,11.4,11.5,24.6,4.2
Detroit,2025-09-19 03:00:00+00:00,11.6,11.7,27.4,4.3
Detroit,2025-09-19 04:00:00+00:00,12.0,12.1,25.1,4.0
Detroit,2025-09-19 05:00:00+00:00,12.4,12.5,20.1,3.5
Detroit,2025-09-19 06:00:00+00:00,12.3,12.5,16.1,3.2
Detroit,2025-09-19 07:00:00+00:00,12.0,12.3,14.4,3.1
Detroit,2025-09-19 08:00:00+00:00,11.4,11.7,13.7,3.1
Detroit,2025-09-19 09:00:00+00:00,10.7,11.0,13.6,3.2
Detroit,2025-09-19 10:00:00+00:00,9.8,10.0,14.4,3.3
Detroit,2025-09-19 11:00:00+00:00,8.8,9.0,15.8,3.5
Detroit,2025-09-19 12:00:00+00:00,7.3,7.5,16.1,3.5
Detroit,2025-09-19 13:00:00+00:00,6.8,6.9,14.9,3.7
Detroit,2025-09-19 14:00:00+00:00,6.0,6.1,13.2,4.0
Detroit,2025-09-19 15:00:00+00:00,5.4,5.6,11.6,4.2
Detroit,2025-09-19 16:00:00+00:00,5.3,5.5,10.2,4.2
Detroit,2025-09-19 17:00:00+00:00,5.4,5.6,8.9,4.1
Detroit,2025-09-19 18:00:00+00:00,5.7,6.0,7.9,4.0
Detroit,2025-09-19 19:00:00+00:00,6.1,6.3,7.1,3.8
Detroit,2025-09-19 20:00:00+00:00,6.0,6.3,6.6,3.4
Detroit,2025-09-19 21:00:00+00:00,5.9,6.1,7.4,3.2
Detroit,2025-09-19 22:00:00+00:00,6.0,6.2,10.6,3.1
Detroit,2025-09-19 23:00:00+00:00,6.1,6.3,15.0,3.0
Detroit,2025-09-20 00:00:00+00:00,2.8,2.8,15.0,2.7
Detroit,2025-09-20 01:00:00+00:00,2.3,2.3,16.0,2.9
Detroit,2025-09-20 02:00:00+00:00,2.3,2.3,17.4,3.1
Detroit,2025-09-20 03:00:00+00:00,2.6,2.7,18.2,3.2
Detroit,2025-09-20 04:00:00+00:00,2.7,2.8,17.8,3.1
Detroit,2025-09-20 05:00:00+00:00,2.8,2.9,16.7,2.9
Detroit,2025-09-20 06:00:00+00:00,2.4,2.5,15.7,2.8
Detroit,2025-09-20 07:00:00+00:00,2.3,2.3,14.8,2.8
Detroit,2025-09-20 08:00:00+00:00,2.4,2.4,14.1,2.8
Detroit,2025-09-20 09:00:00+00:00,2.9,3.0,13.9,3.0
Detroit,2025-09-20 10:00:00+00:00,3.8,3.8,15.1,3.3
Detroit,2025-09-20 11:00:00+00:00,4.3,4.3,17.0,3.8
Detroit,2025-09-20 12:00:00+00:00,3.0,3.0,20.5,4.6
Detroit,2025-09-20 13:00:00+00:00,3.5,3.5,18.4,4.5
Detroit,2025-09-20 14:00:00+00:00,2.8,2.9,15.4,4.3
Detroit,2025-09-20 15:00:00+00:00,2.7,2.8,12.6,4.1
Detroit,2025-09-20 16:00:00+00:00,2.5,2.6,10.0,3.8
Detroit,2025-09-20 17:00:00+00:00,2.4,2.5,7.6,3.4
Detroit,2025-09-20 18:00:00+00:00,2.4,2.5,6.0,3.1
Detroit,2025-09-20 19:00:00+00:00,2.3,2.4,5.3,3.0
Detroit,2025-09-20 20:00:00+00:00,2.2,2.3,5.4,2.9
Detroit,2025-09-20 21:00:00+00:00,2.2,2.3,6.6,3.0
Detroit,2025-09-20 22:00:00+00:00,2.5,2.5,10.0,3.2
Detroit,2025-09-20 23:00:00+00:00,2.9,3.0,14.6,3.5
