wavelength_nm,0,1,2,3,4,5,6
463.51666768391925,0.16906208,0.088600464,0.13234076,0.07533123,0.047839496,0.17737022,0.10595972
493.42833455403644,0.17341577,0.09053204,0.13762838,0.07627028,0.046260335,0.1880715,0.10711343
523.3699951171875,0.17917006,0.1024355,0.1498644,0.08714144,0.058174323,0.20495832,0.11128234
553.336680094401,0.18457173,0.11455874,0.16187122,0.098272294,0.07067633,0.22117202,0.11565765
583.3216756184896,0.18630613,0.11171266,0.1636857,0.09426988,0.061405614,0.22853294,0.115520395
613.3250122070312,0.18547161,0.11063766,0.16590813,0.092202194,0.055436313,0.23477392,0.114536494
643.3450012207031,0.18487765,0.10865298,0.16672564,0.08915016,0.049706362,0.23959287,0.113389045
673.3766682942709,0.18029247,0.10536631,0.16530856,0.08519605,0.043666776,0.24017176,0.10987854
703.4183247884115,0.18518828,0.13758162,0.18910284,0.11573835,0.087420076,0.26413193,0.119050905
733.4716593424479,0.18898568,0.21520075,0.2349319,0.1928076,0.21560119,0.30192822,0.13394308
763.5316670735677,0.19551861,0.26480514,0.26541528,0.24293973,0.29503477,0.32739466,0.1457175
793.5983378092448,0.19654591,0.2749877,0.27418128,0.25116244,0.30846998,0.3376892,0.1478569
823.6700032552084,0.19521977,0.27900165,0.27811384,0.2533737,0.31243703,0.3436662,0.14779274
853.7450052897135,0.19478807,0.28993785,0.2864989,0.26389572,0.32557788,0.35261622,0.14941588
883.8233337402344,0.19231388,0.29448104,0.28995618,0.26669517,0.3287947,0.3559944,0.14901543
913.903330485026,0.18754885,0.2868576,0.28568235,0.25487912,0.31250298,0.3535692,0.14521578
943.9833374023438,0.18064992,0.26042438,0.27087277,0.22142152,0.2702982,0.34624407,0.13651809
974.0666707356771,0.18435968,0.27551824,0.28401294,0.24056152,0.28858393,0.36491272,0.14021137
1004.1466674804688,0.1942693,0.30675766,0.3109394,0.2726574,0.32753608,0.3956322,0.15070747
1034.2266540527344,0.19557351,0.32313105,0.32181823,0.28859004,0.3500337,0.40598595,0.1547485
1064.3066813151042,0.19439113,0.32993814,0.32580915,0.29446915,0.35955393,0.4099595,0.15576573
1094.3833414713542,0.18948163,0.32117334,0.31978956,0.28294727,0.34555292,0.40511712,0.15209973
1124.459981282552,0.17804477,0.27146867,0.2881796,0.2242804,0.26759312,0.37787932,0.1384442
1154.5316975911458,0.17715573,0.26071304,0.28578174,0.2155993,0.24390057,0.3857542,0.13422799
1184.6016438802083,0.18210739,0.28282252,0.30402285,0.23991774,0.2667099,0.40520912,0.13976596
1214.6666870117188,0.18821216,0.29797333,0.3198172,0.25336766,0.2804029,0.4243727,0.14534113
1244.7349853515625,0.19077994,0.31474185,0.33242327,0.27022055,0.3028917,0.43609193,0.15002793
1274.7950236002605,0.18872839,0.31696764,0.333661,0.27167287,0.30435863,0.43725058,0.14982769
1304.8466389973958,0.1832661,0.30049074,0.32356787,0.25318584,0.27884918,0.43069723,0.14405115
1334.9000244140625,0.17799674,0.26022527,0.3015139,0.20832956,0.21785659,0.4204242,0.13327472
1455.0650024414062,0.1561263,0.14164215,0.2075057,0.1056943,0.07340952,0.32151288,0.1050589
1485.094970703125,0.15012552,0.14974104,0.21881899,0.109358855,0.07355435,0.342522,0.097158395
1515.1199951171875,0.1686359,0.19074228,0.26445156,0.14377119,0.10010366,0.40139616,0.11060762
1545.1400146484375,0.17603883,0.21434306,0.28591058,0.16519786,0.122779265,0.42644635,0.11907118
1575.1533610026042,0.17864181,0.22883095,0.29769152,0.17817926,0.13909341,0.43896395,0.123465076
1605.1600341796875,0.18016855,0.24076411,0.30714056,0.18878756,0.15275481,0.44899073,0.12699445
1635.1600341796875,0.18071078,0.24904104,0.3134209,0.19621673,0.16244501,0.45567513,0.12950249
1665.1600341796875,0.17987646,0.24950002,0.31319654,0.19652739,0.16338435,0.4568312,0.1294248
1695.1500244140625,0.17739454,0.24259901,0.30561003,0.19048078,0.15735884,0.45173386,0.12693642
1725.1333414713542,0.17358236,0.23078258,0.2951674,0.17949408,0.1448271,0.44276404,0.12255188
1755.1099853515625,0.1701642,0.2206489,0.2880968,0.16895798,0.13302737,0.43651643,0.118429706
1785.0783081054688,0.15569258,0.19078945,0.25767732,0.14179614,0.11076527,0.39900523,0.107082225
1964.719991048177,0.13528351,0.12006677,0.19542767,0.083954774,0.039744034,0.34214383,0.080254026
1994.6283365885417,0.1366711,0.1302058,0.20333405,0.093938485,0.045272805,0.34323716,0.083975784
2024.5266723632812,0.13735496,0.13579431,0.20983084,0.098837,0.050453592,0.3545066,0.084712386
2054.4182942708335,0.15146486,0.15194786,0.23405185,0.11041382,0.056938984,0.39952278,0.09186355
2084.2967122395835,0.15290006,0.15606885,0.23793325,0.11391886,0.06085413,0.4066663,0.09269712
2114.16162109375,0.15634845,0.16300663,0.24567302,0.11936615,0.066015385,0.41903156,0.09559679
2144.02001953125,0.15624346,0.1669924,0.24864574,0.1229028,0.069883704,0.42262584,0.09679823
2173.866658528646,0.15366872,0.168284,0.2483276,0.12391107,0.07273009,0.42009208,0.096296795
2203.701619466146,0.15255114,0.17148061,0.25040266,0.12656283,0.07640211,0.42184353,0.096639045
2233.5250244140625,0.15119639,0.17039868,0.24873906,0.12599343,0.0762294,0.42417938,0.09554428
2263.3400065104165,0.14705086,0.15676823,0.23245063,0.11562906,0.06784383,0.41143185,0.09102054
2293.1416829427085,0.14234824,0.1455893,0.21891308,0.106914036,0.06038702,0.3990222,0.0872321
2322.931640625,0.13602184,0.13505003,0.20663826,0.09822443,0.05372436,0.3842103,0.082346566
2352.713338216146,0.1291527,0.12565759,0.19616877,0.09034167,0.048195854,0.37129116,0.07773585
2384.9657156808034,0.12105227,0.1165421,0.18625645,0.0824393,0.042736795,0.35641614,0.07253154
