reference_id,city,image_date,image_row,image_col,patch_width_m_approx,dominant_cluster,dominant_fraction,valid_fraction,site_type
JAX_GREEN_01,Jacksonville,2025-05-16,19,119,300,4,0.88,0.96,Tanager vegetation-rich image patch; parcel status unverified
JAX_GREEN_02,Jacksonville,2025-05-16,23,151,300,4,0.96,1.0,Tanager vegetation-rich image patch; parcel status unverified
JAX_GREEN_03,Jacksonville,2025-05-16,47,87,300,4,0.96,1.0,Tanager vegetation-rich image patch; parcel status unverified
JAX_GREEN_04,Jacksonville,2025-05-16,47,215,300,4,1.0,1.0,Tanager vegetation-rich image patch; parcel status unverified
JAX_GREEN_05,Jacksonville,2025-05-16,51,123,300,4,1.0,1.0,Tanager vegetation-rich image patch; parcel status unverified
JAX_GREEN_06,Jacksonville,2025-05-16,95,127,300,4,0.84,1.0,Tanager vegetation-rich image patch; parcel status unverified
JAX_GREEN_07,Jacksonville,2025-05-16,103,311,300,4,0.88,1.0,Tanager vegetation-rich image patch; parcel status unverified
JAX_GREEN_08,Jacksonville,2025-05-16,119,339,300,4,0.84,1.0,Tanager vegetation-rich image patch; parcel status unverified
JAX_GREEN_09,Jacksonville,2025-05-16,151,303,300,4,0.84,1.0,Tanager vegetation-rich image patch; parcel status unverified
JAX_GREEN_10,Jacksonville,2025-05-16,155,135,300,4,0.96,1.0,Tanager vegetation-rich image patch; parcel status unverified
JAX_GREEN_11,Jacksonville,2025-05-16,163,243,300,4,1.0,1.0,Tanager vegetation-rich image patch; parcel status unverified
JAX_GREEN_12,Jacksonville,2025-05-16,163,359,300,4,0.8,1.0,Tanager vegetation-rich image patch; parcel status unverified
