time,wind_speed_10m,wind_direction_10m
2025-05-16 00:00:00+00:00,10.5,237
2025-05-16 01:00:00+00:00,12.6,248
2025-05-16 02:00:00+00:00,13.9,245
2025-05-16 03:00:00+00:00,14.0,237
2025-05-16 04:00:00+00:00,13.6,239
2025-05-16 05:00:00+00:00,11.8,257
2025-05-16 06:00:00+00:00,10.5,251
2025-05-16 07:00:00+00:00,11.2,242
2025-05-16 08:00:00+00:00,11.4,245
2025-05-16 09:00:00+00:00,10.7,256
2025-05-16 10:00:00+00:00,9.4,272
2025-05-16 11:00:00+00:00,9.0,264
2025-05-16 12:00:00+00:00,8.4,263
2025-05-16 13:00:00+00:00,7.9,271
2025-05-16 14:00:00+00:00,8.0,264
2025-05-16 15:00:00+00:00,9.9,258
2025-05-16 16:00:00+00:00,12.2,257
2025-05-16 17:00:00+00:00,13.3,257
2025-05-16 18:00:00+00:00,13.6,259
2025-05-16 19:00:00+00:00,13.8,263
2025-05-16 20:00:00+00:00,13.8,264
2025-05-16 21:00:00+00:00,13.2,263
2025-05-16 22:00:00+00:00,10.8,260
2025-05-16 23:00:00+00:00,8.7,253
2025-05-17 00:00:00+00:00,8.9,256
2025-05-17 01:00:00+00:00,10.2,256
2025-05-17 02:00:00+00:00,10.5,248
2025-05-17 03:00:00+00:00,11.0,240
2025-05-17 04:00:00+00:00,11.2,240
2025-05-17 05:00:00+00:00,12.3,235
2025-05-17 06:00:00+00:00,12.7,237
2025-05-17 07:00:00+00:00,12.2,236
2025-05-17 08:00:00+00:00,11.5,245
2025-05-17 09:00:00+00:00,11.0,252
2025-05-17 10:00:00+00:00,10.6,266
2025-05-17 11:00:00+00:00,11.5,273
2025-05-17 12:00:00+00:00,11.4,254
2025-05-17 13:00:00+00:00,12.3,259
2025-05-17 14:00:00+00:00,12.8,265
2025-05-17 15:00:00+00:00,12.6,268
2025-05-17 16:00:00+00:00,12.5,275
2025-05-17 17:00:00+00:00,11.9,271
2025-05-17 18:00:00+00:00,12.3,267
2025-05-17 19:00:00+00:00,12.3,273
2025-05-17 20:00:00+00:00,11.0,275
2025-05-17 21:00:00+00:00,10.1,274
2025-05-17 22:00:00+00:00,7.4,257
2025-05-17 23:00:00+00:00,5.0,232
2025-05-18 00:00:00+00:00,6.5,214
2025-05-18 01:00:00+00:00,10.3,229
2025-05-18 02:00:00+00:00,12.7,241
2025-05-18 03:00:00+00:00,12.4,249
2025-05-18 04:00:00+00:00,11.4,254
2025-05-18 05:00:00+00:00,10.6,251
2025-05-18 06:00:00+00:00,10.3,254
2025-05-18 07:00:00+00:00,10.3,257
2025-05-18 08:00:00+00:00,10.7,263
2025-05-18 09:00:00+00:00,9.9,266
2025-05-18 10:00:00+00:00,9.5,272
2025-05-18 11:00:00+00:00,8.1,271
2025-05-18 12:00:00+00:00,6.1,265
2025-05-18 13:00:00+00:00,5.2,282
2025-05-18 14:00:00+00:00,3.4,273
2025-05-18 15:00:00+00:00,2.9,277
2025-05-18 16:00:00+00:00,2.3,238
2025-05-18 17:00:00+00:00,3.0,253
2025-05-18 18:00:00+00:00,3.9,283
2025-05-18 19:00:00+00:00,2.0,315
2025-05-18 20:00:00+00:00,1.3,82
2025-05-18 21:00:00+00:00,2.6,146
2025-05-18 22:00:00+00:00,5.0,75
2025-05-18 23:00:00+00:00,4.0,72
2025-05-19 00:00:00+00:00,3.3,81
2025-05-19 01:00:00+00:00,4.1,90
2025-05-19 02:00:00+00:00,5.3,114
2025-05-19 03:00:00+00:00,4.5,143
2025-05-19 04:00:00+00:00,3.5,189
2025-05-19 05:00:00+00:00,4.9,231
2025-05-19 06:00:00+00:00,5.3,246
2025-05-19 07:00:00+00:00,5.5,259
2025-05-19 08:00:00+00:00,5.6,295
2025-05-19 09:00:00+00:00,5.8,306
2025-05-19 10:00:00+00:00,4.8,299
2025-05-19 11:00:00+00:00,3.8,262
2025-05-19 12:00:00+00:00,4.2,282
2025-05-19 13:00:00+00:00,3.5,294
2025-05-19 14:00:00+00:00,2.3,299
2025-05-19 15:00:00+00:00,1.5,263
2025-05-19 16:00:00+00:00,2.7,222
2025-05-19 17:00:00+00:00,4.4,235
2025-05-19 18:00:00+00:00,5.5,243
2025-05-19 19:00:00+00:00,5.7,257
2025-05-19 20:00:00+00:00,5.2,268
2025-05-19 21:00:00+00:00,2.8,259
2025-05-19 22:00:00+00:00,1.6,270
2025-05-19 23:00:00+00:00,1.4,140
2025-05-20 00:00:00+00:00,4.3,132
2025-05-20 01:00:00+00:00,6.2,150
2025-05-20 02:00:00+00:00,6.3,160
2025-05-20 03:00:00+00:00,5.9,168
2025-05-20 04:00:00+00:00,6.1,192
2025-05-20 05:00:00+00:00,5.1,219
2025-05-20 06:00:00+00:00,4.6,225
2025-05-20 07:00:00+00:00,4.3,237
2025-05-20 08:00:00+00:00,4.4,249
2025-05-20 09:00:00+00:00,4.9,272
2025-05-20 10:00:00+00:00,5.4,304
2025-05-20 11:00:00+00:00,6.4,322
2025-05-20 12:00:00+00:00,6.4,317
2025-05-20 13:00:00+00:00,5.4,291
2025-05-20 14:00:00+00:00,6.0,265
2025-05-20 15:00:00+00:00,6.8,248
2025-05-20 16:00:00+00:00,8.5,235
2025-05-20 17:00:00+00:00,14.2,231
2025-05-20 18:00:00+00:00,14.5,236
2025-05-20 19:00:00+00:00,15.2,243
2025-05-20 20:00:00+00:00,14.9,247
2025-05-20 21:00:00+00:00,14.2,244
2025-05-20 22:00:00+00:00,12.3,243
2025-05-20 23:00:00+00:00,8.9,232
2025-05-21 00:00:00+00:00,7.4,221
2025-05-21 01:00:00+00:00,8.4,225
2025-05-21 02:00:00+00:00,9.0,239
2025-05-21 03:00:00+00:00,10.2,253
2025-05-21 04:00:00+00:00,10.2,246
2025-05-21 05:00:00+00:00,10.0,237
2025-05-21 06:00:00+00:00,10.5,239
2025-05-21 07:00:00+00:00,10.5,246
2025-05-21 08:00:00+00:00,10.5,251
2025-05-21 09:00:00+00:00,10.2,256
2025-05-21 10:00:00+00:00,11.2,259
2025-05-21 11:00:00+00:00,10.6,246
2025-05-21 12:00:00+00:00,10.9,254
2025-05-21 13:00:00+00:00,12.5,250
2025-05-21 14:00:00+00:00,16.6,255
2025-05-21 15:00:00+00:00,19.1,261
2025-05-21 16:00:00+00:00,19.7,264
2025-05-21 17:00:00+00:00,19.2,264
2025-05-21 18:00:00+00:00,19.2,262
2025-05-21 19:00:00+00:00,20.0,262
2025-05-21 20:00:00+00:00,20.9,274
2025-05-21 21:00:00+00:00,14.7,264
2025-05-21 22:00:00+00:00,13.0,260
2025-05-21 23:00:00+00:00,15.5,255
2025-05-22 00:00:00+00:00,16.6,261
2025-05-22 01:00:00+00:00,14.2,257
2025-05-22 02:00:00+00:00,13.9,259
2025-05-22 03:00:00+00:00,13.5,262
2025-05-22 04:00:00+00:00,13.7,272
2025-05-22 05:00:00+00:00,12.5,285
2025-05-22 06:00:00+00:00,11.2,296
2025-05-22 07:00:00+00:00,9.3,304
2025-05-22 08:00:00+00:00,9.3,316
2025-05-22 09:00:00+00:00,9.0,323
2025-05-22 10:00:00+00:00,9.3,338
2025-05-22 11:00:00+00:00,8.5,339
2025-05-22 12:00:00+00:00,9.4,348
2025-05-22 13:00:00+00:00,7.7,329
2025-05-22 14:00:00+00:00,8.5,336
2025-05-22 15:00:00+00:00,7.1,350
2025-05-22 16:00:00+00:00,4.2,340
2025-05-22 17:00:00+00:00,3.5,336
2025-05-22 18:00:00+00:00,3.7,331
2025-05-22 19:00:00+00:00,3.5,321
2025-05-22 20:00:00+00:00,2.5,270
2025-05-22 21:00:00+00:00,4.0,210
2025-05-22 22:00:00+00:00,7.6,239
2025-05-22 23:00:00+00:00,6.4,205
