city,time,wind_speed_10m,wind_direction_10m
Jacksonville,2025-05-16 00:00:00+00:00,10.5,237
Jacksonville,2025-05-16 01:00:00+00:00,12.6,248
Jacksonville,2025-05-16 02:00:00+00:00,13.9,245
Jacksonville,2025-05-16 03:00:00+00:00,14.0,237
Jacksonville,2025-05-16 04:00:00+00:00,13.6,239
Jacksonville,2025-05-16 05:00:00+00:00,11.8,257
Jacksonville,2025-05-16 06:00:00+00:00,10.5,251
Jacksonville,2025-05-16 07:00:00+00:00,11.2,242
Jacksonville,2025-05-16 08:00:00+00:00,11.4,245
Jacksonville,2025-05-16 09:00:00+00:00,10.7,256
Jacksonville,2025-05-16 10:00:00+00:00,9.4,272
Jacksonville,2025-05-16 11:00:00+00:00,9.0,264
Jacksonville,2025-05-16 12:00:00+00:00,8.4,263
Jacksonville,2025-05-16 13:00:00+00:00,7.9,271
Jacksonville,2025-05-16 14:00:00+00:00,8.0,264
Jacksonville,2025-05-16 15:00:00+00:00,9.9,258
Jacksonville,2025-05-16 16:00:00+00:00,12.2,257
Jacksonville,2025-05-16 17:00:00+00:00,13.3,257
Jacksonville,2025-05-16 18:00:00+00:00,13.6,259
Jacksonville,2025-05-16 19:00:00+00:00,13.8,263
Jacksonville,2025-05-16 20:00:00+00:00,13.8,264
Jacksonville,2025-05-16 21:00:00+00:00,13.2,263
Jacksonville,2025-05-16 22:00:00+00:00,10.8,260
Jacksonville,2025-05-16 23:00:00+00:00,8.7,253
Jacksonville,2025-05-17 00:00:00+00:00,8.9,256
Jacksonville,2025-05-17 01:00:00+00:00,10.2,256
Jacksonville,2025-05-17 02:00:00+00:00,10.5,248
Jacksonville,2025-05-17 03:00:00+00:00,11.0,240
Jacksonville,2025-05-17 04:00:00+00:00,11.2,240
Jacksonville,2025-05-17 05:00:00+00:00,12.3,235
Jacksonville,2025-05-17 06:00:00+00:00,12.7,237
Jacksonville,2025-05-17 07:00:00+00:00,12.2,236
Jacksonville,2025-05-17 08:00:00+00:00,11.5,245
Jacksonville,2025-05-17 09:00:00+00:00,11.0,252
Jacksonville,2025-05-17 10:00:00+00:00,10.6,266
Jacksonville,2025-05-17 11:00:00+00:00,11.5,273
Jacksonville,2025-05-17 12:00:00+00:00,11.4,254
Jacksonville,2025-05-17 13:00:00+00:00,12.3,259
Jacksonville,2025-05-17 14:00:00+00:00,12.8,265
Jacksonville,2025-05-17 15:00:00+00:00,12.6,268
Jacksonville,2025-05-17 16:00:00+00:00,12.5,275
Jacksonville,2025-05-17 17:00:00+00:00,11.9,271
Jacksonville,2025-05-17 18:00:00+00:00,12.3,267
Jacksonville,2025-05-17 19:00:00+00:00,12.3,273
Jacksonville,2025-05-17 20:00:00+00:00,11.0,275
Jacksonville,2025-05-17 21:00:00+00:00,10.1,274
Jacksonville,2025-05-17 22:00:00+00:00,7.4,257
Jacksonville,2025-05-17 23:00:00+00:00,5.0,232
Jacksonville,2025-05-18 00:00:00+00:00,6.5,214
Jacksonville,2025-05-18 01:00:00+00:00,10.3,229
Jacksonville,2025-05-18 02:00:00+00:00,12.7,241
Jacksonville,2025-05-18 03:00:00+00:00,12.4,249
Jacksonville,2025-05-18 04:00:00+00:00,11.4,254
Jacksonville,2025-05-18 05:00:00+00:00,10.6,251
Jacksonville,2025-05-18 06:00:00+00:00,10.3,254
Jacksonville,2025-05-18 07:00:00+00:00,10.3,257
Jacksonville,2025-05-18 08:00:00+00:00,10.7,263
Jacksonville,2025-05-18 09:00:00+00:00,9.9,266
Jacksonville,2025-05-18 10:00:00+00:00,9.5,272
Jacksonville,2025-05-18 11:00:00+00:00,8.1,271
Jacksonville,2025-05-18 12:00:00+00:00,6.1,265
Jacksonville,2025-05-18 13:00:00+00:00,5.2,282
Jacksonville,2025-05-18 14:00:00+00:00,3.4,273
Jacksonville,2025-05-18 15:00:00+00:00,2.9,277
Jacksonville,2025-05-18 16:00:00+00:00,2.3,238
Jacksonville,2025-05-18 17:00:00+00:00,3.0,253
Jacksonville,2025-05-18 18:00:00+00:00,3.9,283
Jacksonville,2025-05-18 19:00:00+00:00,2.0,315
Jacksonville,2025-05-18 20:00:00+00:00,1.3,82
Jacksonville,2025-05-18 21:00:00+00:00,2.6,146
Jacksonville,2025-05-18 22:00:00+00:00,5.0,75
Jacksonville,2025-05-18 23:00:00+00:00,4.0,72
Jacksonville,2025-05-19 00:00:00+00:00,3.3,81
Jacksonville,2025-05-19 01:00:00+00:00,4.1,90
Jacksonville,2025-05-19 02:00:00+00:00,5.3,114
Jacksonville,2025-05-19 03:00:00+00:00,4.5,143
Jacksonville,2025-05-19 04:00:00+00:00,3.5,189
Jacksonville,2025-05-19 05:00:00+00:00,4.9,231
Jacksonville,2025-05-19 06:00:00+00:00,5.3,246
Jacksonville,2025-05-19 07:00:00+00:00,5.5,259
Jacksonville,2025-05-19 08:00:00+00:00,5.6,295
Jacksonville,2025-05-19 09:00:00+00:00,5.8,306
Jacksonville,2025-05-19 10:00:00+00:00,4.8,299
Jacksonville,2025-05-19 11:00:00+00:00,3.8,262
Jacksonville,2025-05-19 12:00:00+00:00,4.2,282
Jacksonville,2025-05-19 13:00:00+00:00,3.5,294
Jacksonville,2025-05-19 14:00:00+00:00,2.3,299
Jacksonville,2025-05-19 15:00:00+00:00,1.5,263
Jacksonville,2025-05-19 16:00:00+00:00,2.7,222
Jacksonville,2025-05-19 17:00:00+00:00,4.4,235
Jacksonville,2025-05-19 18:00:00+00:00,5.5,243
Jacksonville,2025-05-19 19:00:00+00:00,5.7,257
Jacksonville,2025-05-19 20:00:00+00:00,5.2,268
Jacksonville,2025-05-19 21:00:00+00:00,2.8,259
Jacksonville,2025-05-19 22:00:00+00:00,1.6,270
Jacksonville,2025-05-19 23:00:00+00:00,1.4,140
Jacksonville,2025-05-20 00:00:00+00:00,4.3,132
Jacksonville,2025-05-20 01:00:00+00:00,6.2,150
Jacksonville,2025-05-20 02:00:00+00:00,6.3,160
Jacksonville,2025-05-20 03:00:00+00:00,5.9,168
Jacksonville,2025-05-20 04:00:00+00:00,6.1,192
Jacksonville,2025-05-20 05:00:00+00:00,5.1,219
Jacksonville,2025-05-20 06:00:00+00:00,4.6,225
Jacksonville,2025-05-20 07:00:00+00:00,4.3,237
Jacksonville,2025-05-20 08:00:00+00:00,4.4,249
Jacksonville,2025-05-20 09:00:00+00:00,4.9,272
Jacksonville,2025-05-20 10:00:00+00:00,5.4,304
Jacksonville,2025-05-20 11:00:00+00:00,6.4,322
Jacksonville,2025-05-20 12:00:00+00:00,6.4,317
Jacksonville,2025-05-20 13:00:00+00:00,5.4,291
Jacksonville,2025-05-20 14:00:00+00:00,6.0,265
Jacksonville,2025-05-20 15:00:00+00:00,6.8,248
Jacksonville,2025-05-20 16:00:00+00:00,8.5,235
Jacksonville,2025-05-20 17:00:00+00:00,14.2,231
Jacksonville,2025-05-20 18:00:00+00:00,14.5,236
Jacksonville,2025-05-20 19:00:00+00:00,15.2,243
Jacksonville,2025-05-20 20:00:00+00:00,14.9,247
Jacksonville,2025-05-20 21:00:00+00:00,14.2,244
Jacksonville,2025-05-20 22:00:00+00:00,12.3,243
Jacksonville,2025-05-20 23:00:00+00:00,8.9,232
Jacksonville,2025-05-21 00:00:00+00:00,7.4,221
Jacksonville,2025-05-21 01:00:00+00:00,8.4,225
Jacksonville,2025-05-21 02:00:00+00:00,9.0,239
Jacksonville,2025-05-21 03:00:00+00:00,10.2,253
Jacksonville,2025-05-21 04:00:00+00:00,10.2,246
Jacksonville,2025-05-21 05:00:00+00:00,10.0,237
Jacksonville,2025-05-21 06:00:00+00:00,10.5,239
Jacksonville,2025-05-21 07:00:00+00:00,10.5,246
Jacksonville,2025-05-21 08:00:00+00:00,10.5,251
Jacksonville,2025-05-21 09:00:00+00:00,10.2,256
Jacksonville,2025-05-21 10:00:00+00:00,11.2,259
Jacksonville,2025-05-21 11:00:00+00:00,10.6,246
Jacksonville,2025-05-21 12:00:00+00:00,10.9,254
Jacksonville,2025-05-21 13:00:00+00:00,12.5,250
Jacksonville,2025-05-21 14:00:00+00:00,16.6,255
Jacksonville,2025-05-21 15:00:00+00:00,19.1,261
Jacksonville,2025-05-21 16:00:00+00:00,19.7,264
Jacksonville,2025-05-21 17:00:00+00:00,19.2,264
Jacksonville,2025-05-21 18:00:00+00:00,19.2,262
Jacksonville,2025-05-21 19:00:00+00:00,20.0,262
Jacksonville,2025-05-21 20:00:00+00:00,20.9,274
Jacksonville,2025-05-21 21:00:00+00:00,14.7,264
Jacksonville,2025-05-21 22:00:00+00:00,13.0,260
Jacksonville,2025-05-21 23:00:00+00:00,15.5,255
Jacksonville,2025-05-22 00:00:00+00:00,16.6,261
Jacksonville,2025-05-22 01:00:00+00:00,14.2,257
Jacksonville,2025-05-22 02:00:00+00:00,13.9,259
Jacksonville,2025-05-22 03:00:00+00:00,13.5,262
Jacksonville,2025-05-22 04:00:00+00:00,13.7,272
Jacksonville,2025-05-22 05:00:00+00:00,12.5,285
Jacksonville,2025-05-22 06:00:00+00:00,11.2,296
Jacksonville,2025-05-22 07:00:00+00:00,9.3,304
Jacksonville,2025-05-22 08:00:00+00:00,9.3,316
Jacksonville,2025-05-22 09:00:00+00:00,9.0,323
Jacksonville,2025-05-22 10:00:00+00:00,9.3,338
Jacksonville,2025-05-22 11:00:00+00:00,8.5,339
Jacksonville,2025-05-22 12:00:00+00:00,9.4,348
Jacksonville,2025-05-22 13:00:00+00:00,7.7,329
Jacksonville,2025-05-22 14:00:00+00:00,8.5,336
Jacksonville,2025-05-22 15:00:00+00:00,7.1,350
Jacksonville,2025-05-22 16:00:00+00:00,4.2,340
Jacksonville,2025-05-22 17:00:00+00:00,3.5,336
Jacksonville,2025-05-22 18:00:00+00:00,3.7,331
Jacksonville,2025-05-22 19:00:00+00:00,3.5,321
Jacksonville,2025-05-22 20:00:00+00:00,2.5,270
Jacksonville,2025-05-22 21:00:00+00:00,4.0,210
Jacksonville,2025-05-22 22:00:00+00:00,7.6,239
Jacksonville,2025-05-22 23:00:00+00:00,6.4,205
Rochester,2025-08-01 00:00:00+00:00,17.3,54
Rochester,2025-08-01 01:00:00+00:00,15.6,59
Rochester,2025-08-01 02:00:00+00:00,15.2,61
Rochester,2025-08-01 03:00:00+00:00,14.7,63
Rochester,2025-08-01 04:00:00+00:00,14.2,63
Rochester,2025-08-01 05:00:00+00:00,14.2,58
Rochester,2025-08-01 06:00:00+00:00,15.0,52
Rochester,2025-08-01 07:00:00+00:00,16.1,50
Rochester,2025-08-01 08:00:00+00:00,16.5,49
Rochester,2025-08-01 09:00:00+00:00,16.5,49
Rochester,2025-08-01 10:00:00+00:00,14.2,40
Rochester,2025-08-01 11:00:00+00:00,15.2,42
Rochester,2025-08-01 12:00:00+00:00,15.2,43
Rochester,2025-08-01 13:00:00+00:00,16.2,44
Rochester,2025-08-01 14:00:00+00:00,15.2,39
Rochester,2025-08-01 15:00:00+00:00,15.7,30
Rochester,2025-08-01 16:00:00+00:00,15.9,25
Rochester,2025-08-01 17:00:00+00:00,15.4,21
Rochester,2025-08-01 18:00:00+00:00,14.2,16
Rochester,2025-08-01 19:00:00+00:00,12.5,7
Rochester,2025-08-01 20:00:00+00:00,10.8,358
Rochester,2025-08-01 21:00:00+00:00,8.7,354
Rochester,2025-08-01 22:00:00+00:00,4.4,339
Rochester,2025-08-01 23:00:00+00:00,2.3,342
Rochester,2025-08-02 00:00:00+00:00,0.6,198
Rochester,2025-08-02 01:00:00+00:00,2.6,236
Rochester,2025-08-02 02:00:00+00:00,3.8,239
Rochester,2025-08-02 03:00:00+00:00,4.8,233
Rochester,2025-08-02 04:00:00+00:00,5.0,224
Rochester,2025-08-02 05:00:00+00:00,7.0,220
Rochester,2025-08-02 06:00:00+00:00,8.8,221
Rochester,2025-08-02 07:00:00+00:00,9.9,218
Rochester,2025-08-02 08:00:00+00:00,11.0,222
Rochester,2025-08-02 09:00:00+00:00,11.0,228
Rochester,2025-08-02 10:00:00+00:00,13.2,220
Rochester,2025-08-02 11:00:00+00:00,13.2,220
Rochester,2025-08-02 12:00:00+00:00,12.4,228
Rochester,2025-08-02 13:00:00+00:00,10.6,242
Rochester,2025-08-02 14:00:00+00:00,8.8,268
Rochester,2025-08-02 15:00:00+00:00,6.1,294
Rochester,2025-08-02 16:00:00+00:00,6.5,314
Rochester,2025-08-02 17:00:00+00:00,9.2,320
Rochester,2025-08-02 18:00:00+00:00,10.9,321
Rochester,2025-08-02 19:00:00+00:00,11.7,317
Rochester,2025-08-02 20:00:00+00:00,11.6,309
Rochester,2025-08-02 21:00:00+00:00,11.0,298
Rochester,2025-08-02 22:00:00+00:00,9.1,280
Rochester,2025-08-02 23:00:00+00:00,8.1,270
Rochester,2025-08-03 00:00:00+00:00,8.8,239
Rochester,2025-08-03 01:00:00+00:00,8.9,228
Rochester,2025-08-03 02:00:00+00:00,11.0,218
Rochester,2025-08-03 03:00:00+00:00,11.6,217
Rochester,2025-08-03 04:00:00+00:00,12.1,228
Rochester,2025-08-03 05:00:00+00:00,14.0,235
Rochester,2025-08-03 06:00:00+00:00,14.9,236
Rochester,2025-08-03 07:00:00+00:00,14.6,237
Rochester,2025-08-03 08:00:00+00:00,13.3,240
Rochester,2025-08-03 09:00:00+00:00,13.1,240
Rochester,2025-08-03 10:00:00+00:00,13.6,235
Rochester,2025-08-03 11:00:00+00:00,14.0,234
Rochester,2025-08-03 12:00:00+00:00,13.4,238
Rochester,2025-08-03 13:00:00+00:00,13.5,247
Rochester,2025-08-03 14:00:00+00:00,13.2,258
Rochester,2025-08-03 15:00:00+00:00,13.5,260
Rochester,2025-08-03 16:00:00+00:00,13.4,263
Rochester,2025-08-03 17:00:00+00:00,13.2,280
Rochester,2025-08-03 18:00:00+00:00,13.6,296
Rochester,2025-08-03 19:00:00+00:00,14.1,301
Rochester,2025-08-03 20:00:00+00:00,14.1,300
Rochester,2025-08-03 21:00:00+00:00,13.6,296
Rochester,2025-08-03 22:00:00+00:00,9.6,275
Rochester,2025-08-03 23:00:00+00:00,7.9,267
Rochester,2025-08-04 00:00:00+00:00,7.4,256
Rochester,2025-08-04 01:00:00+00:00,8.5,242
Rochester,2025-08-04 02:00:00+00:00,11.1,245
Rochester,2025-08-04 03:00:00+00:00,13.3,249
Rochester,2025-08-04 04:00:00+00:00,13.7,260
Rochester,2025-08-04 05:00:00+00:00,13.4,278
Rochester,2025-08-04 06:00:00+00:00,12.0,288
Rochester,2025-08-04 07:00:00+00:00,10.3,293
Rochester,2025-08-04 08:00:00+00:00,8.8,290
Rochester,2025-08-04 09:00:00+00:00,8.4,289
Rochester,2025-08-04 10:00:00+00:00,7.4,269
Rochester,2025-08-04 11:00:00+00:00,9.1,256
Rochester,2025-08-04 12:00:00+00:00,9.1,263
Rochester,2025-08-04 13:00:00+00:00,9.6,279
Rochester,2025-08-04 14:00:00+00:00,8.6,293
Rochester,2025-08-04 15:00:00+00:00,7.4,304
Rochester,2025-08-04 16:00:00+00:00,8.2,319
Rochester,2025-08-04 17:00:00+00:00,9.5,333
Rochester,2025-08-04 18:00:00+00:00,9.8,342
Rochester,2025-08-04 19:00:00+00:00,9.4,342
Rochester,2025-08-04 20:00:00+00:00,8.2,346
Rochester,2025-08-04 21:00:00+00:00,6.9,351
Rochester,2025-08-04 22:00:00+00:00,4.1,347
Rochester,2025-08-04 23:00:00+00:00,4.8,15
Rochester,2025-08-05 00:00:00+00:00,6.2,49
Rochester,2025-08-05 01:00:00+00:00,7.8,75
Rochester,2025-08-05 02:00:00+00:00,8.3,96
Rochester,2025-08-05 03:00:00+00:00,8.8,102
Rochester,2025-08-05 04:00:00+00:00,8.7,107
Rochester,2025-08-05 05:00:00+00:00,8.4,101
Rochester,2025-08-05 06:00:00+00:00,9.4,94
Rochester,2025-08-05 07:00:00+00:00,9.9,94
Rochester,2025-08-05 08:00:00+00:00,10.5,97
Rochester,2025-08-05 09:00:00+00:00,10.3,93
Rochester,2025-08-05 10:00:00+00:00,8.1,111
Rochester,2025-08-05 11:00:00+00:00,8.0,121
Rochester,2025-08-05 12:00:00+00:00,7.0,111
Rochester,2025-08-05 13:00:00+00:00,6.2,97
Rochester,2025-08-05 14:00:00+00:00,6.9,76
Rochester,2025-08-05 15:00:00+00:00,8.1,61
Rochester,2025-08-05 16:00:00+00:00,10.3,50
Rochester,2025-08-05 17:00:00+00:00,12.9,44
Rochester,2025-08-05 18:00:00+00:00,14.5,45
Rochester,2025-08-05 19:00:00+00:00,14.9,46
Rochester,2025-08-05 20:00:00+00:00,15.0,50
Rochester,2025-08-05 21:00:00+00:00,16.2,51
Rochester,2025-08-05 22:00:00+00:00,15.2,66
Rochester,2025-08-05 23:00:00+00:00,14.4,64
Rochester,2025-08-06 00:00:00+00:00,15.5,67
Rochester,2025-08-06 01:00:00+00:00,15.9,68
Rochester,2025-08-06 02:00:00+00:00,16.5,72
Rochester,2025-08-06 03:00:00+00:00,16.6,72
Rochester,2025-08-06 04:00:00+00:00,15.9,72
Rochester,2025-08-06 05:00:00+00:00,14.3,75
Rochester,2025-08-06 06:00:00+00:00,12.3,78
Rochester,2025-08-06 07:00:00+00:00,11.4,74
Rochester,2025-08-06 08:00:00+00:00,11.4,71
Rochester,2025-08-06 09:00:00+00:00,11.5,68
Rochester,2025-08-06 10:00:00+00:00,6.8,78
Rochester,2025-08-06 11:00:00+00:00,6.6,74
Rochester,2025-08-06 12:00:00+00:00,7.9,70
Rochester,2025-08-06 13:00:00+00:00,7.4,68
Rochester,2025-08-06 14:00:00+00:00,7.1,66
Rochester,2025-08-06 15:00:00+00:00,7.6,62
Rochester,2025-08-06 16:00:00+00:00,7.8,58
Rochester,2025-08-06 17:00:00+00:00,9.4,55
Rochester,2025-08-06 18:00:00+00:00,11.4,59
Rochester,2025-08-06 19:00:00+00:00,11.9,63
Rochester,2025-08-06 20:00:00+00:00,12.2,70
Rochester,2025-08-06 21:00:00+00:00,12.8,80
Rochester,2025-08-06 22:00:00+00:00,12.5,83
Rochester,2025-08-06 23:00:00+00:00,10.2,124
Rochester,2025-08-07 00:00:00+00:00,7.3,157
Rochester,2025-08-07 01:00:00+00:00,6.0,171
Rochester,2025-08-07 02:00:00+00:00,6.5,177
Rochester,2025-08-07 03:00:00+00:00,8.7,162
Rochester,2025-08-07 04:00:00+00:00,9.5,159
Rochester,2025-08-07 05:00:00+00:00,10.4,165
Rochester,2025-08-07 06:00:00+00:00,11.2,174
Rochester,2025-08-07 07:00:00+00:00,12.1,179
Rochester,2025-08-07 08:00:00+00:00,13.0,179
Rochester,2025-08-07 09:00:00+00:00,13.5,185
Rochester,2025-08-07 10:00:00+00:00,14.0,195
Rochester,2025-08-07 11:00:00+00:00,12.2,194
Rochester,2025-08-07 12:00:00+00:00,11.5,191
Rochester,2025-08-07 13:00:00+00:00,10.1,196
Rochester,2025-08-07 14:00:00+00:00,8.2,188
Rochester,2025-08-07 15:00:00+00:00,5.8,171
Rochester,2025-08-07 16:00:00+00:00,4.1,131
Rochester,2025-08-07 17:00:00+00:00,5.9,88
Rochester,2025-08-07 18:00:00+00:00,7.5,82
Rochester,2025-08-07 19:00:00+00:00,7.5,80
Rochester,2025-08-07 20:00:00+00:00,6.8,88
Rochester,2025-08-07 21:00:00+00:00,6.1,93
Rochester,2025-08-07 22:00:00+00:00,8.7,97
Rochester,2025-08-07 23:00:00+00:00,9.2,107
Detroit,2025-09-14 00:00:00+00:00,6.9,141
Detroit,2025-09-14 01:00:00+00:00,7.0,136
Detroit,2025-09-14 02:00:00+00:00,7.6,133
Detroit,2025-09-14 03:00:00+00:00,8.7,133
Detroit,2025-09-14 04:00:00+00:00,8.5,122
Detroit,2025-09-14 05:00:00+00:00,8.1,107
Detroit,2025-09-14 06:00:00+00:00,7.5,100
Detroit,2025-09-14 07:00:00+00:00,6.5,77
Detroit,2025-09-14 08:00:00+00:00,5.6,69
Detroit,2025-09-14 09:00:00+00:00,5.3,62
Detroit,2025-09-14 10:00:00+00:00,2.7,28
Detroit,2025-09-14 11:00:00+00:00,2.2,14
Detroit,2025-09-14 12:00:00+00:00,3.1,3
Detroit,2025-09-14 13:00:00+00:00,3.2,19
Detroit,2025-09-14 14:00:00+00:00,3.9,43
Detroit,2025-09-14 15:00:00+00:00,5.6,57
Detroit,2025-09-14 16:00:00+00:00,8.2,67
Detroit,2025-09-14 17:00:00+00:00,10.7,78
Detroit,2025-09-14 18:00:00+00:00,11.7,89
Detroit,2025-09-14 19:00:00+00:00,11.4,95
Detroit,2025-09-14 20:00:00+00:00,10.3,97
Detroit,2025-09-14 21:00:00+00:00,9.6,103
Detroit,2025-09-14 22:00:00+00:00,8.4,140
Detroit,2025-09-14 23:00:00+00:00,6.4,158
Detroit,2025-09-15 00:00:00+00:00,5.2,164
Detroit,2025-09-15 01:00:00+00:00,5.8,146
Detroit,2025-09-15 02:00:00+00:00,4.9,57
Detroit,2025-09-15 03:00:00+00:00,7.6,38
Detroit,2025-09-15 04:00:00+00:00,11.6,43
Detroit,2025-09-15 05:00:00+00:00,12.1,40
Detroit,2025-09-15 06:00:00+00:00,10.8,36
Detroit,2025-09-15 07:00:00+00:00,10.2,34
Detroit,2025-09-15 08:00:00+00:00,9.5,37
Detroit,2025-09-15 09:00:00+00:00,8.9,47
Detroit,2025-09-15 10:00:00+00:00,6.4,47
Detroit,2025-09-15 11:00:00+00:00,6.9,41
Detroit,2025-09-15 12:00:00+00:00,9.2,31
Detroit,2025-09-15 13:00:00+00:00,8.0,36
Detroit,2025-09-15 14:00:00+00:00,8.5,48
Detroit,2025-09-15 15:00:00+00:00,9.1,60
Detroit,2025-09-15 16:00:00+00:00,10.1,78
Detroit,2025-09-15 17:00:00+00:00,11.3,92
Detroit,2025-09-15 18:00:00+00:00,11.9,96
Detroit,2025-09-15 19:00:00+00:00,13.2,95
Detroit,2025-09-15 20:00:00+00:00,13.8,97
Detroit,2025-09-15 21:00:00+00:00,13.5,98
Detroit,2025-09-15 22:00:00+00:00,12.6,117
Detroit,2025-09-15 23:00:00+00:00,10.4,120
Detroit,2025-09-16 00:00:00+00:00,7.7,118
Detroit,2025-09-16 01:00:00+00:00,6.2,98
Detroit,2025-09-16 02:00:00+00:00,7.1,71
Detroit,2025-09-16 03:00:00+00:00,8.9,58
Detroit,2025-09-16 04:00:00+00:00,9.5,61
Detroit,2025-09-16 05:00:00+00:00,9.1,68
Detroit,2025-09-16 06:00:00+00:00,9.4,66
Detroit,2025-09-16 07:00:00+00:00,9.3,56
Detroit,2025-09-16 08:00:00+00:00,9.3,47
Detroit,2025-09-16 09:00:00+00:00,9.7,40
Detroit,2025-09-16 10:00:00+00:00,9.8,26
Detroit,2025-09-16 11:00:00+00:00,9.7,28
Detroit,2025-09-16 12:00:00+00:00,10.9,24
Detroit,2025-09-16 13:00:00+00:00,11.8,26
Detroit,2025-09-16 14:00:00+00:00,11.8,33
Detroit,2025-09-16 15:00:00+00:00,11.1,36
Detroit,2025-09-16 16:00:00+00:00,10.7,41
Detroit,2025-09-16 17:00:00+00:00,11.1,50
Detroit,2025-09-16 18:00:00+00:00,11.0,62
Detroit,2025-09-16 19:00:00+00:00,9.9,63
Detroit,2025-09-16 20:00:00+00:00,10.2,69
Detroit,2025-09-16 21:00:00+00:00,10.6,80
Detroit,2025-09-16 22:00:00+00:00,7.0,111
Detroit,2025-09-16 23:00:00+00:00,5.6,123
Detroit,2025-09-17 00:00:00+00:00,7.2,117
Detroit,2025-09-17 01:00:00+00:00,6.7,81
Detroit,2025-09-17 02:00:00+00:00,8.4,62
Detroit,2025-09-17 03:00:00+00:00,9.8,54
Detroit,2025-09-17 04:00:00+00:00,9.5,46
Detroit,2025-09-17 05:00:00+00:00,9.6,37
Detroit,2025-09-17 06:00:00+00:00,8.7,34
Detroit,2025-09-17 07:00:00+00:00,7.7,30
Detroit,2025-09-17 08:00:00+00:00,6.8,32
Detroit,2025-09-17 09:00:00+00:00,6.6,35
Detroit,2025-09-17 10:00:00+00:00,4.4,9
Detroit,2025-09-17 11:00:00+00:00,4.9,10
Detroit,2025-09-17 12:00:00+00:00,7.0,4
Detroit,2025-09-17 13:00:00+00:00,6.5,358
Detroit,2025-09-17 14:00:00+00:00,5.8,360
Detroit,2025-09-17 15:00:00+00:00,5.6,6
Detroit,2025-09-17 16:00:00+00:00,4.8,20
Detroit,2025-09-17 17:00:00+00:00,3.8,49
Detroit,2025-09-17 18:00:00+00:00,4.0,72
Detroit,2025-09-17 19:00:00+00:00,4.4,97
Detroit,2025-09-17 20:00:00+00:00,4.8,121
Detroit,2025-09-17 21:00:00+00:00,4.6,129
Detroit,2025-09-17 22:00:00+00:00,6.6,151
Detroit,2025-09-17 23:00:00+00:00,6.9,157
Detroit,2025-09-18 00:00:00+00:00,7.2,166
Detroit,2025-09-18 01:00:00+00:00,7.2,176
Detroit,2025-09-18 02:00:00+00:00,7.7,210
Detroit,2025-09-18 03:00:00+00:00,7.6,227
Detroit,2025-09-18 04:00:00+00:00,7.1,236
Detroit,2025-09-18 05:00:00+00:00,6.8,259
Detroit,2025-09-18 06:00:00+00:00,7.5,278
Detroit,2025-09-18 07:00:00+00:00,7.4,292
Detroit,2025-09-18 08:00:00+00:00,7.2,297
Detroit,2025-09-18 09:00:00+00:00,7.4,288
Detroit,2025-09-18 10:00:00+00:00,7.6,297
Detroit,2025-09-18 11:00:00+00:00,7.9,300
Detroit,2025-09-18 12:00:00+00:00,8.5,302
Detroit,2025-09-18 13:00:00+00:00,7.0,299
Detroit,2025-09-18 14:00:00+00:00,5.8,290
Detroit,2025-09-18 15:00:00+00:00,6.1,284
Detroit,2025-09-18 16:00:00+00:00,5.5,283
Detroit,2025-09-18 17:00:00+00:00,4.4,282
Detroit,2025-09-18 18:00:00+00:00,3.2,286
Detroit,2025-09-18 19:00:00+00:00,2.3,288
Detroit,2025-09-18 20:00:00+00:00,1.5,263
Detroit,2025-09-18 21:00:00+00:00,1.9,229
Detroit,2025-09-18 22:00:00+00:00,4.3,225
Detroit,2025-09-18 23:00:00+00:00,4.4,351
Detroit,2025-09-19 00:00:00+00:00,6.0,357
Detroit,2025-09-19 01:00:00+00:00,6.4,352
Detroit,2025-09-19 02:00:00+00:00,6.5,14
Detroit,2025-09-19 03:00:00+00:00,7.4,39
Detroit,2025-09-19 04:00:00+00:00,10.7,45
Detroit,2025-09-19 05:00:00+00:00,10.6,46
Detroit,2025-09-19 06:00:00+00:00,8.8,43
Detroit,2025-09-19 07:00:00+00:00,8.1,43
Detroit,2025-09-19 08:00:00+00:00,8.7,40
Detroit,2025-09-19 09:00:00+00:00,9.9,38
Detroit,2025-09-19 10:00:00+00:00,10.1,41
Detroit,2025-09-19 11:00:00+00:00,10.3,38
Detroit,2025-09-19 12:00:00+00:00,10.6,40
Detroit,2025-09-19 13:00:00+00:00,10.8,52
Detroit,2025-09-19 14:00:00+00:00,10.6,62
Detroit,2025-09-19 15:00:00+00:00,10.9,71
Detroit,2025-09-19 16:00:00+00:00,11.1,82
Detroit,2025-09-19 17:00:00+00:00,11.2,87
Detroit,2025-09-19 18:00:00+00:00,9.9,85
Detroit,2025-09-19 19:00:00+00:00,9.3,81
Detroit,2025-09-19 20:00:00+00:00,11.6,75
Detroit,2025-09-19 21:00:00+00:00,13.0,76
Detroit,2025-09-19 22:00:00+00:00,12.9,82
Detroit,2025-09-19 23:00:00+00:00,13.7,69
Detroit,2025-09-20 00:00:00+00:00,14.2,61
Detroit,2025-09-20 01:00:00+00:00,14.1,58
Detroit,2025-09-20 02:00:00+00:00,13.2,51
Detroit,2025-09-20 03:00:00+00:00,13.4,49
Detroit,2025-09-20 04:00:00+00:00,13.0,48
Detroit,2025-09-20 05:00:00+00:00,12.5,45
Detroit,2025-09-20 06:00:00+00:00,12.0,50
Detroit,2025-09-20 07:00:00+00:00,11.4,59
Detroit,2025-09-20 08:00:00+00:00,11.0,69
Detroit,2025-09-20 09:00:00+00:00,11.7,76
Detroit,2025-09-20 10:00:00+00:00,10.8,80
Detroit,2025-09-20 11:00:00+00:00,11.1,82
Detroit,2025-09-20 12:00:00+00:00,13.1,81
Detroit,2025-09-20 13:00:00+00:00,15.2,83
Detroit,2025-09-20 14:00:00+00:00,16.6,89
Detroit,2025-09-20 15:00:00+00:00,16.7,91
Detroit,2025-09-20 16:00:00+00:00,17.0,94
Detroit,2025-09-20 17:00:00+00:00,17.4,97
Detroit,2025-09-20 18:00:00+00:00,18.2,99
Detroit,2025-09-20 19:00:00+00:00,19.1,98
Detroit,2025-09-20 20:00:00+00:00,19.6,96
Detroit,2025-09-20 21:00:00+00:00,19.5,94
Detroit,2025-09-20 22:00:00+00:00,17.9,100
Detroit,2025-09-20 23:00:00+00:00,15.9,93
